"locality","locality_lat","locality_lon","location_ids","population_ids","species","n_model_records","n_populations","n_species","assigned_cru_cell_lat","assigned_cru_cell_lon","locality_to_cell_distance_km","max_abs_difference_temperature_C","max_abs_difference_precipitation_mm","mapping_evidence"
"-55.066700, -67.666700",-55.0667,-67.6667,"212","Aphrastura_spinicauda_-55.07_-67.67","Aphrastura_spinicauda",6,1,1,-55.25,-67.75,21.0578054385232,3.67431418624165e-10,4.40918057620365e-09,"CRU TS v4.09 cell reproducing stored first-month TMP and PRE"
"-54.730000, -68.200000",-54.73,-68.2,"131","Tachycineta_leucopyga_-54.73_-68.2","Tachycineta_leucopyga",2,1,1,-54.75,-68.25,3.90475684505725,3.67431418624165e-10,2.93945134899332e-09,"CRU TS v4.09 cell reproducing stored first-month TMP and PRE"
"-49.250000, 69.530000",-49.25,69.53,"22","Diomedea_exulans_-49.25_69.53","Diomedea_exulans",1,1,1,-49.25,69.75,15.968402440861,2.65136357313622e-10,0,"CRU TS v4.09 cell reproducing stored first-month TMP and PRE"
"-47.750000, -65.883300",-47.75,-65.8833,"223","Spheniscus_magellanicus_-47.75_-65.88","Spheniscus_magellanicus",2,1,1,-47.75,-65.75,9.96602411897454,1.02295061310542e-10,3.67431418624165e-10,"CRU TS v4.09 cell reproducing stored first-month TMP and PRE"
"-46.900000, 168.100000",-46.9,168.1,"166","Philesturnus_carunculatus_-46.9_168.1","Philesturnus_carunculatus",6,1,1,-46.75,168.25,20.2099250403672,4.69727368113126e-10,4.82421853575943e-08,"CRU TS v4.09 cell reproducing stored first-month TMP and PRE"
"-46.870000, 37.680000",-46.87,37.68,"95","Diomedea_exulans_-46.87_37.68","Diomedea_exulans",2,1,1,-46.75,37.75,14.3675514997122,3.67431418624165e-10,4.82421853575943e-08,"CRU TS v4.09 cell reproducing stored first-month TMP and PRE"
"-46.420000, 51.750000",-46.42,51.75,"21","Diomedea_exulans_-46.42_51.75","Diomedea_exulans",1,1,1,-46.25,51.75,18.9031636397008,3.67431418624165e-10,0,"CRU TS v4.09 cell reproducing stored first-month TMP and PRE"
"-41.050000, -62.800000",-41.05,-62.8,"91","Cyanoliseus_patagonus_-41.05_-62.8","Cyanoliseus_patagonus",2,1,1,-41.25,-62.75,22.6296270944509,1.46972567449666e-09,2.93945134899332e-09,"CRU TS v4.09 cell reproducing stored first-month TMP and PRE"
"-38.380000, 141.600000",-38.38,141.6,"228","Stipiturus_malachurus_-38.38_141.6","Stipiturus_malachurus",2,1,1,-38.25,141.75,19.4992592224761,7.34862837248329e-10,4.12109102398972e-09,"CRU TS v4.09 cell reproducing stored first-month TMP and PRE"
"-36.600000, 174.880000",-36.6,174.88,"117","Notiomystis_cincta_-36.6_174.88","Notiomystis_cincta",7,1,1,-36.75,174.75,20.3128530444912,2.20459028810183e-09,4.82421853575943e-08,"CRU TS v4.09 cell reproducing stored first-month TMP and PRE"
"-35.566700, -58.016700",-35.5667,-58.0167,"216","Sicalis_flaveola_-35.57_-58.02","Sicalis_flaveola",3,1,1,-35.75,-58.25,29.320738649455,2.93945134899332e-09,2.23632810048002e-08,"CRU TS v4.09 cell reproducing stored first-month TMP and PRE"
"-35.450000, 149.280000",-35.45,149.28,"178","Rhipidura_albiscapa_-35.45_149.28","Rhipidura_albiscapa",3,1,1,-35.25,149.25,22.4048373987751,1.46972567449666e-09,4.12109102398972e-09,"CRU TS v4.09 cell reproducing stored first-month TMP and PRE"
"-35.270000, 149.100000",-35.27,149.1,"74","Acanthiza_pusilla_-35.27_149.1","Acanthiza_pusilla",3,1,1,-35.25,149.25,13.7996732137524,1.02295061310542e-10,2.93945134899332e-09,"CRU TS v4.09 cell reproducing stored first-month TMP and PRE"
"-34.350000, 139.483300",-34.35,139.4833,"194","Malurus_lamberti_-34.35_139.48","Malurus_lamberti",4,1,1,-34.25,139.25,24.1435031343925,2.20459028810183e-09,2.93945134899332e-09,"CRU TS v4.09 cell reproducing stored first-month TMP and PRE"
"-34.350000, 139.500000",-34.35,139.5,"152","Malurus_splendens_-34.35_139.5","Malurus_splendens",6,1,1,-34.25,139.75,25.5149346829768,2.93945134899332e-09,4.12109102398972e-09,"CRU TS v4.09 cell reproducing stored first-month TMP and PRE"
"-34.330000, 139.030000",-34.33,139.03,"147","Malurus_splendens_-34.33_139.03","Malurus_splendens",6,1,1,-34.25,139.25,22.0821942524517,1.46972567449666e-09,4.40918057620365e-09,"CRU TS v4.09 cell reproducing stored first-month TMP and PRE"
"-32.633300, -69.366700",-32.6333,-69.3667,"218","Cistothorus_stellaris_-32.63_-69.37","Cistothorus_stellaris",3,1,1,-32.75,-69.25,16.9603564297804,2.65136357313622e-10,2.93945134899332e-09,"CRU TS v4.09 cell reproducing stored first-month TMP and PRE"
"-31.900000, 115.980000",-31.9,115.98,"145","Gymnorhina_tibicen_-31.9_115.98","Gymnorhina_tibicen",3,1,1,-31.75,115.75,27.3932549896458,1.46972567449666e-09,4.82421853575943e-08,"CRU TS v4.09 cell reproducing stored first-month TMP and PRE"
"-31.670000, -62.820000",-31.67,-62.82,"70","Myiopsitta_monachus_-31.67_-62.82","Myiopsitta_monachus",1,1,1,-31.75,-62.75,11.089580540953,1.46972567449666e-09,4.47265620096005e-08,"CRU TS v4.09 cell reproducing stored first-month TMP and PRE"
"-31.080000, 142.700000",-31.08,142.7,"132","Taeniopygia_guttata_-31.08_142.7","Taeniopygia_guttata",3,1,1,-31.25,142.75,19.4926181288435,7.34862837248329e-10,1.46972567449666e-09,"CRU TS v4.09 cell reproducing stored first-month TMP and PRE"
"-30.633300, -71.666700",-30.6333,-71.6667,"211","Aphrastura_spinicauda_-30.63_-71.67","Aphrastura_spinicauda",6,1,1,-30.75,-71.75,15.2260191036465,2.20459028810183e-09,4.40918057620365e-09,"CRU TS v4.09 cell reproducing stored first-month TMP and PRE"
"-28.050000, -64.250000",-28.05,-64.25,"210","Microspingus_torquatus_-28.05_-64.25","Microspingus_torquatus",3,1,1,-28.25,-64.25,22.2390160467065,4.40918057620365e-09,4.40918057620365e-09,"CRU TS v4.09 cell reproducing stored first-month TMP and PRE"
"-27.330000, 152.550000",-27.33,152.55,"148","Manorina_melanocephala_-27.33_152.55","Manorina_melanocephala",2,1,1,-27.25,152.75,21.6734293879546,2.20459028810183e-09,4.12109102398972e-09,"CRU TS v4.09 cell reproducing stored first-month TMP and PRE"
"-27.266700, 152.683300",-27.2667,152.6833,"220","Malurus_lamberti_-27.27_152.68","Malurus_lamberti",4,1,1,-27.25,152.75,6.84960680158078,2.93945134899332e-09,4.82421853575943e-08,"CRU TS v4.09 cell reproducing stored first-month TMP and PRE"
"-22.500000, -47.583300",-22.5,-47.5833,"233","Ardea_ibis_-22.5_-47.58","Ardea_ibis",1,1,1,-22.75,-47.75,32.6422015553556,1.46972567449666e-09,0,"CRU TS v4.09 cell reproducing stored first-month TMP and PRE"
"-17.370000, 125.750000",-17.37,125.75,"146","Malurus_melanocephalus_-17.37_125.75","Malurus_melanocephalus",8,1,1,-17.25,125.75,13.3434096280241,4.40918057620365e-09,4.12109102398972e-09,"CRU TS v4.09 cell reproducing stored first-month TMP and PRE"
"-15.950000, -47.930000",-15.95,-47.93,"62","Volatinia_jacarina_-15.95_-47.93","Volatinia_jacarina",1,1,1,-15.75,-47.75,29.4159014371428,1.46972567449666e-09,0,"CRU TS v4.09 cell reproducing stored first-month TMP and PRE"
"-15.930000, -47.930000",-15.93,-47.93,"137","Volatinia_jacarina_-15.93_-47.93","Volatinia_jacarina",3,1,1,-15.75,-47.75,27.7734234042407,1.46972567449666e-09,4.82421853575943e-08,"CRU TS v4.09 cell reproducing stored first-month TMP and PRE"
"-15.760000, -47.860000",-15.76,-47.86,"209","Furnarius_rufus_-15.76_-47.86","Furnarius_rufus",3,1,1,-15.75,-47.75,11.8243412143862,4.40918057620365e-09,2.93945134899332e-09,"CRU TS v4.09 cell reproducing stored first-month TMP and PRE"
"-15.550000, 128.000000",-15.55,128,"173","Poephila_acuticauda_-15.55_128","Poephila_acuticauda",3,1,1,-15.75,128.25,34.8009975046432,2.93945134899332e-09,2.93945134899332e-09,"CRU TS v4.09 cell reproducing stored first-month TMP and PRE"
"-15.370000, -75.200000",-15.37,-75.2,"181","Spheniscus_humboldti_-15.37_-75.2","Spheniscus_humboldti",1,1,1,-15.25,-75.25,14.380625609498,4.40918057620365e-09,1.58142055006749e-10,"CRU TS v4.09 cell reproducing stored first-month TMP and PRE"
"-0.370000, 36.080000",-0.37,36.08,"153","Melanerpes_formicivorus_-0.37_36.08","Melanerpes_formicivorus",3,1,1,-0.25,36.25,23.1379684758005,1.46972567449666e-09,4.82421853575943e-08,"CRU TS v4.09 cell reproducing stored first-month TMP and PRE"
"-0.350000, -78.150000",-0.35,-78.15,"63","Zonotrichia_capensis_-0.35_-78.15","Zonotrichia_capensis",1,1,1,-0.25,-78.25,15.7252502761949,7.34862837248329e-10,2.93945134899332e-09,"CRU TS v4.09 cell reproducing stored first-month TMP and PRE"
"9.120000, -79.700000",9.12,-79.7,"134","Turdus_grayi_9.12_-79.7","Turdus_grayi",2,1,1,9.25,-79.75,15.4622347956597,1.46972567449666e-09,2.93945134899332e-09,"CRU TS v4.09 cell reproducing stored first-month TMP and PRE"
"9.170000, -79.850000",9.17,-79.85,"190","Tachycineta_albilinea_9.17_-79.85","Tachycineta_albilinea",1,1,1,9.25,-79.75,14.128264639811,4.40918057620365e-09,1.75781167399691e-09,"CRU TS v4.09 cell reproducing stored first-month TMP and PRE"
"10.670000, -85.500000",10.67,-85.5,"133","Thryophilus_pleurostictus_10.67_-85.5","Thryophilus_pleurostictus",4,1,1,10.75,-85.25,28.7265550763593,2.93945134899332e-09,2.93945134899332e-09,"CRU TS v4.09 cell reproducing stored first-month TMP and PRE"
"21.600000, 51.533300",21.6,51.5333,"208","Acrocephalus_scirpaceus_21.6_51.53","Acrocephalus_scirpaceus",6,1,1,21.75,51.75,27.9214911631309,2.93945134899332e-09,3.16284110013498e-10,"CRU TS v4.09 cell reproducing stored first-month TMP and PRE"
"23.650000, 107.066700",23.65,107.0667,"225","Prinia_flaviventris_23.65_107.07","Prinia_flaviventris",1,1,1,23.75,107.25,21.7245054057408,1.46972567449666e-09,3.51562334799382e-09,"CRU TS v4.09 cell reproducing stored first-month TMP and PRE"
"28.420000, 16.380000",28.42,16.38,"55","Cyanistes_caeruleus_28.42_16.38","Cyanistes_caeruleus",1,1,1,28.25,16.25,22.7862896888266,1.46972567449666e-09,0,"CRU TS v4.09 cell reproducing stored first-month TMP and PRE"
"31.920000, -109.250000",31.92,-109.25,"142","Aphelocoma_wollweberi_31.92_-109.25","Aphelocoma_wollweberi",6,1,1,31.75,-109.25,18.9031636397008,7.34862837248329e-10,2.93945134899332e-09,"CRU TS v4.09 cell reproducing stored first-month TMP and PRE"
"34.570000, 135.530000",34.57,135.53,"42","Lanius_bucephalus_34.57_135.53","Lanius_bucephalus",1,1,1,34.75,135.75,28.3811387511423,4.69727368113126e-10,2.23632810048002e-08,"CRU TS v4.09 cell reproducing stored first-month TMP and PRE"
"34.740000, -98.670000",34.74,-98.67,"196","Tyrannus_forficatus_34.74_-98.67","Tyrannus_forficatus",7,1,1,34.75,-98.75,7.39358362654697,2.93945134899332e-09,2.58789043527941e-08,"CRU TS v4.09 cell reproducing stored first-month TMP and PRE"
"35.000000, -83.000000",35,-83,"155","Passer_domesticus_35_-83","Passer_domesticus",3,1,1,34.75,-82.75,35.9567774767207,7.34862837248329e-10,4.82421853575943e-08,"CRU TS v4.09 cell reproducing stored first-month TMP and PRE"
"35.220000, 139.880000",35.22,139.88,"110","Hirundo_rustica_35.22_139.88","Hirundo_rustica",2,1,1,35.25,139.75,12.2692250206343,2.20459028810183e-09,4.82421853575943e-08,"CRU TS v4.09 cell reproducing stored first-month TMP and PRE"
"35.650000, -118.030000",35.65,-118.03,"99","Empidonax_traillii_35.65_-118.03","Empidonax_traillii",6,1,1,35.75,-118.25,22.7661659065589,1.46972567449666e-09,2.93945134899332e-09,"CRU TS v4.09 cell reproducing stored first-month TMP and PRE"
"35.700000, -83.200000",35.7,-83.2,"130","Passer_domesticus_35.7_-83.2","Passer_domesticus",2,1,1,35.75,-83.25,7.16122632461139,2.65137245492042e-10,2.58789043527941e-08,"CRU TS v4.09 cell reproducing stored first-month TMP and PRE"
"35.880000, -106.030000",35.88,-106.03,"150","Sialia_mexicana_35.88_-106.03","Sialia_mexicana",3,1,1,35.75,-106.25,24.5453245145152,1.46972567449666e-09,7.34862837248329e-10,"CRU TS v4.09 cell reproducing stored first-month TMP and PRE"
"35.880000, -79.020000",35.88,-79.02,"161","Passerina_cyanea_35.88_-79.02","Passerina_cyanea",1,1,1,35.75,-79.25,25.2796385373457,4.40918057620365e-09,2.36327934999281e-09,"CRU TS v4.09 cell reproducing stored first-month TMP and PRE"
"36.370000, -121.550000",36.37,-121.55,"111","Icterus_galbula_36.37_-121.55","Icterus_galbula",2,1,1,36.25,-121.75,22.3427746185937,2.20459028810183e-09,3.51565176970325e-09,"CRU TS v4.09 cell reproducing stored first-month TMP and PRE"
"36.710000, -112.220000",36.71,-112.22,"154","Astur_gentilis_36.71_-112.22","Astur_gentilis",3,1,1,36.75,-112.25,5.18949718220261,1.46972567449666e-09,1.58142166029052e-10,"CRU TS v4.09 cell reproducing stored first-month TMP and PRE"
"36.920000, -25.170000",36.92,-25.17,"86","Calonectris_diomedea_36.92_-25.17","Calonectris_diomedea",1,1,1,36.75,-25.25,20.1995077886216,2.20459028810183e-09,4.82421853575943e-08,"CRU TS v4.09 cell reproducing stored first-month TMP and PRE"
"37.000000, -3.000000",37,-3,"60","Upupa_epops_37_-3","Upupa_epops",1,1,1,36.75,-2.75,35.5988341581883,1.46972567449666e-09,2.93945134899332e-09,"CRU TS v4.09 cell reproducing stored first-month TMP and PRE"
"37.120000, 138.020000",37.12,138.02,"109","Hirundo_rustica_37.12_138.02","Hirundo_rustica",2,1,1,37.25,138.25,24.9821003475024,2.65137245492042e-10,2.36327934999281e-09,"CRU TS v4.09 cell reproducing stored first-month TMP and PRE"
"37.170000, -6.350000",37.17,-6.35,"26","Falco_naumanni_37.17_-6.35","Falco_naumanni",1,1,1,37.25,-6.25,12.5522031245666,1.46972567449666e-09,2.36327934999281e-09,"CRU TS v4.09 cell reproducing stored first-month TMP and PRE"
"37.220000, -80.420000",37.22,-80.42,"108","Hirundo_rustica_37.22_-80.42","Hirundo_rustica",2,1,1,37.25,-80.25,15.415215351041,2.20459028810183e-09,2.93945134899332e-09,"CRU TS v4.09 cell reproducing stored first-month TMP and PRE"
"37.300000, -3.180000",37.3,-3.18,"89","Coracias_garrulus_37.3_-3.18","Coracias_garrulus",5,1,1,37.25,-3.25,8.32306341218847,2.20459028810183e-09,4.12109102398972e-09,"CRU TS v4.09 cell reproducing stored first-month TMP and PRE"
"37.530000, 127.030000",37.53,127.03,"119","Suthora_webbiana_37.53_127.03","Suthora_webbiana",2,1,1,37.75,127.25,31.2038428971357,1.46972567449666e-09,1.75781167399691e-09,"CRU TS v4.09 cell reproducing stored first-month TMP and PRE"
"37.620000, -84.120000",37.62,-84.12,"44","Megascops_asio_37.62_-84.12","Megascops_asio",1,1,1,37.75,-84.25,18.4343377840012,1.02295061310542e-10,4.82421853575943e-08,"CRU TS v4.09 cell reproducing stored first-month TMP and PRE"
"37.650000, -84.120000",37.65,-84.12,"10","Cardinalis_cardinalis_37.65_-84.12","Cardinalis_cardinalis",1,1,1,37.75,-84.25,15.9517382161441,2.20459028810183e-09,4.12109102398972e-09,"CRU TS v4.09 cell reproducing stored first-month TMP and PRE"
"38.000000, 24.980000",38,24.98,"25","Falco_eleonorae_38_24.98","Falco_eleonorae",1,1,1,37.75,24.75,34.3556074088963,1.46972567449666e-09,0,"CRU TS v4.09 cell reproducing stored first-month TMP and PRE"
"38.570000, -119.030000",38.57,-119.03,"138","Zonotrichia_leucophrys_38.57_-119.03","Zonotrichia_leucophrys",3,1,1,38.75,-119.25,27.6676849188262,1.46972567449666e-09,4.12109102398972e-09,"CRU TS v4.09 cell reproducing stored first-month TMP and PRE"
"38.830000, -6.980000",38.83,-6.98,"39","Hirundo_rustica_38.83_-6.98","Hirundo_rustica",1,1,1,38.75,-6.75,21.8290228562916,0,0,"CRU TS v4.09 cell reproducing stored first-month TMP and PRE"
"39.080000, -96.580000",39.08,-96.58,"82","Bartramia_longicauda_39.08_-96.58","Bartramia_longicauda",5,1,1,39.25,-96.75,23.9193060190427,2.93945134899332e-09,4.47265620096005e-08,"CRU TS v4.09 cell reproducing stored first-month TMP and PRE"
"39.231100, -75.981900",39.2311,-75.9819,"200","Ammodramus_savannarum_39.23_-75.98","Ammodramus_savannarum",5,1,1,39.25,-75.75,20.0815523902972,2.20459028810183e-09,2.58789043527941e-08,"CRU TS v4.09 cell reproducing stored first-month TMP and PRE"
"39.400000, 141.990000",39.4,141.99,"215","Calonectris_leucomelas_39.4_141.99","Calonectris_leucomelas",3,1,1,39.25,141.75,26.5399649677875,3.67431418624165e-10,4.47265620096005e-08,"CRU TS v4.09 cell reproducing stored first-month TMP and PRE"
"39.550000, -4.330000",39.55,-4.33,"51","Parus_major_39.55_-4.33","Parus_major",1,1,1,39.75,-4.25,23.2698444475961,1.46972567449666e-09,4.12109102398972e-09,"CRU TS v4.09 cell reproducing stored first-month TMP and PRE"
"40.000000, -3.000000",40,-3,"213","Ficedula_hypoleuca_40_-3","Ficedula_hypoleuca",5,1,1,39.75,-2.75,35.041543274807,1.46972567449666e-09,4.40918057620365e-09,"CRU TS v4.09 cell reproducing stored first-month TMP and PRE"
"40.020000, 122.930000",40.02,122.93,"127","Sittiparus_varius_40.02_122.93","Sittiparus_varius",3,1,1,40.25,122.75,29.8031447361649,7.90710830145258e-11,2.93945134899332e-09,"CRU TS v4.09 cell reproducing stored first-month TMP and PRE"
"40.500000, -4.000000",40.5,-4,"185","Sturnus_unicolor_40.5_-4","Sturnus_unicolor",2,1,1,40.25,-3.75,34.9465809156409,1.46972567449666e-09,0,"CRU TS v4.09 cell reproducing stored first-month TMP and PRE"
"40.630000, -8.680000",40.63,-8.68,"115","Locustella_luscinioides_40.63_-8.68","Locustella_luscinioides",6,1,1,40.75,-8.75,14.5903893523582,2.20459028810183e-09,4.82421853575943e-08,"CRU TS v4.09 cell reproducing stored first-month TMP and PRE"
"40.750000, -3.783300",40.75,-3.7833,"195","Malurus_lamberti_40.75_-3.78; Sturnus_unicolor_40.75_-3.78","Malurus_lamberti; Sturnus_unicolor",3,2,2,40.75,-3.75,2.80510870722688,3.67431418624165e-10,4.12109102398972e-09,"CRU TS v4.09 cell reproducing stored first-month TMP and PRE"
"40.800000, -4.020000",40.8,-4.02,"29","Ficedula_hypoleuca_40.8_-4.02","Ficedula_hypoleuca",3,1,1,40.75,-4.25,20.1495504345089,2.20459028810183e-09,2.93945134899332e-09,"CRU TS v4.09 cell reproducing stored first-month TMP and PRE"
"40.900000, -4.016700",40.9,-4.0167,"199","Cyanistes_caeruleus_40.9_-4.02","Cyanistes_caeruleus",1,1,1,40.75,-4.25,25.7594729408775,0,1.1816396749964e-09,"CRU TS v4.09 cell reproducing stored first-month TMP and PRE"
"40.980000, -124.000000",40.98,-124,"90","Cyanocitta_stelleri_40.98_-124","Cyanocitta_stelleri",3,1,1,40.75,-123.75,33.1064112544903,3.67431418624165e-10,4.12109102398972e-09,"CRU TS v4.09 cell reproducing stored first-month TMP and PRE"
"41.070000, -3.450000",41.07,-3.45,"105","Ficedula_hypoleuca_41.07_-3.45","Ficedula_hypoleuca",2,1,1,41.25,-3.25,26.0947950491417,4.69727368113126e-10,0,"CRU TS v4.09 cell reproducing stored first-month TMP and PRE"
"41.350000, -0.180000",41.35,-0.18,"27","Falco_naumanni_41.35_-0.18","Falco_naumanni",1,1,1,41.25,-0.25,12.5633448976924,0,1.1816396749964e-09,"CRU TS v4.09 cell reproducing stored first-month TMP and PRE"
"41.380000, 2.150000",41.38,2.15,"57","Passer_domesticus_41.38_2.15","Passer_domesticus",1,1,1,41.25,2.25,16.6945899247307,7.34862837248329e-10,4.40918057620365e-09,"CRU TS v4.09 cell reproducing stored first-month TMP and PRE"
"41.390000, 2.170000",41.39,2.17,"205","Myiopsitta_monachus_41.39_2.17","Myiopsitta_monachus",2,1,1,41.25,2.25,16.9403521246853,7.34862837248329e-10,4.12109102398972e-09,"CRU TS v4.09 cell reproducing stored first-month TMP and PRE"
"41.770000, -79.930000",41.77,-79.93,"100","Empidonax_virescens_41.77_-79.93; Hylocichla_mustelina_41.77_-79.93; Setophaga_ruticilla_41.77_-79.93","Empidonax_virescens; Hylocichla_mustelina; Setophaga_ruticilla",9,3,3,41.75,-79.75,15.0948155836406,7.34862837248329e-10,4.82421853575943e-08,"CRU TS v4.09 cell reproducing stored first-month TMP and PRE"
"42.270000, -83.730000",42.27,-83.73,"12","Haemorhous_mexicanus_42.27_-83.73","Haemorhous_mexicanus",1,1,1,42.25,-83.75,2.76672408906381,0,1.46972567449666e-09,"CRU TS v4.09 cell reproducing stored first-month TMP and PRE"
"42.350000, -76.500000",42.35,-76.5,"40","Hirundo_rustica_42.35_-76.5","Hirundo_rustica",1,1,1,42.25,-76.25,23.3750017349728,2.20459028810183e-09,4.82421853575943e-08,"CRU TS v4.09 cell reproducing stored first-month TMP and PRE"
"42.468600, -76.449200",42.4686,-76.4492,"231","Troglodytes_aedon_42.47_-76.45","Troglodytes_aedon",1,1,1,42.25,-76.25,29.304160588982,2.65137245492042e-10,2.93945134899332e-09,"CRU TS v4.09 cell reproducing stored first-month TMP and PRE"
"42.520000, 8.770000",42.52,8.77,"120","Cyanistes_caeruleus_42.52_8.77","Cyanistes_caeruleus",2,1,1,42.75,8.75,25.6271470607312,4.40918057620365e-09,2.93945134899332e-09,"CRU TS v4.09 cell reproducing stored first-month TMP and PRE"
"42.670000, 141.600000",42.67,141.6,"126","Parus_major_42.67_141.6","Parus_major",2,1,1,42.75,141.75,15.1439017694197,2.20459028810183e-09,0,"CRU TS v4.09 cell reproducing stored first-month TMP and PRE"
"43.000000, -119.000000",43,-119,"136","Tyrannus_tyrannus_43_-119","Tyrannus_tyrannus",3,1,1,42.75,-118.75,34.464318185341,1.46972567449666e-09,2.93945134899332e-09,"CRU TS v4.09 cell reproducing stored first-month TMP and PRE"
"43.000000, -84.000000",43,-84,"83","Branta_canadensis_43_-84","Branta_canadensis",3,1,1,42.75,-83.75,34.464318185341,3.67431418624165e-10,4.12109102398972e-09,"CRU TS v4.09 cell reproducing stored first-month TMP and PRE"
"43.160000, -124.410000",43.16,-124.41,"139","Zonotrichia_leucophrys_43.16_-124.41","Zonotrichia_leucophrys",3,1,1,43.25,-124.25,16.3806147271908,1.46972567449666e-09,4.47265620096005e-08,"CRU TS v4.09 cell reproducing stored first-month TMP and PRE"
"43.530000, -80.230000",43.53,-80.23,"11","Spinus_tristis_43.53_-80.23","Spinus_tristis",1,1,1,43.75,-80.25,24.5158019985734,2.20459028810183e-09,4.12109102398972e-09,"CRU TS v4.09 cell reproducing stored first-month TMP and PRE"
"43.660000, 3.670000",43.66,3.67,"121","Cyanistes_caeruleus_43.66_3.67","Cyanistes_caeruleus",2,1,1,43.75,3.75,11.8955875257892,2.20459028810183e-09,2.93945134899332e-09,"CRU TS v4.09 cell reproducing stored first-month TMP and PRE"
"44.570000, -76.320000",44.57,-76.32,"61","Tachycineta_bicolor_44.57_-76.32; Vermivora_chrysoptera_44.57_-76.32","Tachycineta_bicolor; Vermivora_chrysoptera",2,2,2,44.75,-76.25,20.7667249341325,2.65136357313622e-10,0,"CRU TS v4.09 cell reproducing stored first-month TMP and PRE"
"44.580000, -66.770000",44.58,-66.77,"160","Tachycineta_bicolor_44.58_-66.77","Tachycineta_bicolor",1,1,1,44.75,-66.75,18.9692217521503,0,4.12109102398972e-09,"CRU TS v4.09 cell reproducing stored first-month TMP and PRE"
"44.616700, -63.566700",44.6167,-63.5667,"207","Sturnus_vulgaris_44.62_-63.57","Sturnus_vulgaris",4,1,1,44.75,-63.75,20.7294534862406,3.67431418624165e-10,4.82421853575943e-08,"CRU TS v4.09 cell reproducing stored first-month TMP and PRE"
"44.700000, -76.200000",44.7,-76.2,"191","Tachycineta_bicolor_44.7_-76.2","Tachycineta_bicolor",2,1,1,44.75,-76.25,6.82016508832631,2.93945134899332e-09,2.93945134899332e-09,"CRU TS v4.09 cell reproducing stored first-month TMP and PRE"
"44.750000, -63.680000",44.75,-63.68,"45","Melospiza_melodia_44.75_-63.68","Melospiza_melodia",1,1,1,44.75,-63.75,5.52783821722231,1.02295061310542e-10,4.47265620096005e-08,"CRU TS v4.09 cell reproducing stored first-month TMP and PRE"
"45.070000, -67.030000",45.07,-67.03,"180","Setophaga_ruticilla_45.07_-67.03","Setophaga_ruticilla",3,1,1,45.25,-67.25,26.4225220209739,1.46972567449666e-09,3.51562334799382e-09,"CRU TS v4.09 cell reproducing stored first-month TMP and PRE"
"45.430000, 8.620000",45.43,8.62,"38","Hirundo_rustica_45.43_8.62","Hirundo_rustica",1,1,1,45.25,8.75,22.4464520851994,7.34862837248329e-10,1.46972567449666e-09,"CRU TS v4.09 cell reproducing stored first-month TMP and PRE"
"46.000000, 6.000000",46,6,"184","Strix_aluco_46_6","Strix_aluco",1,1,1,45.75,6.25,33.8726287919368,7.90710275033746e-11,4.82421853575943e-08,"CRU TS v4.09 cell reproducing stored first-month TMP and PRE"
"46.250000, 20.130000",46.25,20.13,"159","Passer_montanus_46.25_20.13","Passer_montanus",1,1,1,46.25,20.25,9.22714108642393,2.65136357313622e-10,2.93945134899332e-09,"CRU TS v4.09 cell reproducing stored first-month TMP and PRE"
"46.330000, 7.670000",46.33,7.67,"59","Upupa_epops_46.33_7.67","Upupa_epops",1,1,1,46.25,7.75,10.8128007507282,7.90710275033746e-11,0,"CRU TS v4.09 cell reproducing stored first-month TMP and PRE"
"46.910000, 23.910000",46.91,23.91,"203","Rallus_aquaticus_46.91_23.91","Rallus_aquaticus",1,1,1,46.75,23.75,21.5566126621221,7.34862837248329e-10,4.12109102398972e-09,"CRU TS v4.09 cell reproducing stored first-month TMP and PRE"
"47.000000, 8.000000",47,8,"98","Emberiza_schoeniclus_47_8","Emberiza_schoeniclus",4,1,1,46.75,8.25,33.6731903257084,4.90116114360006e-10,2.93945134899332e-09,"CRU TS v4.09 cell reproducing stored first-month TMP and PRE"
"47.991900, 17.336700",47.9919,17.3367,"217","Alcedo_atthis_47.99_17.34","Alcedo_atthis",3,1,1,47.75,17.25,27.6645691490809,2.65137245492042e-10,4.40918057620365e-09,"CRU TS v4.09 cell reproducing stored first-month TMP and PRE"
"48.133300, 10.883300",48.1333,10.8833,"206","Cyanistes_caeruleus_48.13_10.88","Cyanistes_caeruleus",1,1,1,48.25,10.75,16.3102958298962,3.67431418624165e-10,0,"CRU TS v4.09 cell reproducing stored first-month TMP and PRE"
"48.170000, 16.300000",48.17,16.3,"156","Passer_domesticus_48.17_16.3","Passer_domesticus",1,1,1,48.25,16.25,9.63634126761029,3.67431418624165e-10,1.46972567449666e-09,"CRU TS v4.09 cell reproducing stored first-month TMP and PRE"
"48.300000, 21.080000",48.3,21.08,"179","Riparia_riparia_48.3_21.08","Riparia_riparia",1,1,1,48.25,21.25,13.7548251917748,0,2.93945134899332e-09,"CRU TS v4.09 cell reproducing stored first-month TMP and PRE"
"48.620000, -99.080000",48.62,-99.08,"7","Mareca_strepera_48.62_-99.08","Mareca_strepera",1,1,1,48.75,-99.25,19.0972088458469,2.04590122621084e-10,2.20459028810183e-09,"CRU TS v4.09 cell reproducing stored first-month TMP and PRE"
"48.680000, -113.720000",48.68,-113.72,"114","Lagopus_leucura_48.68_-113.72","Lagopus_leucura",3,1,1,48.75,-113.75,8.08886552496357,4.69727368113126e-10,4.82421853575943e-08,"CRU TS v4.09 cell reproducing stored first-month TMP and PRE"
"48.920000, 17.080000",48.92,17.08,"43","Chroicocephalus_ridibundus_48.92_17.08","Chroicocephalus_ridibundus",1,1,1,48.75,17.25,22.6306841136271,0,2.93945134899332e-09,"CRU TS v4.09 cell reproducing stored first-month TMP and PRE"
"49.150000, 14.720000",49.15,14.72,"6","Anas_platyrhynchos_49.15_14.72","Anas_platyrhynchos",1,1,1,49.25,14.75,11.3311344845457,2.65137245492042e-10,2.93945134899332e-09,"CRU TS v4.09 cell reproducing stored first-month TMP and PRE"
"49.500000, 8.170000",49.5,8.17,"118","Oenanthe_oenanthe_49.5_8.17","Oenanthe_oenanthe",2,1,1,49.25,8.25,28.395745288487,7.34862837248329e-10,2.93945134899332e-09,"CRU TS v4.09 cell reproducing stored first-month TMP and PRE"
"49.670000, 10.850000",49.67,10.85,"76","Acrocephalus_arundinaceus_49.67_10.85","Acrocephalus_arundinaceus",5,1,1,49.75,10.75,11.4383175728598,7.34862837248329e-10,4.12109102398972e-09,"CRU TS v4.09 cell reproducing stored first-month TMP and PRE"
"50.100000, 20.400000",50.1,20.4,"103","Ficedula_albicollis_50.1_20.4","Ficedula_albicollis",4,1,1,50.25,20.25,19.8067078885635,7.34862837248329e-10,2.93945134899332e-09,"CRU TS v4.09 cell reproducing stored first-month TMP and PRE"
"51.000000, -4.000000",51,-4,"129","Passer_domesticus_51_-4","Passer_domesticus",2,1,1,50.75,-3.75,32.8705057300517,2.65137245492042e-10,2.93945134899332e-09,"CRU TS v4.09 cell reproducing stored first-month TMP and PRE"
"51.250000, 4.470000",51.25,4.47,"122","Cyanistes_caeruleus_51.25_4.47","Cyanistes_caeruleus",4,1,1,51.25,4.25,15.3119086350084,4.69727368113126e-10,4.40918057620365e-09,"CRU TS v4.09 cell reproducing stored first-month TMP and PRE"
"51.420000, 7.650000",51.42,7.65,"125","Parus_major_51.42_7.65","Parus_major",2,1,1,51.25,7.75,20.1393004672593,3.67431418624165e-10,4.12109102398972e-09,"CRU TS v4.09 cell reproducing stored first-month TMP and PRE"
"51.450000, -0.550000",51.45,-0.55,"79","Acrocephalus_schoenobaenus_51.45_-0.55","Acrocephalus_schoenobaenus",6,1,1,51.25,-0.75,26.2201149437837,1.46972567449666e-09,2.93945134899332e-09,"CRU TS v4.09 cell reproducing stored first-month TMP and PRE"
"51.730000, 18.630000",51.73,18.63,"16","Chlidonias_hybrida_51.73_18.63","Chlidonias_hybrida",1,1,1,51.75,18.75,8.55670219426679,7.34862837248329e-10,2.93945134899332e-09,"CRU TS v4.09 cell reproducing stored first-month TMP and PRE"
"51.750000, 4.750000",51.75,4.75,"97","Emberiza_schoeniclus_51.75_4.75","Emberiza_schoeniclus",2,1,1,51.75,4.75,0,2.65136357313622e-10,1.46972567449666e-09,"CRU TS v4.09 cell reproducing stored first-month TMP and PRE"
"51.900000, 11.000000",51.9,11,"112","Jynx_torquilla_51.9_11","Jynx_torquilla",3,1,1,51.75,11.25,23.9457520732715,0,4.12109102398972e-09,"CRU TS v4.09 cell reproducing stored first-month TMP and PRE"
"52.030000, 5.850000",52.03,5.85,"35","Ficedula_hypoleuca_52.03_5.85","Ficedula_hypoleuca",1,1,1,52.25,5.75,25.3969826304722,7.34862837248329e-10,2.93945134899332e-09,"CRU TS v4.09 cell reproducing stored first-month TMP and PRE"
"52.150000, 10.320000",52.15,10.32,"54","Parus_major_52.15_10.32","Parus_major",1,1,1,52.25,10.25,12.0996939898989,0,1.75781167399691e-09,"CRU TS v4.09 cell reproducing stored first-month TMP and PRE"
"52.330000, 11.000000",52.33,11,"48","Periparus_ater_52.33_11","Periparus_ater",1,1,1,52.25,11.25,19.1898815583832,2.20459028810183e-09,1.46972567449666e-09,"CRU TS v4.09 cell reproducing stored first-month TMP and PRE"
"52.370000, 11.020000",52.37,11.02,"52","Parus_major_52.37_11.02","Parus_major",1,1,1,52.25,11.25,20.5556883797689,2.20459028810183e-09,1.46972567449666e-09,"CRU TS v4.09 cell reproducing stored first-month TMP and PRE"
"52.383300, -1.566700",52.3833,-1.5667,"219","Aegithalos_caudatus_52.38_-1.57","Aegithalos_caudatus",20,1,1,52.25,-1.75,19.3633457243563,1.46972567449666e-09,4.82421853575943e-08,"CRU TS v4.09 cell reproducing stored first-month TMP and PRE"
"52.450000, 7.250000",52.45,7.25,"104","Ficedula_hypoleuca_52.45_7.25; Periparus_ater_52.45_7.25","Ficedula_hypoleuca; Periparus_ater",6,2,2,52.25,7.25,22.2390160467069,2.20459028810183e-09,4.12109102398972e-09,"CRU TS v4.09 cell reproducing stored first-month TMP and PRE"
"52.630000, -0.270000",52.63,-0.27,"226","Gallinula_chloropus_52.63_-0.27","Gallinula_chloropus",2,1,1,52.75,-0.25,13.411323285668,3.67431418624165e-10,2.93945134899332e-09,"CRU TS v4.09 cell reproducing stored first-month TMP and PRE"
"52.770000, -4.780000",52.77,-4.78,"46","Oenanthe_oenanthe_52.77_-4.78","Oenanthe_oenanthe",1,1,1,52.75,-4.75,3.00348460007546,1.02295061310542e-10,4.12109102398972e-09,"CRU TS v4.09 cell reproducing stored first-month TMP and PRE"
"53.000000, -123.000000",53,-123,"193","Tachycineta_bicolor_53_-123","Tachycineta_bicolor",1,1,1,52.75,-122.75,32.4695798969489,2.65137245492042e-10,2.93945134899332e-09,"CRU TS v4.09 cell reproducing stored first-month TMP and PRE"
"53.070000, -0.950000",53.07,-0.95,"56","Passer_domesticus_53.07_-0.95","Passer_domesticus",6,1,1,53.25,-0.75,24.050002685092,3.67431418624165e-10,4.12109102398972e-09,"CRU TS v4.09 cell reproducing stored first-month TMP and PRE"
"53.130000, 6.580000",53.13,6.58,"50","Cyanistes_caeruleus_53.13_6.58","Cyanistes_caeruleus",1,1,1,53.25,6.75,17.5021819222433,1.02295061310542e-10,2.93945134899332e-09,"CRU TS v4.09 cell reproducing stored first-month TMP and PRE"
"53.330000, 22.670000",53.33,22.67,"140","Acrocephalus_paludicola_53.33_22.67","Acrocephalus_paludicola",3,1,1,53.25,22.75,10.3637543811606,7.34862837248329e-10,2.93945134899332e-09,"CRU TS v4.09 cell reproducing stored first-month TMP and PRE"
"53.520000, 8.080000",53.52,8.08,"183","Sterna_hirundo_53.52_8.08","Sterna_hirundo",1,1,1,53.75,8.25,27.9230448636324,2.65137245492042e-10,4.12109102398972e-09,"CRU TS v4.09 cell reproducing stored first-month TMP and PRE"
"54.750000, -3.020000",54.75,-3.02,"80","Actitis_hypoleucos_54.75_-3.02","Actitis_hypoleucos",2,1,1,54.75,-3.25,14.7604057045143,4.69727368113126e-10,4.82421853575943e-08,"CRU TS v4.09 cell reproducing stored first-month TMP and PRE"
"55.670000, 12.570000",55.67,12.57,"53","Parus_major_55.67_12.57","Parus_major",1,1,1,55.75,12.75,14.3625624729633,1.02295061310542e-10,1.1816396749964e-09,"CRU TS v4.09 cell reproducing stored first-month TMP and PRE"
"56.350000, 84.933300",56.35,84.9333,"202","Ficedula_hypoleuca_56.35_84.93","Ficedula_hypoleuca",1,1,1,56.25,84.75,15.8598141366488,3.16284332058103e-10,2.93945134899332e-09,"CRU TS v4.09 cell reproducing stored first-month TMP and PRE"
"56.500000, 10.830000",56.5,10.83,"87","Linaria_cannabina_56.5_10.83","Linaria_cannabina",2,1,1,56.25,10.75,28.231837547382,3.67431418624165e-10,1.1816396749964e-09,"CRU TS v4.09 cell reproducing stored first-month TMP and PRE"
"56.920000, 18.120000",56.92,18.12,"169","Phylloscopus_trochilus_56.92_18.12","Phylloscopus_trochilus",2,1,1,56.75,18.25,20.4905597289185,1.02295061310542e-10,4.12109102398972e-09,"CRU TS v4.09 cell reproducing stored first-month TMP and PRE"
"57.050000, 18.283300",57.05,18.2833,"201","Cyanistes_caeruleus_57.05_18.28","Cyanistes_caeruleus",8,1,1,57.25,18.25,22.3295337157913,3.67431418624165e-10,4.40918057620365e-09,"CRU TS v4.09 cell reproducing stored first-month TMP and PRE"
"57.170000, 18.330000",57.17,18.33,"28","Ficedula_albicollis_57.17_18.33","Ficedula_albicollis",1,1,1,57.25,18.25,10.1163362305353,0,1.46972567449666e-09,"CRU TS v4.09 cell reproducing stored first-month TMP and PRE"
"57.280000, 18.750000",57.28,18.75,"84","Branta_leucopsis_57.28_18.75","Branta_leucopsis",3,1,1,57.25,18.75,3.33585240700611,7.34862837248329e-10,1.46972567449666e-09,"CRU TS v4.09 cell reproducing stored first-month TMP and PRE"
"58.670000, -94.420000",58.67,-94.42,"20","Setophaga_aestiva_58.67_-94.42","Setophaga_aestiva",1,1,1,58.75,-94.25,13.2483791873513,1.58142055006749e-10,0,"CRU TS v4.09 cell reproducing stored first-month TMP and PRE"
"58.750000, -95.070000",58.75,-95.07,"88","Charadrius_semipalmatus_58.75_-95.07","Charadrius_semipalmatus",2,1,1,58.75,-95.25,10.3833030107439,2.65137245492042e-10,2.93945134899332e-09,"CRU TS v4.09 cell reproducing stored first-month TMP and PRE"
"58.870000, 9.600000",58.87,9.6,"123","Cyanistes_caeruleus_58.87_9.6; Parus_major_58.87_9.6","Cyanistes_caeruleus; Parus_major",7,2,2,58.75,9.75,15.8952256890575,3.67431418624165e-10,2.36327934999281e-09,"CRU TS v4.09 cell reproducing stored first-month TMP and PRE"
"59.100000, 15.250000",59.1,15.25,"77","Acrocephalus_arundinaceus_59.1_15.25","Acrocephalus_arundinaceus",5,1,1,59.25,15.25,16.6792620350298,1.46972567449666e-09,4.12109102398972e-09,"CRU TS v4.09 cell reproducing stored first-month TMP and PRE"
"59.170000, 15.420000",59.17,15.42,"78","Acrocephalus_schoenobaenus_59.17_15.42","Acrocephalus_schoenobaenus",3,1,1,59.25,15.25,13.1439818546084,1.46972567449666e-09,2.93945134899332e-09,"CRU TS v4.09 cell reproducing stored first-month TMP and PRE"
"59.830000, -136.330000",59.83,-136.33,"113","Lagopus_lagopus_59.83_-136.33","Lagopus_lagopus",4,1,1,59.75,-136.25,9.95823467668846,3.67431418624165e-10,2.93945134899332e-09,"CRU TS v4.09 cell reproducing stored first-month TMP and PRE"
"59.830000, 17.630000",59.83,17.63,"49","Cyanistes_caeruleus_59.83_17.63","Cyanistes_caeruleus",1,1,1,59.75,17.75,11.1449410693468,3.16284332058103e-10,2.93945134899332e-09,"CRU TS v4.09 cell reproducing stored first-month TMP and PRE"
"59.830000, 17.670000",59.83,17.67,"33","Ficedula_hypoleuca_59.83_17.67; Parus_major_59.83_17.67","Ficedula_hypoleuca; Parus_major",2,2,2,59.75,17.75,9.9582346766881,3.16284332058103e-10,4.40918057620365e-09,"CRU TS v4.09 cell reproducing stored first-month TMP and PRE"
"59.970000, 10.780000",59.97,10.78,"32","Ficedula_hypoleuca_59.97_10.78","Ficedula_hypoleuca",1,1,1,59.75,10.75,24.5201929959563,0,2.93945134899332e-09,"CRU TS v4.09 cell reproducing stored first-month TMP and PRE"
"59.980000, 10.630000",59.98,10.63,"30","Ficedula_hypoleuca_59.98_10.63","Ficedula_hypoleuca",1,1,1,59.75,10.75,26.4376385818086,7.34862837248329e-10,0,"CRU TS v4.09 cell reproducing stored first-month TMP and PRE"
"59.983300, 10.600000",59.9833,10.6,"229","Periparus_ater_59.98_10.6","Periparus_ater",1,1,1,59.75,10.75,27.2596324248014,1.02295061310542e-10,0,"CRU TS v4.09 cell reproducing stored first-month TMP and PRE"
"60.380000, 10.520000",60.38,10.52,"18","Cinclus_cinclus_60.38_10.52","Cinclus_cinclus",1,1,1,60.25,10.75,19.2190220406407,1.58142166029052e-10,0,"CRU TS v4.09 cell reproducing stored first-month TMP and PRE"
"61.416700, 8.866700",61.4167,8.8667,"197","Luscinia_svecica_61.42_8.87","Luscinia_svecica",3,1,1,61.25,8.75,19.5535541643585,3.67431418624165e-10,4.82421853575943e-08,"CRU TS v4.09 cell reproducing stored first-month TMP and PRE"
"61.420000, 8.870000",61.42,8.87,"19","Delichon_urbicum_61.42_8.87; Phylloscopus_trochilus_61.42_8.87","Delichon_urbicum; Phylloscopus_trochilus",2,2,2,61.25,8.75,19.9573997106379,4.69727368113126e-10,0,"CRU TS v4.09 cell reproducing stored first-month TMP and PRE"
"62.420000, 8.870000",62.42,8.87,"116","Luscinia_svecica_62.42_8.87","Luscinia_svecica",10,1,1,62.25,8.75,19.8925044217445,4.7442627604255e-10,4.12109102398972e-09,"CRU TS v4.09 cell reproducing stored first-month TMP and PRE"
"62.470000, 11.800000",62.47,11.8,"168","Phoenicurus_phoenicurus_62.47_11.8","Phoenicurus_phoenicurus",2,1,1,62.25,11.75,24.5985117106709,3.67431418624165e-10,4.12109102398972e-09,"CRU TS v4.09 cell reproducing stored first-month TMP and PRE"
"62.620000, 26.330000",62.62,26.33,"34","Ficedula_hypoleuca_62.62_26.33","Ficedula_hypoleuca",2,1,1,62.75,26.25,15.0206646746976,2.04590122621084e-10,2.93945134899332e-09,"CRU TS v4.09 cell reproducing stored first-month TMP and PRE"
"62.980000, 22.830000",62.98,22.83,"102","Falco_tinnunculus_62.98_22.83","Falco_tinnunculus",2,1,1,62.75,22.75,25.8946783884831,3.67431418624165e-10,1.1816396749964e-09,"CRU TS v4.09 cell reproducing stored first-month TMP and PRE"
"64.330000, -164.930000",64.33,-164.93,"9","Calidris_mauri_64.33_-164.93","Calidris_mauri",1,1,1,64.25,-164.75,12.4307708375429,3.16284332058103e-10,4.12109102398972e-09,"CRU TS v4.09 cell reproducing stored first-month TMP and PRE"
"67.230000, -100.270000",67.23,-100.27,"15","Anser_caerulescens_67.23_-100.27; Anser_rossii_67.23_-100.27","Anser_caerulescens; Anser_rossii",2,2,2,67.25,-100.25,2.38452641941569,1.02295061310542e-10,1.46972567449666e-09,"CRU TS v4.09 cell reproducing stored first-month TMP and PRE"
"71.290000, -156.800000",71.29,-156.8,"172","Pluvialis_dominica_71.29_-156.8","Pluvialis_dominica",6,1,1,71.25,-156.75,4.79272340779503,3.67431418624165e-10,1.46972567449666e-09,"CRU TS v4.09 cell reproducing stored first-month TMP and PRE"
"78.920000, 11.900000",78.92,11.9,"8","Branta_leucopsis_78.92_11.9","Branta_leucopsis",1,1,1,78.75,11.75,19.1770668328282,0,0,"CRU TS v4.09 cell reproducing stored first-month TMP and PRE"
