"location_id","lat","long","stored_distance_to_coast_km","reconstructed_distance_to_coast_km","difference_km","absolute_difference_km"
1,-42.63,148.0614,1.787452658,1.78745265804891,4.89066565023677e-11,4.89066565023677e-11
2,41.55,-80.18,397.0641173,397.064117334404,3.4404081361572e-08,3.4404081361572e-08
3,26.53,-78.53,2.563974469,2.56397446871937,-2.80625744863983e-10,2.80625744863983e-10
4,17.93,-67.1,4.124421454,4.12442145367694,-3.23056248419107e-10,3.23056248419107e-10
5,77,15.37,1.422209431,1.42220943077712,-2.22882157174809e-10,2.22882157174809e-10
6,49.15,14.72,384.5813158,384.581315758542,-4.14582359553606e-08,4.14582359553606e-08
7,48.62,-99.08,1014.260793,1014.26079335932,3.59319642484479e-07,3.59319642484479e-07
8,78.92,11.9,2.451344166,2.45134416580972,-1.90281124190506e-10,1.90281124190506e-10
9,64.33,-164.93,13.94887324,13.9488732352669,-4.73310812765249e-09,4.73310812765249e-09
10,37.65,-84.12,601.8097787,601.80977868916,-1.08401536635938e-08,1.08401536635938e-08
11,43.53,-80.23,469.0582705,469.058270528825,2.88250703306403e-08,2.88250703306403e-08
12,42.27,-83.73,678.969232,678.969232027266,2.72656279776129e-08,2.72656279776129e-08
13,-77.52,167.77,13.94325007,13.9432500675388,-2.46120457347843e-09,2.46120457347843e-09
14,16.8,41.88,7.637789986,7.63778998592677,-7.32294225258556e-11,7.32294225258556e-11
15,67.23,-100.27,65.96107461,65.9610746090338,-9.66210222941299e-10,9.66210222941299e-10
16,51.73,18.63,292.129482,292.129481978025,-2.19747562368866e-08,2.19747562368866e-08
17,44,5,61.95184668,61.9518466770854,-2.91458945866907e-09,2.91458945866907e-09
18,60.38,10.52,68.56234446,68.5623444565468,-3.45322348493937e-09,3.45322348493937e-09
19,61.42,8.87,71.44460893,71.4446089263448,-3.65518815215182e-09,3.65518815215182e-09
20,58.67,-94.42,7.734236619,7.73423661894557,-5.4426685380804e-11,5.4426685380804e-11
21,-46.42,51.75,2.5294659,2.52946590000428,4.27613500164625e-12,4.27613500164625e-12
22,-49.25,69.53,0.084755357,0.0847553569243925,-7.56074647334515e-11,7.56074647334515e-11
23,-43.83,168.88,10.68454993,10.6845499304447,4.4465942039551e-10,4.4465942039551e-10
24,-54.5,158.95,0.34236785,0.34236784962243,-3.77570197329646e-10,3.77570197329646e-10
25,38,24.98,10.78862036,10.7886203568873,-3.11269943154002e-09,3.11269943154002e-09
26,37.17,-6.35,26.68393136,26.6839313603623,3.62298635536717e-10,3.62298635536717e-10
27,41.35,-0.18,95.17221312,95.1722131236085,3.60850549441238e-09,3.60850549441238e-09
28,57.17,18.33,7.874911659,7.87491165912641,1.26412658119079e-10,1.26412658119079e-10
29,40.8,-4.02,291.7479203,291.747920284877,-1.51227936839859e-08,1.51227936839859e-08
30,59.98,10.63,24.0349938,24.0349938017632,1.76315495536983e-09,1.76315495536983e-09
31,52.53,7.35,84.27408721,84.2740872051336,-4.8663935103832e-09,4.8663935103832e-09
32,59.97,10.78,25.06337882,25.0633788217895,1.78946280016135e-09,1.78946280016135e-09
33,59.83,17.67,52.38825708,52.3882570790836,-9.16358544600371e-10,9.16358544600371e-10
34,62.62,26.33,208.6334834,208.633483392996,-7.00427449373819e-09,7.00427449373819e-09
35,52.03,5.85,98.20852764,98.2085276367189,-3.28108740177413e-09,3.28108740177413e-09
36,23.75,-166.02,628.8944394,628.894439382135,-1.78647496795747e-08,1.78647496795747e-08
37,59.53,-1.62,42.73581766,42.7358176561356,-3.86438614441431e-09,3.86438614441431e-09
38,45.43,8.62,112.6362055,112.63620551306,1.30600739112197e-08,1.30600739112197e-08
39,38.83,-6.98,153.4386686,153.438668562828,-3.71721569081274e-08,3.71721569081274e-08
40,42.35,-76.5,242.7889196,242.788919569749,-3.02506748539599e-08,3.02506748539599e-08
41,44.55,-76.32,136.8136103,136.813610291297,-8.70315375323116e-09,8.70315375323116e-09
42,34.57,135.53,10.68597574,10.6859757448874,4.88736517922916e-09,4.88736517922916e-09
43,48.92,17.08,436.0672465,436.067246522415,2.2414837985707e-08,2.2414837985707e-08
44,37.62,-84.12,602.3988987,602.398898719162,1.91619164979784e-08,1.91619164979784e-08
45,44.75,-63.68,9.551193289,9.55119328940279,4.02792466047686e-10,4.02792466047686e-10
46,52.77,-4.78,7.658934076,7.65893407625246,2.52457610372403e-10,2.52457610372403e-10
47,-51.72,-61.28,16.20668118,16.2066811785319,-1.4681091897728e-09,1.4681091897728e-09
48,52.33,11,158.6854127,158.68541273144,3.14398107548186e-08,3.14398107548186e-08
49,59.83,17.63,53.61318298,53.613182976134,-3.86600618185184e-09,3.86600618185184e-09
50,53.13,6.58,33.62214897,33.6221489677572,-2.2427713020079e-09,2.2427713020079e-09
51,39.55,-4.33,313.3195755,313.319575534913,3.49127162735385e-08,3.49127162735385e-08
52,52.37,11.02,155.574394,155.574393972251,-2.77492233635712e-08,2.77492233635712e-08
53,55.67,12.57,0.680536644,0.680536643721079,-2.78921330476578e-10,2.78921330476578e-10
54,52.15,10.32,160.2810305,160.281030493269,-6.73145450491575e-09,6.73145450491575e-09
55,28.42,16.38,310.0359187,310.035918709998,9.9980752565898e-09,9.9980752565898e-09
56,53.07,-0.95,69.12314667,69.1231466653892,-4.6108112883303e-09,4.6108112883303e-09
57,41.38,2.15,3.985329571,3.98532957116883,1.68826730373439e-10,1.68826730373439e-10
58,-71.88,5.17,128.3056709,128.305670874576,-2.54240148933604e-08,2.54240148933604e-08
59,46.33,7.67,228.7367111,228.736711096584,-3.41631789524399e-09,3.41631789524399e-09
60,37,-3,27.79181326,27.7918132619266,1.9266224171588e-09,1.9266224171588e-09
61,44.57,-76.32,135.9884961,135.9884961256,2.5599575792512e-08,2.5599575792512e-08
62,-15.95,-47.93,862.0605268,862.060526809766,9.76626779447543e-09,9.76626779447543e-09
63,-0.35,-78.15,192.0759971,192.075997109151,9.15062514650344e-09,9.15062514650344e-09
64,-0.12,-77.92,183.3384396,183.338439607674,7.67440155868826e-09,7.67440155868826e-09
65,53.48,23,200.1247322,200.12473218237,-1.76299579379702e-08,1.76299579379702e-08
66,-4.32,55.65,34.18641292,34.1864129202586,2.58587817825173e-10,2.58587817825173e-10
67,-24.38,-128.32,1.282506873,1.28250687267705,-3.22946558384274e-10,3.22946558384274e-10
68,37.18,-3.05,47.40512898,47.405128975179,-4.82096851328606e-09,4.82096851328606e-09
69,50.18,-98.38,834.8031107,834.80311073129,3.12901420329581e-08,3.12901420329581e-08
70,-31.67,-62.82,442.7021022,442.702102235429,3.54290250470513e-08,3.54290250470513e-08
71,69.4,81.82,87.90902151,87.9090215127124,2.71236899607175e-09,2.71236899607175e-09
72,46.2,7.63,216.7016836,216.701683616237,1.62374078627181e-08,1.62374078627181e-08
73,-1.4,36.8,406.3987949,406.398794917946,1.79464336724777e-08,1.79464336724777e-08
74,-35.27,149.1,116.8809507,116.880950663787,-3.62133789622021e-08,3.62133789622021e-08
75,44.97,-90.05,966.080981,966.080981031692,3.1692025004304e-08,3.1692025004304e-08
76,49.67,10.85,438.1658215,438.165821548547,4.85466671307222e-08,4.85466671307222e-08
77,59.1,15.25,75.67704226,75.6770422571912,-2.80874701275025e-09,2.80874701275025e-09
78,59.17,15.42,74.81613193,74.816131930145,1.45035983223352e-10,1.45035983223352e-10
79,51.45,-0.55,67.54053986,67.5405398572009,-2.79908363154391e-09,2.79908363154391e-09
80,54.75,-3.02,21.67269751,21.6726975100747,7.46958050967805e-11,7.46958050967805e-11
81,51.17,-4.63,22.67683324,22.6768332445307,4.5307047003007e-09,4.5307047003007e-09
82,39.08,-96.58,1042.382342,1042.38234152991,-4.70087343273917e-07,4.70087343273917e-07
83,43,-84,742.2581651,742.25816511097,1.09699840322719e-08,1.09699840322719e-08
84,57.28,18.75,1.750336646,1.75033664569046,-3.09538616960481e-10,3.09538616960481e-10
85,74.5,-21,15.66067244,15.6606724443391,4.3390713244662e-09,4.3390713244662e-09
86,36.92,-25.17,2.747857886,2.74785788553507,-4.64926763754647e-10,4.64926763754647e-10
87,56.5,10.83,2.190792782,2.19079278184852,-1.51478385390647e-10,1.51478385390647e-10
88,58.75,-95.07,26.44567889,26.4456788907388,7.38808125788637e-10,7.38808125788637e-10
89,37.3,-3.18,60.26813855,60.2681385466097,-3.39030492568781e-09,3.39030492568781e-09
90,40.98,-124,11.20131773,11.2013177269867,-3.01328917373667e-09,3.01328917373667e-09
91,-41.05,-62.8,0.202861352,0.202861351730948,-2.69051947388022e-10,2.69051947388022e-10
92,-37.55,14.82,483.9761392,483.976139229577,2.95773361358442e-08,2.95773361358442e-08
93,43.93,-71.75,118.1590261,118.159026098856,-1.14388853944547e-09,1.14388853944547e-09
94,-54,-38,0.534231948,0.534231947813582,-1.86417770109415e-10,1.86417770109415e-10
95,-46.87,37.68,3.226429141,3.22642914103503,3.5032421408232e-11,3.5032421408232e-11
96,39,-76,14.33554625,14.3355462502849,2.84874346334618e-10,2.84874346334618e-10
97,51.75,4.75,42.0902395,42.0902394983269,-1.67314340160374e-09,1.67314340160374e-09
98,47,8,292.7246039,292.724603926779,2.67795030595153e-08,2.67795030595153e-08
99,35.65,-118.03,186.6685396,186.668539606301,6.30137719781487e-09,6.30137719781487e-09
100,41.77,-79.93,397.3828512,397.382851248524,4.85236455460836e-08,4.85236455460836e-08
101,-15.57,128,27.7802861,27.7802861041662,4.16619627685577e-09,4.16619627685577e-09
102,62.98,22.83,44.78944728,44.7894472790231,-9.76932312823919e-10,9.76932312823919e-10
103,50.1,20.4,481.3486345,481.348634521694,2.16936655306199e-08,2.16936655306199e-08
104,52.45,7.25,92.61261412,92.6126141159739,-4.02606303850916e-09,4.02606303850916e-09
105,41.07,-3.45,258.0810592,258.08105921095,1.09497477751574e-08,1.09497477751574e-08
106,60.42,22.17,0.757887899,0.757887899419124,4.19123957762224e-10,4.19123957762224e-10
107,-0.42,-90.37,8.89989663,8.89989662955048,-4.49521309064949e-10,4.49521309064949e-10
108,37.22,-80.42,280.6616856,280.661685593007,-6.99253632774344e-09,6.99253632774344e-09
109,37.12,138.02,0.808129099,0.808129099172372,1.72372005557975e-10,1.72372005557975e-10
110,35.22,139.88,2.727764252,2.72776425160957,-3.90431686980719e-10,3.90431686980719e-10
111,36.37,-121.55,24.06489636,24.0648963568643,-3.1357458851744e-09,3.1357458851744e-09
112,51.9,11,201.3802083,201.380208313014,1.30143291698914e-08,1.30143291698914e-08
113,59.83,-136.33,70.96607273,70.9660727349393,4.93935203849105e-09,4.93935203849105e-09
114,48.68,-113.72,633.8565273,633.856527306781,6.78130618325667e-09,6.78130618325667e-09
115,40.63,-8.68,4.936074539,4.93607453861813,-3.81866982479551e-10,3.81866982479551e-10
116,62.42,8.87,49.04659853,49.0465985300131,1.30739863379858e-11,1.30739863379858e-11
117,-36.6,174.88,5.588377863,5.58837786295143,-4.85673723460422e-11,4.85673723460422e-11
118,49.5,8.17,349.2012828,349.201282835783,3.57831027031352e-08,3.57831027031352e-08
119,37.53,127.03,31.94391259,31.943912590533,5.3304205493987e-10,5.3304205493987e-10
120,42.52,8.77,5.473460469,5.47346046879583,-2.04170902406986e-10,2.04170902406986e-10
121,43.66,3.67,21.95455995,21.9545599538039,3.80392606302848e-09,3.80392606302848e-09
122,51.25,4.47,22.74702372,22.7470237210642,1.06423314605308e-09,1.06423314605308e-09
123,58.87,9.6,7.445825977,7.44582597661437,-3.85633747157499e-10,3.85633747157499e-10
124,33.52,130.03,0.930002842,0.930002841963603,-3.6396552438589e-11,3.6396552438589e-11
125,51.42,7.65,209.3453487,209.345348721998,2.19978346649441e-08,2.19978346649441e-08
126,42.67,141.6,12.04998832,12.0499883246693,4.66925875741708e-09,4.66925875741708e-09
127,40.02,122.93,39.50131593,39.5013159254726,-4.52742199286149e-09,4.52742199286149e-09
128,47.33,-2.87,21.77731399,21.7773139923533,2.35334596254688e-09,2.35334596254688e-09
129,51,-4,20.279081,20.27908099734,-2.6599735747368e-09,2.6599735747368e-09
130,35.7,-83.2,423.6535173,423.653517302236,2.23593588088988e-09,2.23593588088988e-09
131,-54.73,-68.2,9.823364436,9.82336443628263,2.82632584003295e-10,2.82632584003295e-10
132,-31.08,142.7,489.2477257,489.247725658402,-4.15977865486639e-08,4.15977865486639e-08
133,10.67,-85.5,18.24642366,18.2464236623473,2.34724950587406e-09,2.34724950587406e-09
134,9.12,-79.7,26.82096642,26.8209664203056,3.0557245622731e-10,3.0557245622731e-10
135,34.77,-98.48,650.4620584,650.462058430022,3.00216242976603e-08,3.00216242976603e-08
136,43,-119,423.316944,423.316944027196,2.71964495368593e-08,2.71964495368593e-08
137,-15.93,-47.93,864.107086,864.107086042233,4.223318228469e-08,4.223318228469e-08
138,38.57,-119.03,225.0841343,225.084134323181,2.31812293804978e-08,2.31812293804978e-08
139,43.16,-124.41,0.297458474,0.297458473663694,-3.36306094084193e-10,3.36306094084193e-10
140,53.33,22.67,202.8944188,202.894418798461,-1.53946189129783e-09,1.53946189129783e-09
141,47.17,-94.42,1063.686426,1063.68642636166,3.61662614523084e-07,3.61662614523084e-07
142,31.92,-109.25,369.0600121,369.060012143636,4.36363052358502e-08,4.36363052358502e-08
143,49.4,-110.7,860.0405678,860.040567785565,-1.44352725328645e-08,1.44352725328645e-08
144,8.2,-82.2,1.647603691,1.64760369131052,3.10522052515694e-10,3.10522052515694e-10
145,-31.9,115.98,22.86070029,22.8607002949462,4.94616259061331e-09,4.94616259061331e-09
146,-17.37,125.75,149.6635265,149.663526519149,1.91490698853158e-08,1.91490698853158e-08
147,-34.33,139.03,65.39990158,65.399901584336,4.33600177984772e-09,4.33600177984772e-09
148,-27.33,152.55,58.01668893,58.0166889290227,-9.77266267909727e-10,9.77266267909727e-10
149,60.83,25.33,52.23751643,52.2375164302812,2.81247025668563e-10,2.81247025668563e-10
150,35.88,-106.03,833.9783859,833.978385898119,-1.88117610377958e-09,1.88117610377958e-09
151,70.2,-148.25,13.57185445,13.5718544481834,-1.81659665088318e-09,1.81659665088318e-09
152,-34.35,139.5,103.0742666,103.074266609931,9.93063054011145e-09,9.93063054011145e-09
153,-0.37,36.08,527.6824721,527.6824720863,-1.37002871269942e-08,1.37002871269942e-08
154,36.71,-112.22,586.8457102,586.845710238975,3.89745764550753e-08,3.89745764550753e-08
155,35,-83,349.0081931,349.008193126586,2.65862922788074e-08,2.65862922788074e-08
156,48.17,16.3,335.0023284,335.002328418579,1.85793851414928e-08,1.85793851414928e-08
157,40.63,-4,310.7255422,310.725542249985,4.99850898449949e-08,4.99850898449949e-08
158,35.2,-97.43,651.636476,651.636475990547,-9.45294686971465e-09,9.45294686971465e-09
159,46.25,20.13,407.0341806,407.03418060513,5.13023223902564e-09,5.13023223902564e-09
160,44.58,-66.77,9.624771397,9.62477139693558,-6.44160280671713e-11,6.44160280671713e-11
161,35.88,-79.02,183.0311017,183.031101665845,-3.41548798132862e-08,3.41548798132862e-08
162,-47,168,8.177279832,8.17727983232095,3.2094504831548e-10,3.2094504831548e-10
163,-45,168,37.96320147,37.9632014719187,1.91870697108243e-09,1.91870697108243e-09
164,-34.37,119.6,12.00206848,12.0020684776604,-2.33962360596252e-09,2.33962360596252e-09
165,56.18,-2.57,10.33981175,10.3398117533636,3.36361516417583e-09,3.36361516417583e-09
166,-46.9,168.1,0.444295349,0.444295348887445,-1.12554798814557e-10,1.12554798814557e-10
167,-1.38,-89.62,48.44828086,48.4482808576646,-2.33541896932365e-09,2.33541896932365e-09
168,62.47,11.8,122.1094153,122.109415335998,3.59977718744631e-08,3.59977718744631e-08
169,56.92,18.12,1.602429693,1.60242969338877,3.88772791737324e-10,3.88772791737324e-10
170,45.5,-122.68,83.88516695,83.8851669527512,2.75122147286311e-09,2.75122147286311e-09
171,78.22,15.63,1.052022379,1.05202237870516,-2.94838820025234e-10,2.94838820025234e-10
172,71.29,-156.8,1.334475304,1.33447530436807,3.6806735437267e-10,3.6806735437267e-10
173,-15.55,128,25.64468524,25.6446852360321,-3.96793353729663e-09,3.96793353729663e-09
174,-74.35,165.13,0.750644369,0.750644369090428,9.04278874003239e-11,9.04278874003239e-11
175,-63,-60.67,0.263190679,0.263190678764744,-2.35256258918071e-10,2.35256258918071e-10
176,-21.08,31.92,297.3046009,297.304600945804,4.58043132312014e-08,4.58043132312014e-08
177,42.42,70.48,1315.49426,1315.49425964217,-3.57828412234085e-07,3.57828412234085e-07
178,-35.45,149.28,93.06248173,93.0624817264173,-3.58268437139486e-09,3.58268437139486e-09
179,48.3,21.08,594.3113191,594.31131905866,-4.13398311138735e-08,4.13398311138735e-08
180,45.07,-67.03,5.301361207,5.30136120689767,-1.02327035733651e-10,1.02327035733651e-10
181,-15.37,-75.2,4.476725517,4.47672551691238,-8.76241301739356e-11,8.76241301739356e-11
182,51.45,-105.17,1006.602574,1006.60257449584,4.95837298331026e-07,4.95837298331026e-07
183,53.52,8.08,4.141813893,4.14181389307218,7.21831483474489e-11,7.21831483474489e-11
184,46,6,271.7037815,271.703781543488,4.34883418165555e-08,4.34883418165555e-08
185,40.5,-4,325.1351294,325.135129372539,-2.74608851213998e-08,2.74608851213998e-08
186,46.52,6.57,286.9391225,286.93912253623,3.62297214451246e-08,3.62297214451246e-08
187,51.22,4.67,35.98133189,35.9813318941305,4.13045597724704e-09,4.13045597724704e-09
188,-1.33,-89.67,44.5345827,44.5345826962265,-3.77352904479267e-09,3.77352904479267e-09
189,21.87,-105.9,29.01875639,29.0187563886452,-1.35478117613275e-09,1.35478117613275e-09
190,9.17,-79.85,22.41573427,22.41573427457,4.57001902987031e-09,4.57001902987031e-09
191,44.7,-76.2,122.301621,122.301620951048,-4.89521170266016e-08,4.89521170266016e-08
192,45,-74,26.66288898,26.6628889792927,-7.07267133748246e-10,7.07267133748246e-10
193,53,-123,266.5895378,266.589537818284,1.82839698936732e-08,1.82839698936732e-08
194,-34.35,139.4833,101.6624523,101.662452325513,2.55133443261002e-08,2.55133443261002e-08
195,40.75,-3.7833,297.7968912,297.796891212859,1.28593455883674e-08,1.28593455883674e-08
196,34.74,-98.67,656.7458568,656.745856791901,-8.09916400612565e-09,8.09916400612565e-09
197,61.4167,8.8667,71.16244797,71.1624479712703,1.27033672470134e-09,1.27033672470134e-09
198,34.75,-98.5833,653.4738396,653.473839572119,-2.78814695775509e-08,2.78814695775509e-08
199,40.9,-4.0167,280.6899844,280.689984432556,3.25556470670563e-08,3.25556470670563e-08
200,39.2311,-75.9819,15.150496,15.150495999163,-8.37033553580113e-10,8.37033553580113e-10
201,57.05,18.2833,1.763540702,1.76354070194588,-5.41231504058715e-11,5.41231504058715e-11
202,56.35,84.9333,1287.147281,1287.14728057501,-4.24987547376077e-07,4.24987547376077e-07
203,46.91,23.91,444.2434657,444.243465743089,4.30892441727337e-08,4.30892441727337e-08
204,61.3,-22.5,277.3638747,277.363874705868,5.86817350267665e-09,5.86817350267665e-09
205,41.39,2.17,3.43370124,3.43370123998287,-1.71307412699662e-11,1.71307412699662e-11
206,48.1333,10.8833,312.5806009,312.580600856276,-4.37243556916656e-08,4.37243556916656e-08
207,44.6167,-63.5667,0.332729802,0.332729802348058,3.48057638266397e-10,3.48057638266397e-10
208,21.6,51.5333,267.9771802,267.977180204773,4.7726302909723e-09,4.7726302909723e-09
209,-15.76,-47.86,878.692843,878.692843000213,2.12594386539422e-10,2.12594386539422e-10
210,-28.05,-64.25,657.8593978,657.859397790556,-9.44407929637237e-09,9.44407929637237e-09
211,-30.6333,-71.6667,4.027488578,4.02748857835283,3.52826212690616e-10,3.52826212690616e-10
212,-55.0667,-67.6667,13.04660811,13.0466081076447,-2.35533548220701e-09,2.35533548220701e-09
213,40,-3,234.6296332,234.629633182943,-1.70572320712381e-08,1.70572320712381e-08
214,71.3167,-156.65,3.341902677,3.34190267743193,4.31933155908837e-10,4.31933155908837e-10
215,39.4,141.99,1.861404955,1.86140495453034,-4.69660532687044e-10,4.69660532687044e-10
216,-35.5667,-58.0167,62.28038773,62.2803877287407,-1.25930910144234e-09,1.25930910144234e-09
217,47.9919,17.3367,367.3499539,367.349953861059,-3.89413798984606e-08,3.89413798984606e-08
218,-32.6333,-69.3667,194.5963286,194.596328597652,-2.34837216339656e-09,2.34837216339656e-09
219,52.3833,-1.5667,92.80584657,92.8058465653604,-4.63963090169273e-09,4.63963090169273e-09
220,-27.2667,152.6833,43.60728422,43.6072842235216,3.52159901240157e-09,3.52159901240157e-09
221,69.4667,-29.8333,105.3387176,105.33871757094,-2.90599615482279e-08,2.90599615482279e-08
222,40.3667,96.2333,1833.535041,1833.53504100616,6.16478246229235e-09,6.16478246229235e-09
223,-47.75,-65.8833,4.36784871,4.36784870974523,-2.54765986085204e-10,2.54765986085204e-10
224,67.43,11.88,59.06844355,59.0684435523984,2.39840858284879e-09,2.39840858284879e-09
225,23.65,107.0667,242.1864984,242.18649843795,3.79502296254941e-08,3.79502296254941e-08
226,52.63,-0.27,37.29517287,37.2951728668332,-3.16675397016297e-09,3.16675397016297e-09
227,22,121.08,22.53475404,22.5347540386196,-1.3803962417569e-09,1.3803962417569e-09
228,-38.38,141.6,0.178737257,0.17873725653012,-4.69879607445378e-10,4.69879607445378e-10
229,59.9833,10.6,24.32524826,24.3252482582098,-1.79017689561078e-09,1.79017689561078e-09
230,-39.6333,177.0833,2.582012432,2.58201243216824,1.68236091724339e-10,1.68236091724339e-10
231,42.4686,-76.4492,246.0081307,246.008130673993,-2.600734205771e-08,2.600734205771e-08
232,25.8333,131.2333,305.4088023,305.40880226884,-3.11598000735103e-08,3.11598000735103e-08
233,-22.5,-47.5833,203.7773714,203.777371446004,4.60035209925991e-08,4.60035209925991e-08
234,37.1833,-80.5667,293.8969114,293.896911377232,-2.27681766773458e-08,2.27681766773458e-08
