"record_id","Clements_name","family","lat","long","climate_year","breeding_start_month_num","breeding_end_month_num","stored_ndvi","can_first_month","gee_output_present","gee_output_ndvi","missing_coordinates","missing_study_year","missing_start_month","missing_required_input","missing_stored_ndvi","no_valid_pixel_after_masking","missingness_category"
2,"Agelaius_phoeniceus","Icteridae",41.55,-80.18,2009,NA,NA,NA,0,FALSE,NA,FALSE,FALSE,TRUE,TRUE,TRUE,FALSE,"Missing coordinates, study year, or first breeding month"
3,"Agelaius_phoeniceus","Icteridae",26.53,-78.53,2011,NA,NA,NA,0,FALSE,NA,FALSE,FALSE,TRUE,TRUE,TRUE,FALSE,"Missing coordinates, study year, or first breeding month"
4,"Agelaius_xanthomus","Icteridae",17.93,-67.1,2012,NA,NA,NA,0,FALSE,NA,FALSE,FALSE,TRUE,TRUE,TRUE,FALSE,"Missing coordinates, study year, or first breeding month"
5,"Alle_alle","Alcidae",77,15.37,2002,6,8,0.021,1,TRUE,0.021,FALSE,FALSE,FALSE,FALSE,FALSE,FALSE,"NDVI available"
6,"Anas_platyrhynchos","Anatidae",49.15,14.72,2004,4,7,0.508487016,1,TRUE,0.508487015521466,FALSE,FALSE,FALSE,FALSE,FALSE,FALSE,"NDVI available"
7,"Mareca_strepera","Anatidae",48.62,-99.08,1997,5,8,0.218452626,1,TRUE,0.218452626371649,FALSE,FALSE,FALSE,FALSE,FALSE,FALSE,"NDVI available"
8,"Branta_leucopsis","Anatidae",78.92,11.9,1989,6,7,-0.049677778,1,TRUE,-0.0496777777777778,FALSE,FALSE,FALSE,FALSE,FALSE,FALSE,"NDVI available"
9,"Calidris_mauri","Scolopacidae",64.33,-164.93,1996,5,6,0.297423913,1,TRUE,0.297423913043478,FALSE,FALSE,FALSE,FALSE,FALSE,FALSE,"NDVI available"
10,"Cardinalis_cardinalis","Cardinalidae",37.65,-84.12,1992,4,8,0.464471018,1,TRUE,0.46447101819912,FALSE,FALSE,FALSE,FALSE,FALSE,FALSE,"NDVI available"
11,"Spinus_tristis","Fringillidae",43.53,-80.23,1992,6,NA,0.556848577,1,TRUE,0.55684857727738,FALSE,FALSE,FALSE,FALSE,FALSE,FALSE,"NDVI available"
12,"Haemorhous_mexicanus","Fringillidae",42.27,-83.73,1991,2,7,0.216727151,1,TRUE,0.216727150618775,FALSE,FALSE,FALSE,FALSE,FALSE,FALSE,"NDVI available"
13,"Stercorarius_maccormicki","Stercorariidae",-77.52,167.77,1988,1,1,NA,1,TRUE,NA,FALSE,FALSE,FALSE,FALSE,TRUE,TRUE,"No valid pixel after masking"
14,"Anarhynchus_alexandrinus","Charadriidae",16.8,41.88,2011,4,7,0.001263371,1,TRUE,0.00126337057285477,FALSE,FALSE,FALSE,FALSE,FALSE,FALSE,"NDVI available"
15,"Anser_caerulescens","Anatidae",67.23,-100.27,1995,6,7,0.110610535,1,TRUE,0.110610535460433,FALSE,FALSE,FALSE,FALSE,FALSE,FALSE,"NDVI available"
16,"Anser_rossii","Anatidae",67.23,-100.27,1995,6,7,0.110610535,1,TRUE,0.110610535460433,FALSE,FALSE,FALSE,FALSE,FALSE,FALSE,"NDVI available"
17,"Chlidonias_hybrida","Laridae",51.73,18.63,2012,5,8,0.589165188,1,TRUE,0.589165188273945,FALSE,FALSE,FALSE,FALSE,FALSE,FALSE,"NDVI available"
18,"Ciconia_ciconia","Ciconiidae",44,5,2012,NA,NA,NA,0,FALSE,NA,FALSE,FALSE,TRUE,TRUE,TRUE,FALSE,"Missing coordinates, study year, or first breeding month"
19,"Cinclus_cinclus","Cinclidae",60.38,10.52,1998,4,6,0.198457102,1,TRUE,0.198457102383744,FALSE,FALSE,FALSE,FALSE,FALSE,FALSE,"NDVI available"
20,"Delichon_urbicum","Hirundinidae",61.42,8.87,1992,7,7,0.431062596,1,TRUE,0.431062596061479,FALSE,FALSE,FALSE,FALSE,FALSE,FALSE,"NDVI available"
21,"Setophaga_aestiva","Parulidae",58.67,-94.42,1994,5,7,0.278085041,1,TRUE,0.278085041403259,FALSE,FALSE,FALSE,FALSE,FALSE,FALSE,"NDVI available"
22,"Diomedea_exulans","Diomedeidae",-46.42,51.75,2001,11,10,0.11438,1,TRUE,0.11438,FALSE,FALSE,FALSE,FALSE,FALSE,FALSE,"NDVI available"
23,"Diomedea_exulans","Diomedeidae",-49.25,69.53,2002,12,11,0.083433333,1,TRUE,0.0834333333333333,FALSE,FALSE,FALSE,FALSE,FALSE,FALSE,"NDVI available"
24,"Eudyptes_pachyrhynchus","Spheniscidae",-43.83,168.88,1990,7,9,0.203124146,1,TRUE,0.203124146341463,FALSE,FALSE,FALSE,FALSE,FALSE,FALSE,"NDVI available"
25,"Eudyptes_schlegeli","Spheniscidae",-54.5,158.95,1991,10,12,NA,1,TRUE,NA,FALSE,FALSE,FALSE,FALSE,TRUE,TRUE,"No valid pixel after masking"
26,"Falco_eleonorae","Falconidae",38,24.98,1991,5,10,0.421584032,1,TRUE,0.421584032476319,FALSE,FALSE,FALSE,FALSE,FALSE,FALSE,"NDVI available"
27,"Falco_naumanni","Falconidae",37.17,-6.35,2003,3,7,0.38759244,1,TRUE,0.387592440347072,FALSE,FALSE,FALSE,FALSE,FALSE,FALSE,"NDVI available"
28,"Falco_naumanni","Falconidae",41.35,-0.18,1993,4,7,0.245953619,1,TRUE,0.245953619209265,FALSE,FALSE,FALSE,FALSE,FALSE,FALSE,"NDVI available"
29,"Ficedula_albicollis","Muscicapidae",57.17,18.33,1994,5,7,0.393761224,1,TRUE,0.393761223709369,FALSE,FALSE,FALSE,FALSE,FALSE,FALSE,"NDVI available"
30,"Ficedula_hypoleuca","Muscicapidae",40.8,-4.02,2010,5,6,0.556154809,1,TRUE,0.556154809381134,FALSE,FALSE,FALSE,FALSE,FALSE,FALSE,"NDVI available"
31,"Ficedula_hypoleuca","Muscicapidae",59.98,10.63,1989,5,7,0.454304778,1,TRUE,0.454304777853725,FALSE,FALSE,FALSE,FALSE,FALSE,FALSE,"NDVI available"
33,"Ficedula_hypoleuca","Muscicapidae",59.97,10.78,1992,5,6,0.407958871,1,TRUE,0.407958870847609,FALSE,FALSE,FALSE,FALSE,FALSE,FALSE,"NDVI available"
34,"Ficedula_hypoleuca","Muscicapidae",59.83,17.67,1987,5,6,0.445463519,1,TRUE,0.445463518594476,FALSE,FALSE,FALSE,FALSE,FALSE,FALSE,"NDVI available"
35,"Ficedula_hypoleuca","Muscicapidae",40.8,-4.02,2003,5,6,0.585655068,1,TRUE,0.585655068451782,FALSE,FALSE,FALSE,FALSE,FALSE,FALSE,"NDVI available"
36,"Ficedula_hypoleuca","Muscicapidae",40.8,-4.02,2011,5,6,0.586432102,1,TRUE,0.586432101872358,FALSE,FALSE,FALSE,FALSE,FALSE,FALSE,"NDVI available"
37,"Ficedula_hypoleuca","Muscicapidae",62.62,26.33,1990,5,6,0.441514642,1,TRUE,0.441514642418761,FALSE,FALSE,FALSE,FALSE,FALSE,FALSE,"NDVI available"
38,"Ficedula_hypoleuca","Muscicapidae",62.62,26.33,1992,5,6,0.426226007,1,TRUE,0.426226006792819,FALSE,FALSE,FALSE,FALSE,FALSE,FALSE,"NDVI available"
39,"Ficedula_hypoleuca","Muscicapidae",52.03,5.85,2014,4,6,0.606267848,1,TRUE,0.606267848472164,FALSE,FALSE,FALSE,FALSE,FALSE,FALSE,"NDVI available"
40,"Fregata_minor","Fregatidae",23.75,-166.02,2007,2,6,NA,1,TRUE,NA,FALSE,FALSE,FALSE,FALSE,TRUE,TRUE,"No valid pixel after masking"
41,"Fulmarus_glacialis","Procellariidae",59.53,-1.62,1988,3,NA,NA,1,TRUE,NA,FALSE,FALSE,FALSE,FALSE,TRUE,TRUE,"No valid pixel after masking"
42,"Hirundo_rustica","Hirundinidae",45.43,8.62,1994,3,6,0.149265656,1,TRUE,0.149265656035141,FALSE,FALSE,FALSE,FALSE,FALSE,FALSE,"NDVI available"
43,"Hirundo_rustica","Hirundinidae",38.83,-6.98,1994,3,6,0.470826714,1,TRUE,0.47082671436142,FALSE,FALSE,FALSE,FALSE,FALSE,FALSE,"NDVI available"
44,"Hirundo_rustica","Hirundinidae",42.35,-76.5,2002,5,8,0.631213329,1,TRUE,0.631213328742869,FALSE,FALSE,FALSE,FALSE,FALSE,FALSE,"NDVI available"
45,"Hirundo_rustica","Hirundinidae",44.55,-76.32,1989,5,8,0.573357047,1,TRUE,0.573357047393365,FALSE,FALSE,FALSE,FALSE,FALSE,FALSE,"NDVI available"
46,"Lanius_bucephalus","Laniidae",34.57,135.53,1989,3,6,0.129288432,1,TRUE,0.129288432446531,FALSE,FALSE,FALSE,FALSE,FALSE,FALSE,"NDVI available"
47,"Chroicocephalus_ridibundus","Laridae",48.92,17.08,2004,4,5,0.435958639,1,TRUE,0.435958638720057,FALSE,FALSE,FALSE,FALSE,FALSE,FALSE,"NDVI available"
48,"Megascops_asio","Strigidae",37.62,-84.12,1994,3,6,0.350881619,1,TRUE,0.350881618914261,FALSE,FALSE,FALSE,FALSE,FALSE,FALSE,"NDVI available"
49,"Melospiza_melodia","Passerellidae",44.75,-63.68,2000,4,7,0.408668385,1,TRUE,0.408668385433452,FALSE,FALSE,FALSE,FALSE,FALSE,FALSE,"NDVI available"
50,"Oenanthe_oenanthe","Muscicapidae",52.77,-4.78,1991,3,6,0.6247,1,TRUE,0.6247,FALSE,FALSE,FALSE,FALSE,FALSE,FALSE,"NDVI available"
51,"Pachyptila_belcheri","Procellariidae",-51.72,-61.28,2006,12,1,0.224011125,1,TRUE,0.224011124814998,FALSE,FALSE,FALSE,FALSE,FALSE,FALSE,"NDVI available"
52,"Periparus_ater","Paridae",52.33,11,1993,4,7,0.464308811,1,TRUE,0.464308811315858,FALSE,FALSE,FALSE,FALSE,FALSE,FALSE,"NDVI available"
53,"Cyanistes_caeruleus","Paridae",59.83,17.63,1988,4,6,0.260432278,1,TRUE,0.260432278220269,FALSE,FALSE,FALSE,FALSE,FALSE,FALSE,"NDVI available"
54,"Cyanistes_caeruleus","Paridae",53.13,6.58,2008,4,6,0.536551544,1,TRUE,0.536551543890604,FALSE,FALSE,FALSE,FALSE,FALSE,FALSE,"NDVI available"
55,"Parus_major","Paridae",39.55,-4.33,2012,4,6,0.455856465,1,TRUE,0.455856465340443,FALSE,FALSE,FALSE,FALSE,FALSE,FALSE,"NDVI available"
56,"Parus_major","Paridae",59.83,17.67,1998,4,6,0.314783981,1,TRUE,0.314783981049162,FALSE,FALSE,FALSE,FALSE,FALSE,FALSE,"NDVI available"
57,"Parus_major","Paridae",52.37,11.02,1993,4,6,0.476989778,1,TRUE,0.476989777807885,FALSE,FALSE,FALSE,FALSE,FALSE,FALSE,"NDVI available"
58,"Parus_major","Paridae",55.67,12.57,1998,4,6,0.259605981,1,TRUE,0.259605980603448,FALSE,FALSE,FALSE,FALSE,FALSE,FALSE,"NDVI available"
59,"Parus_major","Paridae",52.15,10.32,1998,4,6,0.515468263,1,TRUE,0.515468263424188,FALSE,FALSE,FALSE,FALSE,FALSE,FALSE,"NDVI available"
60,"Cyanistes_caeruleus","Paridae",28.42,16.38,2009,4,7,0.147444781,1,TRUE,0.147444780943261,FALSE,FALSE,FALSE,FALSE,FALSE,FALSE,"NDVI available"
61,"Passer_domesticus","Passeridae",53.07,-0.95,1994,3,5,0.361261979,1,TRUE,0.36126197912386,FALSE,FALSE,FALSE,FALSE,FALSE,FALSE,"NDVI available"
62,"Passer_domesticus","Passeridae",41.38,2.15,1995,4,5,0.228510897,1,TRUE,0.228510897317299,FALSE,FALSE,FALSE,FALSE,FALSE,FALSE,"NDVI available"
63,"Thalassoica_antarctica","Procellariidae",-71.88,5.17,1993,1,2,NA,1,TRUE,NA,FALSE,FALSE,FALSE,FALSE,TRUE,TRUE,"No valid pixel after masking"
64,"Upupa_epops","Upupidae",46.33,7.67,2004,4,8,0.471597995,1,TRUE,0.471597995283019,FALSE,FALSE,FALSE,FALSE,FALSE,FALSE,"NDVI available"
65,"Upupa_epops","Upupidae",37,-3,1995,2,6,0.29529932,1,TRUE,0.295299319727891,FALSE,FALSE,FALSE,FALSE,FALSE,FALSE,"NDVI available"
66,"Vermivora_chrysoptera","Parulidae",44.57,-76.32,2005,4,7,0.360993112,1,TRUE,0.360993111800039,FALSE,FALSE,FALSE,FALSE,FALSE,FALSE,"NDVI available"
67,"Volatinia_jacarina","Thraupidae",-15.95,-47.93,1999,11,3,0.497143964,1,TRUE,0.497143963687809,FALSE,FALSE,FALSE,FALSE,FALSE,FALSE,"NDVI available"
68,"Zonotrichia_capensis","Passerellidae",-0.35,-78.15,2006,10,1,0.575958279,1,TRUE,0.575958278783211,FALSE,FALSE,FALSE,FALSE,FALSE,FALSE,"NDVI available"
69,"Zonotrichia_capensis","Passerellidae",-0.12,-77.92,2009,1,12,NA,1,TRUE,NA,FALSE,FALSE,FALSE,FALSE,TRUE,TRUE,"No valid pixel after masking"
71,"Acrocephalus_sechellensis","Acrocephalidae",-4.32,55.65,1999,5,9,NA,1,TRUE,NA,FALSE,FALSE,FALSE,FALSE,TRUE,TRUE,"No valid pixel after masking"
75,"Myiopsitta_monachus","Psittacidae",-31.67,-62.82,2000,11,12,0.518462416,1,TRUE,0.518462416068534,FALSE,FALSE,FALSE,FALSE,FALSE,FALSE,"NDVI available"
79,"Acanthiza_pusilla","Acanthizidae",-35.27,149.1,1995,7,12,0.436871908,1,TRUE,0.436871907989777,FALSE,FALSE,FALSE,FALSE,FALSE,FALSE,"NDVI available"
80,"Acanthiza_pusilla","Acanthizidae",-35.27,149.1,1996,7,12,0.398032426,1,TRUE,0.398032425825092,FALSE,FALSE,FALSE,FALSE,FALSE,FALSE,"NDVI available"
81,"Acanthiza_pusilla","Acanthizidae",-35.27,149.1,1997,7,12,0.387793055,1,TRUE,0.387793054783865,FALSE,FALSE,FALSE,FALSE,FALSE,FALSE,"NDVI available"
82,"Astur_cooperii","Accipitridae",44.97,-90.05,2003,2,4,NA,1,TRUE,NA,FALSE,FALSE,FALSE,FALSE,TRUE,TRUE,"No valid pixel after masking"
83,"Astur_cooperii","Accipitridae",44.97,-90.05,2004,2,4,NA,1,TRUE,NA,FALSE,FALSE,FALSE,FALSE,TRUE,TRUE,"No valid pixel after masking"
84,"Astur_cooperii","Accipitridae",44.97,-90.05,2007,2,4,NA,1,TRUE,NA,FALSE,FALSE,FALSE,FALSE,TRUE,TRUE,"No valid pixel after masking"
85,"Acrocephalus_arundinaceus","Acrocephalidae",49.67,10.85,1992,5,7,0.583848013,1,TRUE,0.583848012844378,FALSE,FALSE,FALSE,FALSE,FALSE,FALSE,"NDVI available"
86,"Acrocephalus_arundinaceus","Acrocephalidae",49.67,10.85,1994,5,7,0.572606952,1,TRUE,0.572606951777543,FALSE,FALSE,FALSE,FALSE,FALSE,FALSE,"NDVI available"
87,"Acrocephalus_arundinaceus","Acrocephalidae",49.67,10.85,1995,5,7,0.601066593,1,TRUE,0.60106659296112,FALSE,FALSE,FALSE,FALSE,FALSE,FALSE,"NDVI available"
88,"Acrocephalus_arundinaceus","Acrocephalidae",49.67,10.85,1996,5,7,0.613003601,1,TRUE,0.613003600536964,FALSE,FALSE,FALSE,FALSE,FALSE,FALSE,"NDVI available"
89,"Acrocephalus_arundinaceus","Acrocephalidae",49.67,10.85,1997,5,7,0.614932665,1,TRUE,0.614932664554734,FALSE,FALSE,FALSE,FALSE,FALSE,FALSE,"NDVI available"
90,"Acrocephalus_arundinaceus","Acrocephalidae",59.1,15.25,1994,5,7,0.461273685,1,TRUE,0.461273684950773,FALSE,FALSE,FALSE,FALSE,FALSE,FALSE,"NDVI available"
91,"Acrocephalus_arundinaceus","Acrocephalidae",59.1,15.25,1995,5,7,0.477819087,1,TRUE,0.477819087122764,FALSE,FALSE,FALSE,FALSE,FALSE,FALSE,"NDVI available"
92,"Acrocephalus_arundinaceus","Acrocephalidae",59.1,15.25,1996,5,7,0.325005527,1,TRUE,0.325005527185341,FALSE,FALSE,FALSE,FALSE,FALSE,FALSE,"NDVI available"
93,"Acrocephalus_arundinaceus","Acrocephalidae",59.1,15.25,1997,5,7,0.490681166,1,TRUE,0.49068116550594,FALSE,FALSE,FALSE,FALSE,FALSE,FALSE,"NDVI available"
94,"Acrocephalus_arundinaceus","Acrocephalidae",59.1,15.25,1998,5,7,0.533486607,1,TRUE,0.533486607264782,FALSE,FALSE,FALSE,FALSE,FALSE,FALSE,"NDVI available"
95,"Acrocephalus_schoenobaenus","Acrocephalidae",59.17,15.42,1990,5,7,0.517796533,1,TRUE,0.517796532553036,FALSE,FALSE,FALSE,FALSE,FALSE,FALSE,"NDVI available"
96,"Acrocephalus_schoenobaenus","Acrocephalidae",59.17,15.42,1991,5,7,0.453849233,1,TRUE,0.453849233396309,FALSE,FALSE,FALSE,FALSE,FALSE,FALSE,"NDVI available"
97,"Acrocephalus_schoenobaenus","Acrocephalidae",59.17,15.42,1992,5,7,0.485170238,1,TRUE,0.485170237704918,FALSE,FALSE,FALSE,FALSE,FALSE,FALSE,"NDVI available"
98,"Acrocephalus_schoenobaenus","Acrocephalidae",51.45,-0.55,1993,5,7,0.569790362,1,TRUE,0.569790362023496,FALSE,FALSE,FALSE,FALSE,FALSE,FALSE,"NDVI available"
99,"Acrocephalus_schoenobaenus","Acrocephalidae",51.45,-0.55,1994,5,7,0.557686325,1,TRUE,0.557686325301205,FALSE,FALSE,FALSE,FALSE,FALSE,FALSE,"NDVI available"
100,"Acrocephalus_schoenobaenus","Acrocephalidae",51.45,-0.55,1995,5,7,0.545235785,1,TRUE,0.545235784946237,FALSE,FALSE,FALSE,FALSE,FALSE,FALSE,"NDVI available"
101,"Acrocephalus_schoenobaenus","Acrocephalidae",51.45,-0.55,1996,5,7,0.605102622,1,TRUE,0.605102622169249,FALSE,FALSE,FALSE,FALSE,FALSE,FALSE,"NDVI available"
102,"Acrocephalus_schoenobaenus","Acrocephalidae",51.45,-0.55,1997,5,7,0.58018943,1,TRUE,0.580189429962761,FALSE,FALSE,FALSE,FALSE,FALSE,FALSE,"NDVI available"
103,"Acrocephalus_schoenobaenus","Acrocephalidae",51.45,-0.55,1998,5,7,0.601165156,1,TRUE,0.60116515554243,FALSE,FALSE,FALSE,FALSE,FALSE,FALSE,"NDVI available"
104,"Actitis_hypoleucos","Scolopacidae",54.75,-3.02,1998,4,6,0.680965844,1,TRUE,0.680965843621399,FALSE,FALSE,FALSE,FALSE,FALSE,FALSE,"NDVI available"
105,"Actitis_hypoleucos","Scolopacidae",54.75,-3.02,1999,4,6,0.638716649,1,TRUE,0.638716648501362,FALSE,FALSE,FALSE,FALSE,FALSE,FALSE,"NDVI available"
106,"Alauda_arvensis","Alaudidae",51.17,-4.63,1997,4,7,NA,1,TRUE,NA,FALSE,FALSE,FALSE,FALSE,TRUE,TRUE,"No valid pixel after masking"
107,"Alauda_arvensis","Alaudidae",51.17,-4.63,1998,4,7,NA,1,TRUE,NA,FALSE,FALSE,FALSE,FALSE,TRUE,TRUE,"No valid pixel after masking"
108,"Alauda_arvensis","Alaudidae",51.17,-4.63,1999,4,7,NA,1,TRUE,NA,FALSE,FALSE,FALSE,FALSE,TRUE,TRUE,"No valid pixel after masking"
109,"Alauda_arvensis","Alaudidae",51.17,-4.63,2000,4,7,NA,1,TRUE,NA,FALSE,FALSE,FALSE,FALSE,TRUE,TRUE,"No valid pixel after masking"
110,"Bartramia_longicauda","Scolopacidae",39.08,-96.58,2003,5,6,0.575339247,1,TRUE,0.575339247255068,FALSE,FALSE,FALSE,FALSE,FALSE,FALSE,"NDVI available"
111,"Bartramia_longicauda","Scolopacidae",39.08,-96.58,2004,5,6,0.582063999,1,TRUE,0.582063999155406,FALSE,FALSE,FALSE,FALSE,FALSE,FALSE,"NDVI available"
112,"Bartramia_longicauda","Scolopacidae",39.08,-96.58,2005,5,6,0.558751885,1,TRUE,0.558751884501689,FALSE,FALSE,FALSE,FALSE,FALSE,FALSE,"NDVI available"
113,"Bartramia_longicauda","Scolopacidae",39.08,-96.58,2006,5,6,0.553356841,1,TRUE,0.553356841216216,FALSE,FALSE,FALSE,FALSE,FALSE,FALSE,"NDVI available"
114,"Bartramia_longicauda","Scolopacidae",39.08,-96.58,2007,5,6,0.5759334,1,TRUE,0.5759334,FALSE,FALSE,FALSE,FALSE,FALSE,FALSE,"NDVI available"
115,"Branta_canadensis","Anatidae",43,-84,2000,3,6,0.274177126,1,TRUE,0.274177125899981,FALSE,FALSE,FALSE,FALSE,FALSE,FALSE,"NDVI available"
116,"Branta_canadensis","Anatidae",43,-84,2001,3,6,0.268710231,1,TRUE,0.268710230589609,FALSE,FALSE,FALSE,FALSE,FALSE,FALSE,"NDVI available"
117,"Branta_canadensis","Anatidae",43,-84,2002,3,6,0.298501318,1,TRUE,0.298501318349873,FALSE,FALSE,FALSE,FALSE,FALSE,FALSE,"NDVI available"
118,"Branta_leucopsis","Anatidae",57.28,18.75,1989,5,7,0.401542062,1,TRUE,0.401542062222222,FALSE,FALSE,FALSE,FALSE,FALSE,FALSE,"NDVI available"
119,"Branta_leucopsis","Anatidae",57.28,18.75,1990,5,7,0.457456915,1,TRUE,0.457456914572865,FALSE,FALSE,FALSE,FALSE,FALSE,FALSE,"NDVI available"
120,"Branta_leucopsis","Anatidae",57.28,18.75,1991,5,7,0.39761273,1,TRUE,0.397612730152445,FALSE,FALSE,FALSE,FALSE,FALSE,FALSE,"NDVI available"
121,"Calidris_alba","Scolopacidae",74.5,-21,2003,5,7,NA,1,TRUE,NA,FALSE,FALSE,FALSE,FALSE,TRUE,TRUE,"No valid pixel after masking"
122,"Calidris_alba","Scolopacidae",74.5,-21,2007,5,7,NA,1,TRUE,NA,FALSE,FALSE,FALSE,FALSE,TRUE,TRUE,"No valid pixel after masking"
123,"Calidris_alba","Scolopacidae",74.5,-21,2008,5,7,NA,1,TRUE,NA,FALSE,FALSE,FALSE,FALSE,TRUE,TRUE,"No valid pixel after masking"
124,"Calidris_alba","Scolopacidae",74.5,-21,2009,5,7,NA,1,TRUE,NA,FALSE,FALSE,FALSE,FALSE,TRUE,TRUE,"No valid pixel after masking"
125,"Calidris_alba","Scolopacidae",74.5,-21,2010,5,7,NA,1,TRUE,NA,FALSE,FALSE,FALSE,FALSE,TRUE,TRUE,"No valid pixel after masking"
126,"Calidris_alba","Scolopacidae",74.5,-21,2011,5,7,NA,1,TRUE,NA,FALSE,FALSE,FALSE,FALSE,TRUE,TRUE,"No valid pixel after masking"
127,"Calonectris_diomedea","Procellariidae",36.92,-25.17,2002,3,10,0.4682,1,TRUE,0.4682,FALSE,FALSE,FALSE,FALSE,FALSE,FALSE,"NDVI available"
128,"Calonectris_diomedea","Procellariidae",36.92,-25.17,2003,3,10,NA,1,TRUE,NA,FALSE,FALSE,FALSE,FALSE,TRUE,TRUE,"No valid pixel after masking"
129,"Linaria_cannabina","Fringillidae",56.5,10.83,1998,4,8,0.280420846,1,TRUE,0.280420846193416,FALSE,FALSE,FALSE,FALSE,FALSE,FALSE,"NDVI available"
130,"Linaria_cannabina","Fringillidae",56.5,10.83,1999,4,8,0.373443374,1,TRUE,0.373443374338212,FALSE,FALSE,FALSE,FALSE,FALSE,FALSE,"NDVI available"
131,"Charadrius_semipalmatus","Charadriidae",58.75,-95.07,1996,6,7,0.350958315,1,TRUE,0.350958315379804,FALSE,FALSE,FALSE,FALSE,FALSE,FALSE,"NDVI available"
132,"Charadrius_semipalmatus","Charadriidae",58.75,-95.07,1997,6,7,0.404342983,1,TRUE,0.404342983303436,FALSE,FALSE,FALSE,FALSE,FALSE,FALSE,"NDVI available"
133,"Coracias_garrulus","Coraciidae",37.3,-3.18,2007,5,7,0.34067619,1,TRUE,0.34067619047619,FALSE,FALSE,FALSE,FALSE,FALSE,FALSE,"NDVI available"
134,"Coracias_garrulus","Coraciidae",37.3,-3.18,2008,5,7,0.26411646,1,TRUE,0.264116460065903,FALSE,FALSE,FALSE,FALSE,FALSE,FALSE,"NDVI available"
135,"Coracias_garrulus","Coraciidae",37.3,-3.18,2009,5,7,0.35602946,1,TRUE,0.35602946031746,FALSE,FALSE,FALSE,FALSE,FALSE,FALSE,"NDVI available"
136,"Coracias_garrulus","Coraciidae",37.3,-3.18,2010,5,7,0.349903376,1,TRUE,0.349903375661376,FALSE,FALSE,FALSE,FALSE,FALSE,FALSE,"NDVI available"
137,"Coracias_garrulus","Coraciidae",37.3,-3.18,2011,5,7,0.375439095,1,TRUE,0.375439095238095,FALSE,FALSE,FALSE,FALSE,FALSE,FALSE,"NDVI available"
138,"Cyanocitta_stelleri","Corvidae",40.98,-124,2006,3,8,0.646993019,1,TRUE,0.646993019349637,FALSE,FALSE,FALSE,FALSE,FALSE,FALSE,"NDVI available"
139,"Cyanocitta_stelleri","Corvidae",40.98,-124,2007,3,8,0.692175758,1,TRUE,0.692175758218452,FALSE,FALSE,FALSE,FALSE,FALSE,FALSE,"NDVI available"
140,"Cyanocitta_stelleri","Corvidae",40.98,-124,2008,3,8,0.709419985,1,TRUE,0.709419985292454,FALSE,FALSE,FALSE,FALSE,FALSE,FALSE,"NDVI available"
141,"Cyanoliseus_patagonus","Psittacidae",-41.05,-62.8,1998,10,2,0.263335718,1,TRUE,0.263335717791411,FALSE,FALSE,FALSE,FALSE,FALSE,FALSE,"NDVI available"
142,"Cyanoliseus_patagonus","Psittacidae",-41.05,-62.8,1999,10,2,0.285735075,1,TRUE,0.285735075144509,FALSE,FALSE,FALSE,FALSE,FALSE,FALSE,"NDVI available"
143,"Cygnus_atratus","Anatidae",-37.55,14.82,1999,7,11,NA,1,TRUE,NA,FALSE,FALSE,FALSE,FALSE,TRUE,TRUE,"No valid pixel after masking"
144,"Cygnus_atratus","Anatidae",-37.55,14.82,2000,7,11,NA,1,TRUE,NA,FALSE,FALSE,FALSE,FALSE,TRUE,TRUE,"No valid pixel after masking"
145,"Cygnus_atratus","Anatidae",-37.55,14.82,2001,7,11,NA,1,TRUE,NA,FALSE,FALSE,FALSE,FALSE,TRUE,TRUE,"No valid pixel after masking"
146,"Setophaga_caerulescens","Parulidae",43.93,-71.75,1995,5,8,0.49011661,1,TRUE,0.490116609521944,FALSE,FALSE,FALSE,FALSE,FALSE,FALSE,"NDVI available"
147,"Setophaga_caerulescens","Parulidae",43.93,-71.75,1996,5,8,0.566833929,1,TRUE,0.56683392927116,FALSE,FALSE,FALSE,FALSE,FALSE,FALSE,"NDVI available"
148,"Setophaga_caerulescens","Parulidae",43.93,-71.75,1997,5,8,0.496839232,1,TRUE,0.496839231974922,FALSE,FALSE,FALSE,FALSE,FALSE,FALSE,"NDVI available"
149,"Setophaga_caerulescens","Parulidae",43.93,-71.75,1998,5,8,0.698847291,1,TRUE,0.698847291340125,FALSE,FALSE,FALSE,FALSE,FALSE,FALSE,"NDVI available"
152,"Diomedea_exulans","Diomedeidae",-54,-38,1998,12,5,NA,1,TRUE,NA,FALSE,FALSE,FALSE,FALSE,TRUE,TRUE,"No valid pixel after masking"
153,"Diomedea_exulans","Diomedeidae",-54,-38,1999,12,5,NA,1,TRUE,NA,FALSE,FALSE,FALSE,FALSE,TRUE,TRUE,"No valid pixel after masking"
154,"Diomedea_exulans","Diomedeidae",-46.87,37.68,2007,11,10,0.0163,1,TRUE,0.0163,FALSE,FALSE,FALSE,FALSE,FALSE,FALSE,"NDVI available"
155,"Diomedea_exulans","Diomedeidae",-46.87,37.68,2008,11,10,NA,1,TRUE,NA,FALSE,FALSE,FALSE,FALSE,TRUE,TRUE,"No valid pixel after masking"
156,"Diomedea_exulans","Diomedeidae",-46.87,37.68,2009,11,10,0.1704,1,TRUE,0.1704,FALSE,FALSE,FALSE,FALSE,FALSE,FALSE,"NDVI available"
159,"Emberiza_schoeniclus","Emberizidae",51.75,4.75,2002,2,7,0.413295376,1,TRUE,0.413295375555921,FALSE,FALSE,FALSE,FALSE,FALSE,FALSE,"NDVI available"
160,"Emberiza_schoeniclus","Emberizidae",51.75,4.75,2003,2,7,0.300243609,1,TRUE,0.300243608960632,FALSE,FALSE,FALSE,FALSE,FALSE,FALSE,"NDVI available"
161,"Emberiza_schoeniclus","Emberizidae",47,8,2002,3,8,0.559462368,1,TRUE,0.559462368366715,FALSE,FALSE,FALSE,FALSE,FALSE,FALSE,"NDVI available"
162,"Emberiza_schoeniclus","Emberizidae",47,8,2003,3,8,0.498609558,1,TRUE,0.498609558268311,FALSE,FALSE,FALSE,FALSE,FALSE,FALSE,"NDVI available"
163,"Emberiza_schoeniclus","Emberizidae",47,8,2004,3,8,0.525091082,1,TRUE,0.525091082368958,FALSE,FALSE,FALSE,FALSE,FALSE,FALSE,"NDVI available"
164,"Emberiza_schoeniclus","Emberizidae",47,8,2005,3,8,0.471229585,1,TRUE,0.471229585253456,FALSE,FALSE,FALSE,FALSE,FALSE,FALSE,"NDVI available"
165,"Empidonax_traillii","Tyrannidae",35.65,-118.03,1997,5,8,0.24061642,1,TRUE,0.240616419926518,FALSE,FALSE,FALSE,FALSE,FALSE,FALSE,"NDVI available"
166,"Empidonax_traillii","Tyrannidae",35.65,-118.03,1998,5,8,0.275996477,1,TRUE,0.275996477199049,FALSE,FALSE,FALSE,FALSE,FALSE,FALSE,"NDVI available"
167,"Empidonax_traillii","Tyrannidae",35.65,-118.03,1999,5,8,0.251593949,1,TRUE,0.251593948562784,FALSE,FALSE,FALSE,FALSE,FALSE,FALSE,"NDVI available"
168,"Empidonax_traillii","Tyrannidae",35.65,-118.03,2000,5,8,0.24143117,1,TRUE,0.241431169749087,FALSE,FALSE,FALSE,FALSE,FALSE,FALSE,"NDVI available"
169,"Empidonax_traillii","Tyrannidae",35.65,-118.03,2001,5,8,0.253220926,1,TRUE,0.253220926086017,FALSE,FALSE,FALSE,FALSE,FALSE,FALSE,"NDVI available"
170,"Empidonax_traillii","Tyrannidae",35.65,-118.03,2002,5,8,0.228532332,1,TRUE,0.228532331964556,FALSE,FALSE,FALSE,FALSE,FALSE,FALSE,"NDVI available"
171,"Empidonax_virescens","Tyrannidae",41.77,-79.93,1997,5,7,0.586028258,1,TRUE,0.586028258444061,FALSE,FALSE,FALSE,FALSE,FALSE,FALSE,"NDVI available"
172,"Empidonax_virescens","Tyrannidae",41.77,-79.93,2000,5,7,0.610867487,1,TRUE,0.610867486560503,FALSE,FALSE,FALSE,FALSE,FALSE,FALSE,"NDVI available"
173,"Empidonax_virescens","Tyrannidae",41.77,-79.93,2001,5,7,0.653138325,1,TRUE,0.65313832538797,FALSE,FALSE,FALSE,FALSE,FALSE,FALSE,"NDVI available"
174,"Empidonax_virescens","Tyrannidae",41.77,-79.93,2002,5,7,0.662021579,1,TRUE,0.662021579267674,FALSE,FALSE,FALSE,FALSE,FALSE,FALSE,"NDVI available"
175,"Chloebia_gouldiae","Estrildidae",-15.57,128,2008,2,8,0.275738554,1,TRUE,0.275738554137613,FALSE,FALSE,FALSE,FALSE,FALSE,FALSE,"NDVI available"
176,"Chloebia_gouldiae","Estrildidae",-15.57,128,2009,2,8,0.25149869,1,TRUE,0.251498689899122,FALSE,FALSE,FALSE,FALSE,FALSE,FALSE,"NDVI available"
177,"Falco_tinnunculus","Falconidae",62.98,22.83,1990,4,7,0.345864432,1,TRUE,0.345864431874382,FALSE,FALSE,FALSE,FALSE,FALSE,FALSE,"NDVI available"
178,"Falco_tinnunculus","Falconidae",62.98,22.83,1991,4,7,0.332940688,1,TRUE,0.33294068787124,FALSE,FALSE,FALSE,FALSE,FALSE,FALSE,"NDVI available"
179,"Falco_tinnunculus","Falconidae",62.98,22.83,1992,4,7,NA,1,TRUE,NA,FALSE,FALSE,FALSE,FALSE,TRUE,TRUE,"No valid pixel after masking"
180,"Ficedula_albicollis","Muscicapidae",50.1,20.4,2003,4,6,0.314235916,1,TRUE,0.314235915913355,FALSE,FALSE,FALSE,FALSE,FALSE,FALSE,"NDVI available"
181,"Ficedula_albicollis","Muscicapidae",50.1,20.4,2004,4,7,0.430027972,1,TRUE,0.430027972027972,FALSE,FALSE,FALSE,FALSE,FALSE,FALSE,"NDVI available"
182,"Ficedula_albicollis","Muscicapidae",50.1,20.4,2005,4,7,0.341032748,1,TRUE,0.341032748157781,FALSE,FALSE,FALSE,FALSE,FALSE,FALSE,"NDVI available"
183,"Ficedula_albicollis","Muscicapidae",50.1,20.4,2006,4,7,0.345985865,1,TRUE,0.345985865481536,FALSE,FALSE,FALSE,FALSE,FALSE,FALSE,"NDVI available"
184,"Ficedula_hypoleuca","Muscicapidae",52.45,7.25,1993,4,6,0.457072124,1,TRUE,0.457072124413145,FALSE,FALSE,FALSE,FALSE,FALSE,FALSE,"NDVI available"
185,"Ficedula_hypoleuca","Muscicapidae",52.45,7.25,1995,4,6,0.442357524,1,TRUE,0.442357524163569,FALSE,FALSE,FALSE,FALSE,FALSE,FALSE,"NDVI available"
186,"Ficedula_hypoleuca","Muscicapidae",52.45,7.25,1996,4,6,0.366401697,1,TRUE,0.366401697247706,FALSE,FALSE,FALSE,FALSE,FALSE,FALSE,"NDVI available"
187,"Ficedula_hypoleuca","Muscicapidae",41.07,-3.45,2005,4,6,0.485667785,1,TRUE,0.485667784959475,FALSE,FALSE,FALSE,FALSE,FALSE,FALSE,"NDVI available"
188,"Ficedula_hypoleuca","Muscicapidae",41.07,-3.45,2006,4,6,0.488899538,1,TRUE,0.488899538319483,FALSE,FALSE,FALSE,FALSE,FALSE,FALSE,"NDVI available"
191,"Geospiza_fortis","Thraupidae",-0.42,-90.37,1987,1,4,0.117105075,1,TRUE,0.117105075268817,FALSE,FALSE,FALSE,FALSE,FALSE,FALSE,"NDVI available"
192,"Geospiza_fortis","Thraupidae",-0.42,-90.37,1991,1,4,0.167590652,1,TRUE,0.167590651834504,FALSE,FALSE,FALSE,FALSE,FALSE,FALSE,"NDVI available"
193,"Hirundo_rustica","Hirundinidae",37.22,-80.42,2009,4,8,0.475342849,1,TRUE,0.475342849404117,FALSE,FALSE,FALSE,FALSE,FALSE,FALSE,"NDVI available"
194,"Hirundo_rustica","Hirundinidae",37.22,-80.42,2010,4,8,0.532754009,1,TRUE,0.532754008667389,FALSE,FALSE,FALSE,FALSE,FALSE,FALSE,"NDVI available"
195,"Hirundo_rustica","Hirundinidae",37.12,138.02,2005,4,8,0.326318929,1,TRUE,0.326318928683632,FALSE,FALSE,FALSE,FALSE,FALSE,FALSE,"NDVI available"
196,"Hirundo_rustica","Hirundinidae",37.12,138.02,2006,4,8,0.198434464,1,TRUE,0.198434464285714,FALSE,FALSE,FALSE,FALSE,FALSE,FALSE,"NDVI available"
197,"Hirundo_rustica","Hirundinidae",35.22,139.88,2006,4,8,0.523984403,1,TRUE,0.523984402515723,FALSE,FALSE,FALSE,FALSE,FALSE,FALSE,"NDVI available"
198,"Hirundo_rustica","Hirundinidae",35.22,139.88,2007,4,8,0.566680952,1,TRUE,0.56668095165472,FALSE,FALSE,FALSE,FALSE,FALSE,FALSE,"NDVI available"
199,"Hylocichla_mustelina","Turdidae",41.77,-79.93,2002,5,7,0.662021579,1,TRUE,0.662021579267674,FALSE,FALSE,FALSE,FALSE,FALSE,FALSE,"NDVI available"
200,"Hylocichla_mustelina","Turdidae",41.77,-79.93,2003,5,7,0.639797449,1,TRUE,0.639797449031342,FALSE,FALSE,FALSE,FALSE,FALSE,FALSE,"NDVI available"
201,"Hylocichla_mustelina","Turdidae",41.77,-79.93,2004,5,7,0.67643831,1,TRUE,0.676438310173446,FALSE,FALSE,FALSE,FALSE,FALSE,FALSE,"NDVI available"
202,"Icterus_galbula","Icteridae",36.37,-121.55,1994,3,6,0.49585043,1,TRUE,0.495850429639549,FALSE,FALSE,FALSE,FALSE,FALSE,FALSE,"NDVI available"
203,"Icterus_galbula","Icteridae",36.37,-121.55,1995,3,6,0.579354022,1,TRUE,0.579354022358615,FALSE,FALSE,FALSE,FALSE,FALSE,FALSE,"NDVI available"
204,"Jynx_torquilla","Picidae",51.9,11,2003,5,7,0.714860385,1,TRUE,0.714860384867881,FALSE,FALSE,FALSE,FALSE,FALSE,FALSE,"NDVI available"
205,"Jynx_torquilla","Picidae",51.9,11,2004,5,7,0.726849195,1,TRUE,0.726849195305951,FALSE,FALSE,FALSE,FALSE,FALSE,FALSE,"NDVI available"
206,"Jynx_torquilla","Picidae",51.9,11,2005,5,7,0.69991855,1,TRUE,0.699918549975382,FALSE,FALSE,FALSE,FALSE,FALSE,FALSE,"NDVI available"
207,"Lagopus_lagopus","Phasianidae",59.83,-136.33,1987,6,7,0.1982,1,TRUE,0.1982,FALSE,FALSE,FALSE,FALSE,FALSE,FALSE,"NDVI available"
208,"Lagopus_lagopus","Phasianidae",59.83,-136.33,1988,6,7,0.154593671,1,TRUE,0.154593670886076,FALSE,FALSE,FALSE,FALSE,FALSE,FALSE,"NDVI available"
209,"Lagopus_lagopus","Phasianidae",59.83,-136.33,1989,6,7,0.263271063,1,TRUE,0.263271062547099,FALSE,FALSE,FALSE,FALSE,FALSE,FALSE,"NDVI available"
210,"Lagopus_lagopus","Phasianidae",59.83,-136.33,1992,6,7,0.235477289,1,TRUE,0.235477288578902,FALSE,FALSE,FALSE,FALSE,FALSE,FALSE,"NDVI available"
211,"Lagopus_leucura","Phasianidae",48.68,-113.72,1996,5,9,0.168085592,1,TRUE,0.168085592343508,FALSE,FALSE,FALSE,FALSE,FALSE,FALSE,"NDVI available"
212,"Lagopus_leucura","Phasianidae",48.68,-113.72,1997,5,9,0.165251593,1,TRUE,0.165251592706503,FALSE,FALSE,FALSE,FALSE,FALSE,FALSE,"NDVI available"
213,"Lagopus_leucura","Phasianidae",48.68,-113.72,1998,5,9,0.241253555,1,TRUE,0.241253555031642,FALSE,FALSE,FALSE,FALSE,FALSE,FALSE,"NDVI available"
214,"Locustella_luscinioides","Locustellidae",40.63,-8.68,2002,3,7,0.487753346,1,TRUE,0.487753346080306,FALSE,FALSE,FALSE,FALSE,FALSE,FALSE,"NDVI available"
215,"Locustella_luscinioides","Locustellidae",40.63,-8.68,2003,3,7,0.47539685,1,TRUE,0.475396849593496,FALSE,FALSE,FALSE,FALSE,FALSE,FALSE,"NDVI available"
216,"Locustella_luscinioides","Locustellidae",40.63,-8.68,2005,3,7,0.402269398,1,TRUE,0.402269398207426,FALSE,FALSE,FALSE,FALSE,FALSE,FALSE,"NDVI available"
217,"Locustella_luscinioides","Locustellidae",40.63,-8.68,2006,3,7,0.480364224,1,TRUE,0.480364224265797,FALSE,FALSE,FALSE,FALSE,FALSE,FALSE,"NDVI available"
218,"Locustella_luscinioides","Locustellidae",40.63,-8.68,2007,3,7,0.486852533,1,TRUE,0.48685253274603,FALSE,FALSE,FALSE,FALSE,FALSE,FALSE,"NDVI available"
219,"Locustella_luscinioides","Locustellidae",40.63,-8.68,2008,3,7,0.524346624,1,TRUE,0.524346624368609,FALSE,FALSE,FALSE,FALSE,FALSE,FALSE,"NDVI available"
220,"Luscinia_svecica","Muscicapidae",62.42,8.87,1991,5,7,0.0429,1,TRUE,0.0429,FALSE,FALSE,FALSE,FALSE,FALSE,FALSE,"NDVI available"
221,"Luscinia_svecica","Muscicapidae",62.42,8.87,1992,5,7,0.2132,1,TRUE,0.2132,FALSE,FALSE,FALSE,FALSE,FALSE,FALSE,"NDVI available"
222,"Luscinia_svecica","Muscicapidae",62.42,8.87,1993,5,7,0.079603395,1,TRUE,0.079603395399781,FALSE,FALSE,FALSE,FALSE,FALSE,FALSE,"NDVI available"
223,"Luscinia_svecica","Muscicapidae",62.42,8.87,1994,5,7,0.141772309,1,TRUE,0.141772309247094,FALSE,FALSE,FALSE,FALSE,FALSE,FALSE,"NDVI available"
224,"Luscinia_svecica","Muscicapidae",62.42,8.87,1995,5,7,-0.056,1,TRUE,-0.056,FALSE,FALSE,FALSE,FALSE,FALSE,FALSE,"NDVI available"
225,"Luscinia_svecica","Muscicapidae",62.42,8.87,1996,5,7,0.0326,1,TRUE,0.0326,FALSE,FALSE,FALSE,FALSE,FALSE,FALSE,"NDVI available"
226,"Luscinia_svecica","Muscicapidae",62.42,8.87,1997,5,7,0.0474,1,TRUE,0.0474,FALSE,FALSE,FALSE,FALSE,FALSE,FALSE,"NDVI available"
227,"Luscinia_svecica","Muscicapidae",62.42,8.87,1998,5,7,0.077397575,1,TRUE,0.0773975745325922,FALSE,FALSE,FALSE,FALSE,FALSE,FALSE,"NDVI available"
228,"Luscinia_svecica","Muscicapidae",62.42,8.87,1999,5,7,0.096841845,1,TRUE,0.0968418454935622,FALSE,FALSE,FALSE,FALSE,FALSE,FALSE,"NDVI available"
229,"Luscinia_svecica","Muscicapidae",62.42,8.87,2000,5,7,0.1325,1,TRUE,0.1325,FALSE,FALSE,FALSE,FALSE,FALSE,FALSE,"NDVI available"
230,"Notiomystis_cincta","Notiomystidae",-36.6,174.88,2004,9,2,0.446314176,1,TRUE,0.446314176245211,FALSE,FALSE,FALSE,FALSE,FALSE,FALSE,"NDVI available"
231,"Notiomystis_cincta","Notiomystidae",-36.6,174.88,2005,9,2,0.30131,1,TRUE,0.30131,FALSE,FALSE,FALSE,FALSE,FALSE,FALSE,"NDVI available"
232,"Notiomystis_cincta","Notiomystidae",-36.6,174.88,2006,9,2,0.058189201,1,TRUE,0.0581892005610098,FALSE,FALSE,FALSE,FALSE,FALSE,FALSE,"NDVI available"
233,"Notiomystis_cincta","Notiomystidae",-36.6,174.88,2007,9,2,0.20992455,1,TRUE,0.209924549763033,FALSE,FALSE,FALSE,FALSE,FALSE,FALSE,"NDVI available"
234,"Notiomystis_cincta","Notiomystidae",-36.6,174.88,2008,9,2,0.263246937,1,TRUE,0.263246937416778,FALSE,FALSE,FALSE,FALSE,FALSE,FALSE,"NDVI available"
235,"Notiomystis_cincta","Notiomystidae",-36.6,174.88,2009,9,2,0.122493807,1,TRUE,0.122493806541406,FALSE,FALSE,FALSE,FALSE,FALSE,FALSE,"NDVI available"
236,"Notiomystis_cincta","Notiomystidae",-36.6,174.88,2010,9,2,0.320927273,1,TRUE,0.320927272727273,FALSE,FALSE,FALSE,FALSE,FALSE,FALSE,"NDVI available"
237,"Oenanthe_oenanthe","Muscicapidae",49.5,8.17,2005,4,9,0.473535874,1,TRUE,0.473535873509591,FALSE,FALSE,FALSE,FALSE,FALSE,FALSE,"NDVI available"
238,"Oenanthe_oenanthe","Muscicapidae",49.5,8.17,2006,4,9,0.409718967,1,TRUE,0.409718966817496,FALSE,FALSE,FALSE,FALSE,FALSE,FALSE,"NDVI available"
239,"Suthora_webbiana","Paradoxornithidae",37.53,127.03,2005,4,8,0.219184859,1,TRUE,0.219184859268845,FALSE,FALSE,FALSE,FALSE,FALSE,FALSE,"NDVI available"
240,"Suthora_webbiana","Paradoxornithidae",37.53,127.03,2006,4,8,0.247861604,1,TRUE,0.247861603580287,FALSE,FALSE,FALSE,FALSE,FALSE,FALSE,"NDVI available"
241,"Periparus_ater","Paridae",52.45,7.25,2000,4,7,0.482104628,1,TRUE,0.482104628427714,FALSE,FALSE,FALSE,FALSE,FALSE,FALSE,"NDVI available"
242,"Periparus_ater","Paridae",52.45,7.25,2001,4,7,0.476230995,1,TRUE,0.476230995456758,FALSE,FALSE,FALSE,FALSE,FALSE,FALSE,"NDVI available"
243,"Periparus_ater","Paridae",52.45,7.25,2002,4,7,0.491891956,1,TRUE,0.491891956027908,FALSE,FALSE,FALSE,FALSE,FALSE,FALSE,"NDVI available"
244,"Cyanistes_caeruleus","Paridae",42.52,8.77,2000,5,7,0.485966915,1,TRUE,0.485966914643696,FALSE,FALSE,FALSE,FALSE,FALSE,FALSE,"NDVI available"
245,"Cyanistes_caeruleus","Paridae",42.52,8.77,2001,5,7,0.537078842,1,TRUE,0.537078841886269,FALSE,FALSE,FALSE,FALSE,FALSE,FALSE,"NDVI available"
246,"Cyanistes_caeruleus","Paridae",43.66,3.67,2000,4,6,0.437260217,1,TRUE,0.437260217078303,FALSE,FALSE,FALSE,FALSE,FALSE,FALSE,"NDVI available"
247,"Cyanistes_caeruleus","Paridae",43.66,3.67,2001,4,6,0.492034244,1,TRUE,0.492034243803743,FALSE,FALSE,FALSE,FALSE,FALSE,FALSE,"NDVI available"
248,"Cyanistes_caeruleus","Paridae",51.25,4.47,1990,3,6,0.386307895,1,TRUE,0.386307895404925,FALSE,FALSE,FALSE,FALSE,FALSE,FALSE,"NDVI available"
249,"Cyanistes_caeruleus","Paridae",51.25,4.47,1991,3,6,0.391290365,1,TRUE,0.391290364756829,FALSE,FALSE,FALSE,FALSE,FALSE,FALSE,"NDVI available"
250,"Cyanistes_caeruleus","Paridae",51.25,4.47,1992,3,6,0.200130525,1,TRUE,0.200130525238745,FALSE,FALSE,FALSE,FALSE,FALSE,FALSE,"NDVI available"
251,"Cyanistes_caeruleus","Paridae",51.25,4.47,1993,3,6,0.336075595,1,TRUE,0.336075595436376,FALSE,FALSE,FALSE,FALSE,FALSE,FALSE,"NDVI available"
252,"Cyanistes_caeruleus","Paridae",58.87,9.6,1992,4,7,0.238057389,1,TRUE,0.238057389110784,FALSE,FALSE,FALSE,FALSE,FALSE,FALSE,"NDVI available"
253,"Cyanistes_caeruleus","Paridae",58.87,9.6,1993,4,7,0.254411526,1,TRUE,0.254411525785188,FALSE,FALSE,FALSE,FALSE,FALSE,FALSE,"NDVI available"
254,"Cyanistes_caeruleus","Paridae",58.87,9.6,1994,4,7,0.088278495,1,TRUE,0.0882784950071327,FALSE,FALSE,FALSE,FALSE,FALSE,FALSE,"NDVI available"
255,"Parus_major","Paridae",33.52,130.03,1999,NA,NA,NA,0,FALSE,NA,FALSE,FALSE,TRUE,TRUE,TRUE,FALSE,"Missing coordinates, study year, or first breeding month"
256,"Parus_major","Paridae",33.52,130.03,2000,NA,NA,NA,0,FALSE,NA,FALSE,FALSE,TRUE,TRUE,TRUE,FALSE,"Missing coordinates, study year, or first breeding month"
257,"Parus_major","Paridae",58.87,9.6,1992,4,7,0.238057389,1,TRUE,0.238057389110784,FALSE,FALSE,FALSE,FALSE,FALSE,FALSE,"NDVI available"
258,"Parus_major","Paridae",58.87,9.6,1993,4,7,0.254411526,1,TRUE,0.254411525785188,FALSE,FALSE,FALSE,FALSE,FALSE,FALSE,"NDVI available"
259,"Parus_major","Paridae",58.87,9.6,1994,4,7,0.088278495,1,TRUE,0.0882784950071327,FALSE,FALSE,FALSE,FALSE,FALSE,FALSE,"NDVI available"
260,"Parus_major","Paridae",58.87,9.6,1995,4,7,0.209052391,1,TRUE,0.209052391149179,FALSE,FALSE,FALSE,FALSE,FALSE,FALSE,"NDVI available"
261,"Parus_major","Paridae",51.42,7.65,1993,3,6,0.329773447,1,TRUE,0.329773447046843,FALSE,FALSE,FALSE,FALSE,FALSE,FALSE,"NDVI available"
262,"Parus_major","Paridae",51.42,7.65,1994,3,6,0.321816357,1,TRUE,0.321816356924644,FALSE,FALSE,FALSE,FALSE,FALSE,FALSE,"NDVI available"
263,"Parus_major","Paridae",42.67,141.6,2009,5,7,0.471054556,1,TRUE,0.471054556248145,FALSE,FALSE,FALSE,FALSE,FALSE,FALSE,"NDVI available"
264,"Parus_major","Paridae",42.67,141.6,2010,5,7,0.482297716,1,TRUE,0.482297716405606,FALSE,FALSE,FALSE,FALSE,FALSE,FALSE,"NDVI available"
265,"Sittiparus_varius","Paridae",40.02,122.93,2009,3,7,0.222324656,1,TRUE,0.2223246563216,FALSE,FALSE,FALSE,FALSE,FALSE,FALSE,"NDVI available"
266,"Sittiparus_varius","Paridae",40.02,122.93,2010,3,7,0.203390804,1,TRUE,0.203390803999167,FALSE,FALSE,FALSE,FALSE,FALSE,FALSE,"NDVI available"
267,"Sittiparus_varius","Paridae",40.02,122.93,2011,3,7,0.198587961,1,TRUE,0.198587960841491,FALSE,FALSE,FALSE,FALSE,FALSE,FALSE,"NDVI available"
268,"Passer_domesticus","Passeridae",47.33,-2.87,2009,4,6,NA,1,TRUE,NA,FALSE,FALSE,FALSE,FALSE,TRUE,TRUE,"No valid pixel after masking"
269,"Passer_domesticus","Passeridae",47.33,-2.87,2010,4,6,0.12004,1,TRUE,0.12004,FALSE,FALSE,FALSE,FALSE,FALSE,FALSE,"NDVI available"
270,"Passer_domesticus","Passeridae",47.33,-2.87,2011,4,6,0.1644,1,TRUE,0.1644,FALSE,FALSE,FALSE,FALSE,FALSE,FALSE,"NDVI available"
271,"Passer_domesticus","Passeridae",51,-4,1995,4,7,0.666653413,1,TRUE,0.666653413485791,FALSE,FALSE,FALSE,FALSE,FALSE,FALSE,"NDVI available"
272,"Passer_domesticus","Passeridae",51,-4,1996,4,7,0.693180048,1,TRUE,0.693180047996428,FALSE,FALSE,FALSE,FALSE,FALSE,FALSE,"NDVI available"
273,"Passer_domesticus","Passeridae",35.7,-83.2,1995,3,8,0.512914172,1,TRUE,0.512914172249838,FALSE,FALSE,FALSE,FALSE,FALSE,FALSE,"NDVI available"
274,"Passer_domesticus","Passeridae",35.7,-83.2,1996,3,8,0.496318498,1,TRUE,0.49631849792893,FALSE,FALSE,FALSE,FALSE,FALSE,FALSE,"NDVI available"
277,"Tachycineta_leucopyga","Hirundinidae",-54.73,-68.2,2008,10,1,0.258709132,1,TRUE,0.258709132212631,FALSE,FALSE,FALSE,FALSE,FALSE,FALSE,"NDVI available"
278,"Tachycineta_leucopyga","Hirundinidae",-54.73,-68.2,2009,10,1,0.124329508,1,TRUE,0.124329508196721,FALSE,FALSE,FALSE,FALSE,FALSE,FALSE,"NDVI available"
279,"Taeniopygia_guttata","Estrildidae",-31.08,142.7,2005,8,12,0.282113366,1,TRUE,0.282113366336634,FALSE,FALSE,FALSE,FALSE,FALSE,FALSE,"NDVI available"
280,"Taeniopygia_guttata","Estrildidae",-31.08,142.7,2006,8,12,0.260422819,1,TRUE,0.260422818870122,FALSE,FALSE,FALSE,FALSE,FALSE,FALSE,"NDVI available"
281,"Taeniopygia_guttata","Estrildidae",-31.08,142.7,2007,8,12,0.257025486,1,TRUE,0.257025486313337,FALSE,FALSE,FALSE,FALSE,FALSE,FALSE,"NDVI available"
282,"Thalassarche_chrysostoma","Diomedeidae",-54,-38,1998,10,10,NA,1,TRUE,NA,FALSE,FALSE,FALSE,FALSE,TRUE,TRUE,"No valid pixel after masking"
283,"Thalassarche_chrysostoma","Diomedeidae",-54,-38,1999,10,10,NA,1,TRUE,NA,FALSE,FALSE,FALSE,FALSE,TRUE,TRUE,"No valid pixel after masking"
284,"Thalassarche_melanophris","Diomedeidae",-54,-38,1998,10,11,NA,1,TRUE,NA,FALSE,FALSE,FALSE,FALSE,TRUE,TRUE,"No valid pixel after masking"
285,"Thalassarche_melanophris","Diomedeidae",-54,-38,1999,10,11,NA,1,TRUE,NA,FALSE,FALSE,FALSE,FALSE,TRUE,TRUE,"No valid pixel after masking"
286,"Thryophilus_pleurostictus","Troglodytidae",10.67,-85.5,2002,4,8,0.411167205,1,TRUE,0.411167205093834,FALSE,FALSE,FALSE,FALSE,FALSE,FALSE,"NDVI available"
287,"Thryophilus_pleurostictus","Troglodytidae",10.67,-85.5,2003,4,8,0.444164426,1,TRUE,0.44416442603234,FALSE,FALSE,FALSE,FALSE,FALSE,FALSE,"NDVI available"
288,"Thryophilus_pleurostictus","Troglodytidae",10.67,-85.5,2004,4,8,0.430296034,1,TRUE,0.430296034246575,FALSE,FALSE,FALSE,FALSE,FALSE,FALSE,"NDVI available"
289,"Thryophilus_pleurostictus","Troglodytidae",10.67,-85.5,2005,4,8,0.385998159,1,TRUE,0.385998159336799,FALSE,FALSE,FALSE,FALSE,FALSE,FALSE,"NDVI available"
290,"Turdus_grayi","Turdidae",9.12,-79.7,1994,1,3,0.612027168,1,TRUE,0.612027168166881,FALSE,FALSE,FALSE,FALSE,FALSE,FALSE,"NDVI available"
291,"Turdus_grayi","Turdidae",9.12,-79.7,1995,1,3,0.617803101,1,TRUE,0.617803100831753,FALSE,FALSE,FALSE,FALSE,FALSE,FALSE,"NDVI available"
296,"Tyrannus_tyrannus","Tyrannidae",43,-119,2002,5,8,0.29791848,1,TRUE,0.297918479953289,FALSE,FALSE,FALSE,FALSE,FALSE,FALSE,"NDVI available"
297,"Tyrannus_tyrannus","Tyrannidae",43,-119,2003,5,8,0.319588376,1,TRUE,0.31958837582717,FALSE,FALSE,FALSE,FALSE,FALSE,FALSE,"NDVI available"
298,"Tyrannus_tyrannus","Tyrannidae",43,-119,2004,5,8,0.264138877,1,TRUE,0.26413887699494,FALSE,FALSE,FALSE,FALSE,FALSE,FALSE,"NDVI available"
299,"Volatinia_jacarina","Thraupidae",-15.93,-47.93,2008,10,2,0.365336557,1,TRUE,0.365336557331091,FALSE,FALSE,FALSE,FALSE,FALSE,FALSE,"NDVI available"
300,"Volatinia_jacarina","Thraupidae",-15.93,-47.93,2009,10,2,0.399889855,1,TRUE,0.399889855072464,FALSE,FALSE,FALSE,FALSE,FALSE,FALSE,"NDVI available"
301,"Volatinia_jacarina","Thraupidae",-15.93,-47.93,2010,10,2,0.319988955,1,TRUE,0.319988954850805,FALSE,FALSE,FALSE,FALSE,FALSE,FALSE,"NDVI available"
302,"Zonotrichia_leucophrys","Passerellidae",38.57,-119.03,1997,5,8,0.261595437,1,TRUE,0.261595436529781,FALSE,FALSE,FALSE,FALSE,FALSE,FALSE,"NDVI available"
303,"Zonotrichia_leucophrys","Passerellidae",38.57,-119.03,1998,5,8,0.245600689,1,TRUE,0.245600688612697,FALSE,FALSE,FALSE,FALSE,FALSE,FALSE,"NDVI available"
304,"Zonotrichia_leucophrys","Passerellidae",38.57,-119.03,1999,5,8,0.254062396,1,TRUE,0.25406239629866,FALSE,FALSE,FALSE,FALSE,FALSE,FALSE,"NDVI available"
305,"Zonotrichia_leucophrys","Passerellidae",43.16,-124.41,2005,3,6,0.607792174,1,TRUE,0.607792173991354,FALSE,FALSE,FALSE,FALSE,FALSE,FALSE,"NDVI available"
306,"Zonotrichia_leucophrys","Passerellidae",43.16,-124.41,2006,3,6,0.576394694,1,TRUE,0.576394694323144,FALSE,FALSE,FALSE,FALSE,FALSE,FALSE,"NDVI available"
307,"Zonotrichia_leucophrys","Passerellidae",43.16,-124.41,2007,3,6,0.656567541,1,TRUE,0.656567541010232,FALSE,FALSE,FALSE,FALSE,FALSE,FALSE,"NDVI available"
308,"Acrocephalus_paludicola","Acrocephalidae",53.33,22.67,1993,5,8,0.541848249,1,TRUE,0.541848249208419,FALSE,FALSE,FALSE,FALSE,FALSE,FALSE,"NDVI available"
309,"Acrocephalus_paludicola","Acrocephalidae",53.33,22.67,1994,5,8,0.530726795,1,TRUE,0.530726795288384,FALSE,FALSE,FALSE,FALSE,FALSE,FALSE,"NDVI available"
310,"Acrocephalus_paludicola","Acrocephalidae",53.33,22.67,1997,5,8,0.571080388,1,TRUE,0.571080387953037,FALSE,FALSE,FALSE,FALSE,FALSE,FALSE,"NDVI available"
313,"Aphelocoma_wollweberi","Corvidae",31.92,-109.25,1991,3,6,0.371368777,1,TRUE,0.371368776687825,FALSE,FALSE,FALSE,FALSE,FALSE,FALSE,"NDVI available"
314,"Aphelocoma_wollweberi","Corvidae",31.92,-109.25,1992,3,6,0.37522989,1,TRUE,0.375229890363531,FALSE,FALSE,FALSE,FALSE,FALSE,FALSE,"NDVI available"
315,"Aphelocoma_wollweberi","Corvidae",31.92,-109.25,1993,3,6,0.383743572,1,TRUE,0.383743571840739,FALSE,FALSE,FALSE,FALSE,FALSE,FALSE,"NDVI available"
316,"Aphelocoma_wollweberi","Corvidae",31.92,-109.25,1994,3,6,0.365007294,1,TRUE,0.365007293710329,FALSE,FALSE,FALSE,FALSE,FALSE,FALSE,"NDVI available"
317,"Aphelocoma_wollweberi","Corvidae",31.92,-109.25,1995,3,6,0.389417184,1,TRUE,0.38941718407386,FALSE,FALSE,FALSE,FALSE,FALSE,FALSE,"NDVI available"
318,"Aphelocoma_wollweberi","Corvidae",31.92,-109.25,1996,3,6,0.342746607,1,TRUE,0.342746607039815,FALSE,FALSE,FALSE,FALSE,FALSE,FALSE,"NDVI available"
334,"Gymnorhina_tibicen","Artamidae",-31.9,115.98,1996,7,2,0.476041257,1,TRUE,0.476041256764883,FALSE,FALSE,FALSE,FALSE,FALSE,FALSE,"NDVI available"
335,"Gymnorhina_tibicen","Artamidae",-31.9,115.98,1997,7,2,0.488995743,1,TRUE,0.488995742857143,FALSE,FALSE,FALSE,FALSE,FALSE,FALSE,"NDVI available"
336,"Gymnorhina_tibicen","Artamidae",-31.9,115.98,1998,7,2,0.515581307,1,TRUE,0.515581306967403,FALSE,FALSE,FALSE,FALSE,FALSE,FALSE,"NDVI available"
337,"Malurus_melanocephalus","Maluridae",-17.37,125.75,1998,10,2,0.228626496,1,TRUE,0.228626496170323,FALSE,FALSE,FALSE,FALSE,FALSE,FALSE,"NDVI available"
338,"Malurus_melanocephalus","Maluridae",-17.37,125.75,1999,10,2,0.235483818,1,TRUE,0.23548381799299,FALSE,FALSE,FALSE,FALSE,FALSE,FALSE,"NDVI available"
339,"Malurus_melanocephalus","Maluridae",-17.37,125.75,2000,10,2,0.216794898,1,TRUE,0.216794898091653,FALSE,FALSE,FALSE,FALSE,FALSE,FALSE,"NDVI available"
340,"Malurus_melanocephalus","Maluridae",-17.37,125.75,2003,10,2,0.229494041,1,TRUE,0.229494041282617,FALSE,FALSE,FALSE,FALSE,FALSE,FALSE,"NDVI available"
341,"Malurus_melanocephalus","Maluridae",-17.37,125.75,2004,10,2,0.231843574,1,TRUE,0.231843573932234,FALSE,FALSE,FALSE,FALSE,FALSE,FALSE,"NDVI available"
342,"Malurus_melanocephalus","Maluridae",-17.37,125.75,2005,10,2,0.208269181,1,TRUE,0.208269180838634,FALSE,FALSE,FALSE,FALSE,FALSE,FALSE,"NDVI available"
343,"Malurus_melanocephalus","Maluridae",-17.37,125.75,2006,10,2,0.249722589,1,TRUE,0.249722588601843,FALSE,FALSE,FALSE,FALSE,FALSE,FALSE,"NDVI available"
344,"Malurus_melanocephalus","Maluridae",-17.37,125.75,2007,10,2,0.228128262,1,TRUE,0.228128261716214,FALSE,FALSE,FALSE,FALSE,FALSE,FALSE,"NDVI available"
345,"Malurus_splendens","Maluridae",-34.33,139.03,1992,10,12,0.571453987,1,TRUE,0.571453987419971,FALSE,FALSE,FALSE,FALSE,FALSE,FALSE,"NDVI available"
346,"Malurus_splendens","Maluridae",-34.33,139.03,1993,10,12,0.544826547,1,TRUE,0.54482654723127,FALSE,FALSE,FALSE,FALSE,FALSE,FALSE,"NDVI available"
347,"Malurus_splendens","Maluridae",-34.33,139.03,1995,10,12,0.521131225,1,TRUE,0.52113122542963,FALSE,FALSE,FALSE,FALSE,FALSE,FALSE,"NDVI available"
348,"Malurus_splendens","Maluridae",-34.33,139.03,1996,10,12,0.589837942,1,TRUE,0.589837942266652,FALSE,FALSE,FALSE,FALSE,FALSE,FALSE,"NDVI available"
349,"Malurus_splendens","Maluridae",-34.33,139.03,1997,10,12,0.526433972,1,TRUE,0.526433971694934,FALSE,FALSE,FALSE,FALSE,FALSE,FALSE,"NDVI available"
350,"Malurus_splendens","Maluridae",-34.33,139.03,1998,10,12,0.477237156,1,TRUE,0.477237156014826,FALSE,FALSE,FALSE,FALSE,FALSE,FALSE,"NDVI available"
351,"Manorina_melanocephala","Meliphagidae",-27.33,152.55,1992,7,11,0.419984202,1,TRUE,0.419984201619727,FALSE,FALSE,FALSE,FALSE,FALSE,FALSE,"NDVI available"
352,"Manorina_melanocephala","Meliphagidae",-27.33,152.55,1993,7,11,0.367494041,1,TRUE,0.367494040855796,FALSE,FALSE,FALSE,FALSE,FALSE,FALSE,"NDVI available"
356,"Sialia_mexicana","Turdidae",35.88,-106.03,2010,5,8,0.273801058,1,TRUE,0.27380105796782,FALSE,FALSE,FALSE,FALSE,FALSE,FALSE,"NDVI available"
357,"Sialia_mexicana","Turdidae",35.88,-106.03,2011,5,8,0.252046688,1,TRUE,0.252046688340313,FALSE,FALSE,FALSE,FALSE,FALSE,FALSE,"NDVI available"
358,"Sialia_mexicana","Turdidae",35.88,-106.03,2012,5,8,0.272024504,1,TRUE,0.272024504077584,FALSE,FALSE,FALSE,FALSE,FALSE,FALSE,"NDVI available"
361,"Malurus_splendens","Maluridae",-34.35,139.5,1992,10,12,0.353382058,1,TRUE,0.353382058177827,FALSE,FALSE,FALSE,FALSE,FALSE,FALSE,"NDVI available"
362,"Malurus_splendens","Maluridae",-34.35,139.5,1993,10,12,0.337555582,1,TRUE,0.337555581778266,FALSE,FALSE,FALSE,FALSE,FALSE,FALSE,"NDVI available"
363,"Malurus_splendens","Maluridae",-34.35,139.5,1995,10,12,0.326112991,1,TRUE,0.326112991218441,FALSE,FALSE,FALSE,FALSE,FALSE,FALSE,"NDVI available"
364,"Malurus_splendens","Maluridae",-34.35,139.5,1996,10,12,0.336629237,1,TRUE,0.336629237102086,FALSE,FALSE,FALSE,FALSE,FALSE,FALSE,"NDVI available"
365,"Malurus_splendens","Maluridae",-34.35,139.5,1997,10,12,0.328034912,1,TRUE,0.328034912184413,FALSE,FALSE,FALSE,FALSE,FALSE,FALSE,"NDVI available"
366,"Malurus_splendens","Maluridae",-34.35,139.5,1998,10,12,0.321401515,1,TRUE,0.32140151481888,FALSE,FALSE,FALSE,FALSE,FALSE,FALSE,"NDVI available"
367,"Melanerpes_formicivorus","Picidae",-0.37,36.08,1982,10,12,0.417669486,1,TRUE,0.417669486441085,FALSE,FALSE,FALSE,FALSE,FALSE,FALSE,"NDVI available"
368,"Melanerpes_formicivorus","Picidae",-0.37,36.08,1983,10,12,0.440560028,1,TRUE,0.440560027855153,FALSE,FALSE,FALSE,FALSE,FALSE,FALSE,"NDVI available"
369,"Melanerpes_formicivorus","Picidae",-0.37,36.08,1984,10,12,0.256429248,1,TRUE,0.256429247910864,FALSE,FALSE,FALSE,FALSE,FALSE,FALSE,"NDVI available"
370,"Astur_gentilis","Accipitridae",36.71,-112.22,1991,4,8,0.342613763,1,TRUE,0.342613762819114,FALSE,FALSE,FALSE,FALSE,FALSE,FALSE,"NDVI available"
371,"Astur_gentilis","Accipitridae",36.71,-112.22,1992,4,8,0.325737377,1,TRUE,0.325737377263801,FALSE,FALSE,FALSE,FALSE,FALSE,FALSE,"NDVI available"
372,"Astur_gentilis","Accipitridae",36.71,-112.22,1993,4,8,0.33669221,1,TRUE,0.33669221034257,FALSE,FALSE,FALSE,FALSE,FALSE,FALSE,"NDVI available"
373,"Passer_domesticus","Passeridae",35,-83,1995,3,NA,0.483962034,1,TRUE,0.483962034212247,FALSE,FALSE,FALSE,FALSE,FALSE,FALSE,"NDVI available"
374,"Passer_domesticus","Passeridae",35,-83,1996,3,NA,0.484361642,1,TRUE,0.484361641969928,FALSE,FALSE,FALSE,FALSE,FALSE,FALSE,"NDVI available"
375,"Passer_domesticus","Passeridae",35,-83,2004,5,8,0.738690009,1,TRUE,0.738690008716496,FALSE,FALSE,FALSE,FALSE,FALSE,FALSE,"NDVI available"
376,"Passer_domesticus","Passeridae",48.17,16.3,2000,NA,NA,NA,0,FALSE,NA,FALSE,FALSE,TRUE,TRUE,TRUE,FALSE,"Missing coordinates, study year, or first breeding month"
377,"Passer_domesticus","Passeridae",48.17,16.3,1999,3,7,0.309400821,1,TRUE,0.309400821280992,FALSE,FALSE,FALSE,FALSE,FALSE,FALSE,"NDVI available"
378,"Passer_domesticus","Passeridae",40.63,-4,1995,NA,NA,NA,0,FALSE,NA,FALSE,FALSE,TRUE,TRUE,TRUE,FALSE,"Missing coordinates, study year, or first breeding month"
379,"Passer_domesticus","Passeridae",53.07,-0.95,1985,3,NA,0.401212587,1,TRUE,0.401212587326375,FALSE,FALSE,FALSE,FALSE,FALSE,FALSE,"NDVI available"
380,"Passer_domesticus","Passeridae",53.07,-0.95,1986,3,NA,0.215842346,1,TRUE,0.21584234629862,FALSE,FALSE,FALSE,FALSE,FALSE,FALSE,"NDVI available"
381,"Passer_domesticus","Passeridae",53.07,-0.95,1987,3,NA,0.371604624,1,TRUE,0.371604624314326,FALSE,FALSE,FALSE,FALSE,FALSE,FALSE,"NDVI available"
382,"Passer_domesticus","Passeridae",53.07,-0.95,1988,3,NA,0.414573646,1,TRUE,0.414573646209386,FALSE,FALSE,FALSE,FALSE,FALSE,FALSE,"NDVI available"
383,"Passer_domesticus","Passeridae",53.07,-0.95,1989,3,NA,0.467128454,1,TRUE,0.467128454399091,FALSE,FALSE,FALSE,FALSE,FALSE,FALSE,"NDVI available"
387,"Passer_montanus","Passeridae",46.25,20.13,2006,3,8,0.210506311,1,TRUE,0.210506310947562,FALSE,FALSE,FALSE,FALSE,FALSE,FALSE,"NDVI available"
388,"Passerculus_sandwichensis","Passerellidae",44.58,-66.77,2002,NA,NA,NA,0,FALSE,NA,FALSE,FALSE,TRUE,TRUE,TRUE,FALSE,"Missing coordinates, study year, or first breeding month"
389,"Passerculus_sandwichensis","Passerellidae",44.58,-66.77,2003,NA,NA,NA,0,FALSE,NA,FALSE,FALSE,TRUE,TRUE,TRUE,FALSE,"Missing coordinates, study year, or first breeding month"
390,"Passerina_cyanea","Cardinalidae",35.88,-79.02,1986,5,8,0.639624042,1,TRUE,0.639624042460057,FALSE,FALSE,FALSE,FALSE,FALSE,FALSE,"NDVI available"
391,"Petroica_longipes","Petroicidae",-47,168,2001,NA,NA,NA,0,FALSE,NA,FALSE,FALSE,TRUE,TRUE,TRUE,FALSE,"Missing coordinates, study year, or first breeding month"
392,"Petroica_longipes","Petroicidae",-47,168,2002,NA,NA,NA,0,FALSE,NA,FALSE,FALSE,TRUE,TRUE,TRUE,FALSE,"Missing coordinates, study year, or first breeding month"
393,"Petroica_longipes","Petroicidae",-47,168,2003,NA,NA,NA,0,FALSE,NA,FALSE,FALSE,TRUE,TRUE,TRUE,FALSE,"Missing coordinates, study year, or first breeding month"
394,"Petroica_longipes","Petroicidae",-47,168,2004,NA,NA,NA,0,FALSE,NA,FALSE,FALSE,TRUE,TRUE,TRUE,FALSE,"Missing coordinates, study year, or first breeding month"
395,"Petroica_longipes","Petroicidae",-45,168,2004,NA,NA,NA,0,FALSE,NA,FALSE,FALSE,TRUE,TRUE,TRUE,FALSE,"Missing coordinates, study year, or first breeding month"
396,"Petroica_longipes","Petroicidae",-34.37,119.6,2002,NA,NA,NA,0,FALSE,NA,FALSE,FALSE,TRUE,TRUE,TRUE,FALSE,"Missing coordinates, study year, or first breeding month"
397,"Petroica_longipes","Petroicidae",-34.37,119.6,2003,NA,NA,NA,0,FALSE,NA,FALSE,FALSE,TRUE,TRUE,TRUE,FALSE,"Missing coordinates, study year, or first breeding month"
398,"Petroica_longipes","Petroicidae",-34.37,119.6,2004,NA,NA,NA,0,FALSE,NA,FALSE,FALSE,TRUE,TRUE,TRUE,FALSE,"Missing coordinates, study year, or first breeding month"
399,"Gulosus_aristotelis","Phalacrocoracidae",56.18,-2.57,1987,NA,NA,NA,0,FALSE,NA,FALSE,FALSE,TRUE,TRUE,TRUE,FALSE,"Missing coordinates, study year, or first breeding month"
400,"Philesturnus_carunculatus","Callaeidae",-46.9,168.1,2001,9,2,0.492976695,1,TRUE,0.492976695437731,FALSE,FALSE,FALSE,FALSE,FALSE,FALSE,"NDVI available"
401,"Philesturnus_carunculatus","Callaeidae",-46.9,168.1,2002,9,2,0.342777508,1,TRUE,0.342777507836991,FALSE,FALSE,FALSE,FALSE,FALSE,FALSE,"NDVI available"
402,"Philesturnus_carunculatus","Callaeidae",-46.9,168.1,2003,9,2,0.492057149,1,TRUE,0.492057149142103,FALSE,FALSE,FALSE,FALSE,FALSE,FALSE,"NDVI available"
403,"Philesturnus_carunculatus","Callaeidae",-46.9,168.1,2004,9,2,0.444495625,1,TRUE,0.444495625494854,FALSE,FALSE,FALSE,FALSE,FALSE,FALSE,"NDVI available"
404,"Philesturnus_carunculatus","Callaeidae",-46.9,168.1,2005,9,2,0.02539839,1,TRUE,0.0253983903420523,FALSE,FALSE,FALSE,FALSE,FALSE,FALSE,"NDVI available"
405,"Philesturnus_carunculatus","Callaeidae",-46.9,168.1,2006,9,2,0.348409525,1,TRUE,0.348409525047668,FALSE,FALSE,FALSE,FALSE,FALSE,FALSE,"NDVI available"
406,"Phoebastria_irrorata","Diomedeidae",-1.38,-89.62,1996,4,NA,NA,1,TRUE,NA,FALSE,FALSE,FALSE,FALSE,TRUE,TRUE,"No valid pixel after masking"
407,"Phoebastria_irrorata","Diomedeidae",-1.38,-89.62,2000,3,NA,NA,1,TRUE,NA,FALSE,FALSE,FALSE,FALSE,TRUE,TRUE,"No valid pixel after masking"
408,"Phoebastria_irrorata","Diomedeidae",-1.38,-89.62,2001,3,NA,-0.0729,1,TRUE,-0.0729,FALSE,FALSE,FALSE,FALSE,FALSE,FALSE,"NDVI available"
409,"Phoebastria_irrorata","Diomedeidae",-1.38,-89.62,2002,3,NA,0.04575,1,TRUE,0.04575,FALSE,FALSE,FALSE,FALSE,FALSE,FALSE,"NDVI available"
410,"Phoenicurus_phoenicurus","Muscicapidae",62.47,11.8,2002,5,6,0.374782824,1,TRUE,0.374782824244909,FALSE,FALSE,FALSE,FALSE,FALSE,FALSE,"NDVI available"
411,"Phoenicurus_phoenicurus","Muscicapidae",62.47,11.8,2006,5,6,0.188232718,1,TRUE,0.188232717838444,FALSE,FALSE,FALSE,FALSE,FALSE,FALSE,"NDVI available"
412,"Phylloscopus_trochilus","Phylloscopidae",61.42,8.87,1993,5,7,0.134386539,1,TRUE,0.134386538752077,FALSE,FALSE,FALSE,FALSE,FALSE,FALSE,"NDVI available"
413,"Phylloscopus_trochilus","Phylloscopidae",56.92,18.12,1992,4,NA,0.236814286,1,TRUE,0.236814285714286,FALSE,FALSE,FALSE,FALSE,FALSE,FALSE,"NDVI available"
414,"Phylloscopus_trochilus","Phylloscopidae",56.92,18.12,1993,4,NA,0.209909784,1,TRUE,0.209909784172662,FALSE,FALSE,FALSE,FALSE,FALSE,FALSE,"NDVI available"
415,"Pipilo_maculatus","Passerellidae",45.5,-122.68,2004,NA,NA,NA,0,FALSE,NA,FALSE,FALSE,TRUE,TRUE,TRUE,FALSE,"Missing coordinates, study year, or first breeding month"
416,"Pipilo_maculatus","Passerellidae",45.5,-122.68,2005,NA,NA,NA,0,FALSE,NA,FALSE,FALSE,TRUE,TRUE,TRUE,FALSE,"Missing coordinates, study year, or first breeding month"
417,"Pipilo_maculatus","Passerellidae",45.5,-122.68,2006,NA,NA,NA,0,FALSE,NA,FALSE,FALSE,TRUE,TRUE,TRUE,FALSE,"Missing coordinates, study year, or first breeding month"
418,"Plectrophenax_nivalis","Calcariidae",78.22,15.63,1999,4,NA,NA,1,TRUE,NA,FALSE,FALSE,FALSE,FALSE,TRUE,TRUE,"No valid pixel after masking"
419,"Plectrophenax_nivalis","Calcariidae",78.22,15.63,2000,4,NA,NA,1,TRUE,NA,FALSE,FALSE,FALSE,FALSE,TRUE,TRUE,"No valid pixel after masking"
420,"Plectrophenax_nivalis","Calcariidae",78.22,15.63,2001,4,NA,NA,1,TRUE,NA,FALSE,FALSE,FALSE,FALSE,TRUE,TRUE,"No valid pixel after masking"
421,"Plectrophenax_nivalis","Calcariidae",78.22,15.63,2002,4,NA,NA,1,TRUE,NA,FALSE,FALSE,FALSE,FALSE,TRUE,TRUE,"No valid pixel after masking"
422,"Plectrophenax_nivalis","Calcariidae",78.22,15.63,2003,4,NA,NA,1,TRUE,NA,FALSE,FALSE,FALSE,FALSE,TRUE,TRUE,"No valid pixel after masking"
423,"Pluvialis_dominica","Charadriidae",71.29,-156.8,2004,6,7,0.252718894,1,TRUE,0.252718894380574,FALSE,FALSE,FALSE,FALSE,FALSE,FALSE,"NDVI available"
424,"Pluvialis_dominica","Charadriidae",71.29,-156.8,2005,6,7,0.182200831,1,TRUE,0.182200830896038,FALSE,FALSE,FALSE,FALSE,FALSE,FALSE,"NDVI available"
425,"Pluvialis_dominica","Charadriidae",71.29,-156.8,2006,6,7,0.228961586,1,TRUE,0.228961585850556,FALSE,FALSE,FALSE,FALSE,FALSE,FALSE,"NDVI available"
426,"Pluvialis_dominica","Charadriidae",71.29,-156.8,2007,6,7,0.122031134,1,TRUE,0.122031133960047,FALSE,FALSE,FALSE,FALSE,FALSE,FALSE,"NDVI available"
427,"Pluvialis_dominica","Charadriidae",71.29,-156.8,2008,6,7,0.198614528,1,TRUE,0.198614527529762,FALSE,FALSE,FALSE,FALSE,FALSE,FALSE,"NDVI available"
428,"Pluvialis_dominica","Charadriidae",71.29,-156.8,2009,6,7,0.195867699,1,TRUE,0.195867699335548,FALSE,FALSE,FALSE,FALSE,FALSE,FALSE,"NDVI available"
429,"Poephila_acuticauda","Estrildidae",-15.55,128,2008,3,9,0.271407744,1,TRUE,0.271407744043044,FALSE,FALSE,FALSE,FALSE,FALSE,FALSE,"NDVI available"
430,"Poephila_acuticauda","Estrildidae",-15.55,128,2009,3,9,0.29280351,1,TRUE,0.29280351012042,FALSE,FALSE,FALSE,FALSE,FALSE,FALSE,"NDVI available"
431,"Poephila_acuticauda","Estrildidae",-15.55,128,2010,3,9,0.265930708,1,TRUE,0.265930707522357,FALSE,FALSE,FALSE,FALSE,FALSE,FALSE,"NDVI available"
432,"Porphyrio_hochstetteri","Rallidae",NA,NA,1998,NA,NA,NA,0,FALSE,NA,TRUE,FALSE,TRUE,TRUE,TRUE,FALSE,"Missing coordinates, study year, or first breeding month"
433,"Pygoscelis_adeliae","Spheniscidae",-74.35,165.13,1998,11,1,NA,1,TRUE,NA,FALSE,FALSE,FALSE,FALSE,TRUE,TRUE,"No valid pixel after masking"
434,"Pygoscelis_antarcticus","Spheniscidae",-63,-60.67,1998,NA,NA,NA,0,FALSE,NA,FALSE,FALSE,TRUE,TRUE,TRUE,FALSE,"Missing coordinates, study year, or first breeding month"
435,"Quelea_quelea","Ploceidae",-21.08,31.92,1998,NA,NA,NA,0,FALSE,NA,FALSE,FALSE,TRUE,TRUE,TRUE,FALSE,"Missing coordinates, study year, or first breeding month"
436,"Remiz_coronatus","Remizidae",42.42,70.48,2008,NA,NA,NA,0,FALSE,NA,FALSE,FALSE,TRUE,TRUE,TRUE,FALSE,"Missing coordinates, study year, or first breeding month"
437,"Rhipidura_albiscapa","Rhipiduridae",-35.45,149.28,2002,9,2,0.443558265,1,TRUE,0.443558264731369,FALSE,FALSE,FALSE,FALSE,FALSE,FALSE,"NDVI available"
438,"Rhipidura_albiscapa","Rhipiduridae",-35.45,149.28,2003,9,2,0.508148879,1,TRUE,0.50814887889948,FALSE,FALSE,FALSE,FALSE,FALSE,FALSE,"NDVI available"
439,"Rhipidura_albiscapa","Rhipiduridae",-35.45,149.28,2004,9,2,0.387317602,1,TRUE,0.387317601819757,FALSE,FALSE,FALSE,FALSE,FALSE,FALSE,"NDVI available"
440,"Riparia_riparia","Hirundinidae",48.3,21.08,2002,5,6,0.608216783,1,TRUE,0.608216783185841,FALSE,FALSE,FALSE,FALSE,FALSE,FALSE,"NDVI available"
441,"Setophaga_ruticilla","Parulidae",41.77,-79.93,2002,5,7,0.662021579,1,TRUE,0.662021579267674,FALSE,FALSE,FALSE,FALSE,FALSE,FALSE,"NDVI available"
442,"Setophaga_ruticilla","Parulidae",41.77,-79.93,2003,5,7,0.639797449,1,TRUE,0.639797449031342,FALSE,FALSE,FALSE,FALSE,FALSE,FALSE,"NDVI available"
443,"Setophaga_ruticilla","Parulidae",45.07,-67.03,1987,5,7,0.37571662,1,TRUE,0.375716620375514,FALSE,FALSE,FALSE,FALSE,FALSE,FALSE,"NDVI available"
444,"Setophaga_ruticilla","Parulidae",45.07,-67.03,1988,5,7,0.401880312,1,TRUE,0.401880312044682,FALSE,FALSE,FALSE,FALSE,FALSE,FALSE,"NDVI available"
445,"Setophaga_ruticilla","Parulidae",45.07,-67.03,1989,5,7,0.377870535,1,TRUE,0.377870534550196,FALSE,FALSE,FALSE,FALSE,FALSE,FALSE,"NDVI available"
446,"Spheniscus_humboldti","Spheniscidae",-15.37,-75.2,1995,3,12,0.012059322,1,TRUE,0.0120593217054264,FALSE,FALSE,FALSE,FALSE,FALSE,FALSE,"NDVI available"
447,"Phalaropus_tricolor","Scolopacidae",51.45,-105.17,1990,NA,NA,NA,0,FALSE,NA,FALSE,FALSE,TRUE,TRUE,TRUE,FALSE,"Missing coordinates, study year, or first breeding month"
448,"Sterna_hirundo","Laridae",53.52,8.08,1999,4,6,0.534604806,1,TRUE,0.534604805649294,FALSE,FALSE,FALSE,FALSE,FALSE,FALSE,"NDVI available"
449,"Strix_aluco","Strigidae",46,6,2004,1,NA,0.415667581,1,TRUE,0.4156675810331,FALSE,FALSE,FALSE,FALSE,FALSE,FALSE,"NDVI available"
450,"Sturnus_unicolor","Sturnidae",40.5,-4,1996,4,NA,0.422342943,1,TRUE,0.422342942522889,FALSE,FALSE,FALSE,FALSE,FALSE,FALSE,"NDVI available"
451,"Sturnus_unicolor","Sturnidae",40.5,-4,1997,4,NA,0.404359572,1,TRUE,0.40435957246149,FALSE,FALSE,FALSE,FALSE,FALSE,FALSE,"NDVI available"
452,"Sturnus_vulgaris","Sturnidae",46.52,6.57,2001,NA,NA,NA,0,FALSE,NA,FALSE,FALSE,TRUE,TRUE,TRUE,FALSE,"Missing coordinates, study year, or first breeding month"
453,"Sturnus_vulgaris","Sturnidae",46.52,6.57,2002,NA,NA,NA,0,FALSE,NA,FALSE,FALSE,TRUE,TRUE,TRUE,FALSE,"Missing coordinates, study year, or first breeding month"
454,"Sturnus_vulgaris","Sturnidae",51.22,4.67,1988,NA,NA,NA,0,FALSE,NA,FALSE,FALSE,TRUE,TRUE,TRUE,FALSE,"Missing coordinates, study year, or first breeding month"
455,"Sturnus_vulgaris","Sturnidae",51.22,4.67,1989,NA,NA,NA,0,FALSE,NA,FALSE,FALSE,TRUE,TRUE,TRUE,FALSE,"Missing coordinates, study year, or first breeding month"
456,"Sula_granti","Sulidae",-1.33,-89.67,1990,NA,NA,NA,0,FALSE,NA,FALSE,FALSE,TRUE,TRUE,TRUE,FALSE,"Missing coordinates, study year, or first breeding month"
457,"Sula_nebouxii","Sulidae",21.87,-105.9,2011,2,5,NA,1,TRUE,NA,FALSE,FALSE,FALSE,FALSE,TRUE,TRUE,"No valid pixel after masking"
458,"Sula_sula","Sulidae",-1.33,-89.67,2005,NA,NA,NA,0,FALSE,NA,FALSE,FALSE,TRUE,TRUE,TRUE,FALSE,"Missing coordinates, study year, or first breeding month"
459,"Tachycineta_albilinea","Hirundinidae",9.17,-79.85,1996,1,7,0.58086838,1,TRUE,0.580868379871126,FALSE,FALSE,FALSE,FALSE,FALSE,FALSE,"NDVI available"
460,"Tachycineta_bicolor","Hirundinidae",44.57,-76.32,1993,4,NA,0.313204731,1,TRUE,0.313204730513659,FALSE,FALSE,FALSE,FALSE,FALSE,FALSE,"NDVI available"
461,"Tachycineta_bicolor","Hirundinidae",44.7,-76.2,1992,6,6,0.670551043,1,TRUE,0.670551043122917,FALSE,FALSE,FALSE,FALSE,FALSE,FALSE,"NDVI available"
462,"Tachycineta_bicolor","Hirundinidae",44.7,-76.2,1992,6,6,0.670551043,1,TRUE,0.670551043122917,FALSE,FALSE,FALSE,FALSE,FALSE,FALSE,"NDVI available"
463,"Tachycineta_bicolor","Hirundinidae",44.7,-76.2,1990,NA,NA,NA,0,FALSE,NA,FALSE,FALSE,TRUE,TRUE,TRUE,FALSE,"Missing coordinates, study year, or first breeding month"
464,"Tachycineta_bicolor","Hirundinidae",44.7,-76.2,1991,NA,NA,NA,0,FALSE,NA,FALSE,FALSE,TRUE,TRUE,TRUE,FALSE,"Missing coordinates, study year, or first breeding month"
465,"Tachycineta_bicolor","Hirundinidae",44.58,-66.77,1993,5,7,0.193496238,1,TRUE,0.193496238244514,FALSE,FALSE,FALSE,FALSE,FALSE,FALSE,"NDVI available"
466,"Tachycineta_bicolor","Hirundinidae",44.57,-76.32,2006,NA,NA,NA,0,FALSE,NA,FALSE,FALSE,TRUE,TRUE,TRUE,FALSE,"Missing coordinates, study year, or first breeding month"
467,"Tachycineta_bicolor","Hirundinidae",45,-74,2007,NA,NA,NA,0,FALSE,NA,FALSE,FALSE,TRUE,TRUE,TRUE,FALSE,"Missing coordinates, study year, or first breeding month"
468,"Tachycineta_bicolor","Hirundinidae",45,-74,2008,NA,NA,NA,0,FALSE,NA,FALSE,FALSE,TRUE,TRUE,TRUE,FALSE,"Missing coordinates, study year, or first breeding month"
469,"Tachycineta_bicolor","Hirundinidae",45,-74,2009,NA,NA,NA,0,FALSE,NA,FALSE,FALSE,TRUE,TRUE,TRUE,FALSE,"Missing coordinates, study year, or first breeding month"
470,"Tachycineta_bicolor","Hirundinidae",45,-74,2010,NA,NA,NA,0,FALSE,NA,FALSE,FALSE,TRUE,TRUE,TRUE,FALSE,"Missing coordinates, study year, or first breeding month"
471,"Tachycineta_bicolor","Hirundinidae",53,-123,2004,5,NA,0.482265866,1,TRUE,0.482265865655995,FALSE,FALSE,FALSE,FALSE,FALSE,FALSE,"NDVI available"
472,"Malurus_lamberti","Maluridae",-34.35,139.4833,2012,9,12,0.346204651,1,TRUE,0.346204650779706,FALSE,FALSE,FALSE,FALSE,FALSE,FALSE,"NDVI available"
473,"Malurus_lamberti","Maluridae",-34.35,139.4833,2013,9,12,0.348352471,1,TRUE,0.348352470898309,FALSE,FALSE,FALSE,FALSE,FALSE,FALSE,"NDVI available"
474,"Malurus_lamberti","Maluridae",-34.35,139.4833,2014,9,12,0.365216577,1,TRUE,0.36521657698221,FALSE,FALSE,FALSE,FALSE,FALSE,FALSE,"NDVI available"
475,"Malurus_lamberti","Maluridae",-34.35,139.4833,2015,9,12,0.33453238,1,TRUE,0.334532379749616,FALSE,FALSE,FALSE,FALSE,FALSE,FALSE,"NDVI available"
476,"Malurus_lamberti","Maluridae",40.75,-3.7833,2004,3,7,0.489688728,1,TRUE,0.489688728141904,FALSE,FALSE,FALSE,FALSE,FALSE,FALSE,"NDVI available"
477,"Sturnus_unicolor","Sturnidae",40.75,-3.7833,2005,3,7,0.413441846,1,TRUE,0.413441846275753,FALSE,FALSE,FALSE,FALSE,FALSE,FALSE,"NDVI available"
478,"Sturnus_unicolor","Sturnidae",40.75,-3.7833,2006,3,7,0.473120913,1,TRUE,0.473120912770263,FALSE,FALSE,FALSE,FALSE,FALSE,FALSE,"NDVI available"
479,"Tyrannus_forficatus","Tyrannidae",34.74,-98.67,2008,4,8,0.397044144,1,TRUE,0.397044144295302,FALSE,FALSE,FALSE,FALSE,FALSE,FALSE,"NDVI available"
480,"Tyrannus_forficatus","Tyrannidae",34.74,-98.67,2009,4,8,0.330466376,1,TRUE,0.330466375838926,FALSE,FALSE,FALSE,FALSE,FALSE,FALSE,"NDVI available"
481,"Tyrannus_forficatus","Tyrannidae",34.74,-98.67,2010,4,8,0.409392975,1,TRUE,0.409392975391499,FALSE,FALSE,FALSE,FALSE,FALSE,FALSE,"NDVI available"
482,"Tyrannus_forficatus","Tyrannidae",34.74,-98.67,2011,4,8,0.352197399,1,TRUE,0.352197399328859,FALSE,FALSE,FALSE,FALSE,FALSE,FALSE,"NDVI available"
483,"Tyrannus_forficatus","Tyrannidae",34.74,-98.67,2012,4,8,0.524449374,1,TRUE,0.52444937360179,FALSE,FALSE,FALSE,FALSE,FALSE,FALSE,"NDVI available"
484,"Tyrannus_forficatus","Tyrannidae",34.74,-98.67,2013,4,8,0.39062882,1,TRUE,0.390628819910515,FALSE,FALSE,FALSE,FALSE,FALSE,FALSE,"NDVI available"
485,"Tyrannus_forficatus","Tyrannidae",34.74,-98.67,2014,4,8,0.341785145,1,TRUE,0.34178514541387,FALSE,FALSE,FALSE,FALSE,FALSE,FALSE,"NDVI available"
486,"Luscinia_svecica","Muscicapidae",61.4167,8.8667,2013,5,8,0.085330721,1,TRUE,0.0853307205623902,FALSE,FALSE,FALSE,FALSE,FALSE,FALSE,"NDVI available"
487,"Luscinia_svecica","Muscicapidae",61.4167,8.8667,2014,5,8,0.175023806,1,TRUE,0.175023805942083,FALSE,FALSE,FALSE,FALSE,FALSE,FALSE,"NDVI available"
488,"Luscinia_svecica","Muscicapidae",61.4167,8.8667,2015,5,8,0.144432467,1,TRUE,0.144432466567608,FALSE,FALSE,FALSE,FALSE,FALSE,FALSE,"NDVI available"
495,"Cyanistes_caeruleus","Paridae",40.9,-4.0167,2013,4,6,0.518856201,1,TRUE,0.518856201005025,FALSE,FALSE,FALSE,FALSE,FALSE,FALSE,"NDVI available"
496,"Ammodramus_savannarum","Passerellidae",39.2311,-75.9819,2005,4,9,0.446541331,1,TRUE,0.446541330582774,FALSE,FALSE,FALSE,FALSE,FALSE,FALSE,"NDVI available"
497,"Ammodramus_savannarum","Passerellidae",39.2311,-75.9819,2006,4,9,0.479091029,1,TRUE,0.479091028547872,FALSE,FALSE,FALSE,FALSE,FALSE,FALSE,"NDVI available"
498,"Ammodramus_savannarum","Passerellidae",39.2311,-75.9819,2007,4,9,0.453217201,1,TRUE,0.453217200865711,FALSE,FALSE,FALSE,FALSE,FALSE,FALSE,"NDVI available"
499,"Ammodramus_savannarum","Passerellidae",39.2311,-75.9819,2008,4,9,0.488048793,1,TRUE,0.488048793192367,FALSE,FALSE,FALSE,FALSE,FALSE,FALSE,"NDVI available"
500,"Ammodramus_savannarum","Passerellidae",39.2311,-75.9819,2009,4,9,0.485094223,1,TRUE,0.48509422343605,FALSE,FALSE,FALSE,FALSE,FALSE,FALSE,"NDVI available"
501,"Tachycineta_albilinea","Hirundinidae",NA,NA,2003,3,6,NA,0,FALSE,NA,TRUE,FALSE,FALSE,TRUE,TRUE,FALSE,"Missing coordinates, study year, or first breeding month"
502,"Cyanistes_caeruleus","Paridae",57.05,18.2833,2009,4,6,0.13578178,1,TRUE,0.135781779550209,FALSE,FALSE,FALSE,FALSE,FALSE,FALSE,"NDVI available"
503,"Cyanistes_caeruleus","Paridae",57.05,18.2833,2010,4,6,0.221321463,1,TRUE,0.221321462501799,FALSE,FALSE,FALSE,FALSE,FALSE,FALSE,"NDVI available"
504,"Cyanistes_caeruleus","Paridae",57.05,18.2833,2011,4,6,0.232294747,1,TRUE,0.232294747459653,FALSE,FALSE,FALSE,FALSE,FALSE,FALSE,"NDVI available"
505,"Cyanistes_caeruleus","Paridae",57.05,18.2833,2012,4,6,0.249296929,1,TRUE,0.249296928656009,FALSE,FALSE,FALSE,FALSE,FALSE,FALSE,"NDVI available"
506,"Cyanistes_caeruleus","Paridae",57.05,18.2833,2013,4,6,0.16355425,1,TRUE,0.163554249600465,FALSE,FALSE,FALSE,FALSE,FALSE,FALSE,"NDVI available"
507,"Cyanistes_caeruleus","Paridae",57.05,18.2833,2014,4,6,0.365813722,1,TRUE,0.365813722440146,FALSE,FALSE,FALSE,FALSE,FALSE,FALSE,"NDVI available"
508,"Cyanistes_caeruleus","Paridae",57.05,18.2833,2015,4,6,0.316669155,1,TRUE,0.316669154885816,FALSE,FALSE,FALSE,FALSE,FALSE,FALSE,"NDVI available"
509,"Cyanistes_caeruleus","Paridae",57.05,18.2833,2016,4,6,0.325189528,1,TRUE,0.32518952785375,FALSE,FALSE,FALSE,FALSE,FALSE,FALSE,"NDVI available"
510,"Ficedula_hypoleuca","Muscicapidae",56.35,84.9333,2005,4,6,0.256793803,1,TRUE,0.256793802505527,FALSE,FALSE,FALSE,FALSE,FALSE,FALSE,"NDVI available"
511,"Rallus_aquaticus","Rallidae",46.91,23.91,2012,5,5,0.639838665,1,TRUE,0.639838665116279,FALSE,FALSE,FALSE,FALSE,FALSE,FALSE,"NDVI available"
512,"Ardea_ibis","Ardeidae",61.3,-22.5,2011,10,12,NA,1,TRUE,NA,FALSE,FALSE,FALSE,FALSE,TRUE,TRUE,"No valid pixel after masking"
513,"Myiopsitta_monachus","Psittacidae",41.39,2.17,2017,4,7,0.26081651,1,TRUE,0.260816509715994,FALSE,FALSE,FALSE,FALSE,FALSE,FALSE,"NDVI available"
514,"Myiopsitta_monachus","Psittacidae",41.39,2.17,2018,4,7,0.230729663,1,TRUE,0.230729663447027,FALSE,FALSE,FALSE,FALSE,FALSE,FALSE,"NDVI available"
515,"Cyanistes_caeruleus","Paridae",48.1333,10.8833,2018,3,6,0.435800055,1,TRUE,0.435800054975261,FALSE,FALSE,FALSE,FALSE,FALSE,FALSE,"NDVI available"
516,"Sturnus_vulgaris","Sturnidae",44.6167,-63.5667,2007,4,7,0.350819159,1,TRUE,0.350819159152126,FALSE,FALSE,FALSE,FALSE,FALSE,FALSE,"NDVI available"
517,"Sturnus_vulgaris","Sturnidae",44.6167,-63.5667,2008,4,7,0.367788894,1,TRUE,0.367788893637807,FALSE,FALSE,FALSE,FALSE,FALSE,FALSE,"NDVI available"
518,"Sturnus_vulgaris","Sturnidae",44.6167,-63.5667,2009,4,7,0.317009572,1,TRUE,0.317009571543132,FALSE,FALSE,FALSE,FALSE,FALSE,FALSE,"NDVI available"
519,"Sturnus_vulgaris","Sturnidae",44.6167,-63.5667,2011,4,7,0.352052705,1,TRUE,0.352052705234805,FALSE,FALSE,FALSE,FALSE,FALSE,FALSE,"NDVI available"
520,"Acrocephalus_scirpaceus","Acrocephalidae",21.6,51.5333,2006,5,8,0.090157468,1,TRUE,0.0901574678536103,FALSE,FALSE,FALSE,FALSE,FALSE,FALSE,"NDVI available"
521,"Acrocephalus_scirpaceus","Acrocephalidae",21.6,51.5333,2007,5,8,0.090442143,1,TRUE,0.0904421426805143,FALSE,FALSE,FALSE,FALSE,FALSE,FALSE,"NDVI available"
522,"Acrocephalus_scirpaceus","Acrocephalidae",21.6,51.5333,2008,5,8,0.08923606,1,TRUE,0.0892360595944609,FALSE,FALSE,FALSE,FALSE,FALSE,FALSE,"NDVI available"
523,"Acrocephalus_scirpaceus","Acrocephalidae",21.6,51.5333,2009,5,8,0.091009044,1,TRUE,0.0910090442631058,FALSE,FALSE,FALSE,FALSE,FALSE,FALSE,"NDVI available"
524,"Acrocephalus_scirpaceus","Acrocephalidae",21.6,51.5333,2010,5,8,0.08073507,1,TRUE,0.0807350704747774,FALSE,FALSE,FALSE,FALSE,FALSE,FALSE,"NDVI available"
525,"Acrocephalus_scirpaceus","Acrocephalidae",21.6,51.5333,2011,5,8,0.080712259,1,TRUE,0.0807122589020772,FALSE,FALSE,FALSE,FALSE,FALSE,FALSE,"NDVI available"
526,"Astur_cooperii","Accipitridae",NA,NA,2011,NA,NA,NA,0,FALSE,NA,TRUE,FALSE,TRUE,TRUE,TRUE,FALSE,"Missing coordinates, study year, or first breeding month"
527,"Astur_cooperii","Accipitridae",NA,NA,2012,NA,NA,NA,0,FALSE,NA,TRUE,FALSE,TRUE,TRUE,TRUE,FALSE,"Missing coordinates, study year, or first breeding month"
528,"Astur_cooperii","Accipitridae",NA,NA,2013,NA,NA,NA,0,FALSE,NA,TRUE,FALSE,TRUE,TRUE,TRUE,FALSE,"Missing coordinates, study year, or first breeding month"
529,"Astur_cooperii","Accipitridae",NA,NA,2014,NA,NA,NA,0,FALSE,NA,TRUE,FALSE,TRUE,TRUE,TRUE,FALSE,"Missing coordinates, study year, or first breeding month"
530,"Astur_cooperii","Accipitridae",NA,NA,2015,NA,NA,NA,0,FALSE,NA,TRUE,FALSE,TRUE,TRUE,TRUE,FALSE,"Missing coordinates, study year, or first breeding month"
531,"Astur_cooperii","Accipitridae",NA,NA,2012,NA,NA,NA,0,FALSE,NA,TRUE,FALSE,TRUE,TRUE,TRUE,FALSE,"Missing coordinates, study year, or first breeding month"
532,"Astur_cooperii","Accipitridae",NA,NA,2013,NA,NA,NA,0,FALSE,NA,TRUE,FALSE,TRUE,TRUE,TRUE,FALSE,"Missing coordinates, study year, or first breeding month"
533,"Astur_cooperii","Accipitridae",NA,NA,2014,NA,NA,NA,0,FALSE,NA,TRUE,FALSE,TRUE,TRUE,TRUE,FALSE,"Missing coordinates, study year, or first breeding month"
534,"Astur_cooperii","Accipitridae",NA,NA,2015,NA,NA,NA,0,FALSE,NA,TRUE,FALSE,TRUE,TRUE,TRUE,FALSE,"Missing coordinates, study year, or first breeding month"
535,"Furnarius_rufus","Furnariidae",-15.76,-47.86,2013,9,11,0.308884346,1,TRUE,0.30888434599768,FALSE,FALSE,FALSE,FALSE,FALSE,FALSE,"NDVI available"
536,"Furnarius_rufus","Furnariidae",-15.76,-47.86,2014,9,11,0.338695347,1,TRUE,0.338695346703369,FALSE,FALSE,FALSE,FALSE,FALSE,FALSE,"NDVI available"
537,"Furnarius_rufus","Furnariidae",-15.76,-47.86,2015,9,11,0.34223956,1,TRUE,0.342239559575305,FALSE,FALSE,FALSE,FALSE,FALSE,FALSE,"NDVI available"
538,"Cistothorus_stellaris","Troglodytidae",NA,NA,2016,10,2,NA,0,FALSE,NA,TRUE,FALSE,FALSE,TRUE,TRUE,FALSE,"Missing coordinates, study year, or first breeding month"
539,"Cistothorus_stellaris","Troglodytidae",NA,NA,2017,10,2,NA,0,FALSE,NA,TRUE,FALSE,FALSE,TRUE,TRUE,FALSE,"Missing coordinates, study year, or first breeding month"
540,"Microspingus_torquatus","Thraupidae",-28.05,-64.25,2008,10,1,0.35412216,1,TRUE,0.35412215980025,FALSE,FALSE,FALSE,FALSE,FALSE,FALSE,"NDVI available"
541,"Microspingus_torquatus","Thraupidae",-28.05,-64.25,2009,10,1,0.323503209,1,TRUE,0.3235032091219,FALSE,FALSE,FALSE,FALSE,FALSE,FALSE,"NDVI available"
542,"Microspingus_torquatus","Thraupidae",-28.05,-64.25,2010,10,1,0.392134718,1,TRUE,0.392134718309859,FALSE,FALSE,FALSE,FALSE,FALSE,FALSE,"NDVI available"
543,"Aphrastura_spinicauda","Furnariidae",-30.6333,-71.6667,2012,9,12,0.309725944,1,TRUE,0.309725943802793,FALSE,FALSE,FALSE,FALSE,FALSE,FALSE,"NDVI available"
544,"Aphrastura_spinicauda","Furnariidae",-30.6333,-71.6667,2013,9,12,0.300046425,1,TRUE,0.300046425033025,FALSE,FALSE,FALSE,FALSE,FALSE,FALSE,"NDVI available"
545,"Aphrastura_spinicauda","Furnariidae",-30.6333,-71.6667,2014,9,12,0.247380934,1,TRUE,0.247380934321669,FALSE,FALSE,FALSE,FALSE,FALSE,FALSE,"NDVI available"
546,"Aphrastura_spinicauda","Furnariidae",-30.6333,-71.6667,2015,9,12,0.361912153,1,TRUE,0.361912153077056,FALSE,FALSE,FALSE,FALSE,FALSE,FALSE,"NDVI available"
547,"Aphrastura_spinicauda","Furnariidae",-30.6333,-71.6667,2016,9,12,0.328563187,1,TRUE,0.328563186906377,FALSE,FALSE,FALSE,FALSE,FALSE,FALSE,"NDVI available"
548,"Aphrastura_spinicauda","Furnariidae",-30.6333,-71.6667,2017,9,12,0.406380473,1,TRUE,0.406380472957153,FALSE,FALSE,FALSE,FALSE,FALSE,FALSE,"NDVI available"
549,"Aphrastura_spinicauda","Furnariidae",-55.0667,-67.6667,2010,10,1,0.47225917,1,TRUE,0.472259170383586,FALSE,FALSE,FALSE,FALSE,FALSE,FALSE,"NDVI available"
550,"Aphrastura_spinicauda","Furnariidae",-55.0667,-67.6667,2011,10,1,0.476772404,1,TRUE,0.476772403725845,FALSE,FALSE,FALSE,FALSE,FALSE,FALSE,"NDVI available"
551,"Aphrastura_spinicauda","Furnariidae",-55.0667,-67.6667,2012,10,1,0.377151439,1,TRUE,0.377151439133879,FALSE,FALSE,FALSE,FALSE,FALSE,FALSE,"NDVI available"
552,"Aphrastura_spinicauda","Furnariidae",-55.0667,-67.6667,2013,10,1,0.456766293,1,TRUE,0.456766292798111,FALSE,FALSE,FALSE,FALSE,FALSE,FALSE,"NDVI available"
553,"Aphrastura_spinicauda","Furnariidae",-55.0667,-67.6667,2014,10,1,0.516448484,1,TRUE,0.516448483741322,FALSE,FALSE,FALSE,FALSE,FALSE,FALSE,"NDVI available"
554,"Aphrastura_spinicauda","Furnariidae",-55.0667,-67.6667,2015,10,1,0.386987677,1,TRUE,0.386987677304964,FALSE,FALSE,FALSE,FALSE,FALSE,FALSE,"NDVI available"
555,"Ficedula_hypoleuca","Muscicapidae",40,-3,2016,4,7,0.377586043,1,TRUE,0.377586043194784,FALSE,FALSE,FALSE,FALSE,FALSE,FALSE,"NDVI available"
556,"Ficedula_hypoleuca","Muscicapidae",40,-3,2017,4,7,0.387932707,1,TRUE,0.387932706805216,FALSE,FALSE,FALSE,FALSE,FALSE,FALSE,"NDVI available"
557,"Ficedula_hypoleuca","Muscicapidae",40,-3,2015,4,7,0.378981056,1,TRUE,0.378981056438468,FALSE,FALSE,FALSE,FALSE,FALSE,FALSE,"NDVI available"
558,"Ficedula_hypoleuca","Muscicapidae",40,-3,2016,4,7,0.377586043,1,TRUE,0.377586043194784,FALSE,FALSE,FALSE,FALSE,FALSE,FALSE,"NDVI available"
559,"Ficedula_hypoleuca","Muscicapidae",40,-3,2017,4,7,0.387932707,1,TRUE,0.387932706805216,FALSE,FALSE,FALSE,FALSE,FALSE,FALSE,"NDVI available"
568,"Calonectris_leucomelas","Procellariidae",39.4,141.99,2014,4,11,0.312677501,1,TRUE,0.312677500893176,FALSE,FALSE,FALSE,FALSE,FALSE,FALSE,"NDVI available"
569,"Calonectris_leucomelas","Procellariidae",39.4,141.99,2015,4,11,0.387617013,1,TRUE,0.387617012810559,FALSE,FALSE,FALSE,FALSE,FALSE,FALSE,"NDVI available"
570,"Calonectris_leucomelas","Procellariidae",39.4,141.99,2016,4,11,0.337978581,1,TRUE,0.33797858113354,FALSE,FALSE,FALSE,FALSE,FALSE,FALSE,"NDVI available"
571,"Sicalis_flaveola","Thraupidae",-35.5667,-58.0167,2013,10,3,0.612676954,1,TRUE,0.612676954162976,FALSE,FALSE,FALSE,FALSE,FALSE,FALSE,"NDVI available"
572,"Sicalis_flaveola","Thraupidae",-35.5667,-58.0167,2014,10,3,0.633955525,1,TRUE,0.633955524800708,FALSE,FALSE,FALSE,FALSE,FALSE,FALSE,"NDVI available"
573,"Sicalis_flaveola","Thraupidae",-35.5667,-58.0167,2015,10,3,0.589484422,1,TRUE,0.589484422054915,FALSE,FALSE,FALSE,FALSE,FALSE,FALSE,"NDVI available"
574,"Petronia_petronia","Passeridae",40.9,-4.0167,2001,NA,NA,NA,0,FALSE,NA,FALSE,FALSE,TRUE,TRUE,TRUE,FALSE,"Missing coordinates, study year, or first breeding month"
575,"Petronia_petronia","Passeridae",40.9,-4.0167,2016,NA,NA,NA,0,FALSE,NA,FALSE,FALSE,TRUE,TRUE,TRUE,FALSE,"Missing coordinates, study year, or first breeding month"
576,"Petronia_petronia","Passeridae",40.9,-4.0167,2017,NA,NA,NA,0,FALSE,NA,FALSE,FALSE,TRUE,TRUE,TRUE,FALSE,"Missing coordinates, study year, or first breeding month"
577,"Petronia_petronia","Passeridae",40.9,-4.0167,2018,NA,NA,NA,0,FALSE,NA,FALSE,FALSE,TRUE,TRUE,TRUE,FALSE,"Missing coordinates, study year, or first breeding month"
578,"Alcedo_atthis","Alcedinidae",47.9919,17.3367,2016,3,9,0.348009137,1,TRUE,0.348009136893912,FALSE,FALSE,FALSE,FALSE,FALSE,FALSE,"NDVI available"
579,"Alcedo_atthis","Alcedinidae",47.9919,17.3367,2017,3,9,0.31370159,1,TRUE,0.313701590411958,FALSE,FALSE,FALSE,FALSE,FALSE,FALSE,"NDVI available"
580,"Alcedo_atthis","Alcedinidae",47.9919,17.3367,2018,3,9,0.343714168,1,TRUE,0.343714167881881,FALSE,FALSE,FALSE,FALSE,FALSE,FALSE,"NDVI available"
581,"Cistothorus_stellaris","Troglodytidae",-32.6333,-69.3667,2015,10,2,0.12602169,1,TRUE,0.12602169032108,FALSE,FALSE,FALSE,FALSE,FALSE,FALSE,"NDVI available"
582,"Cistothorus_stellaris","Troglodytidae",-32.6333,-69.3667,2016,10,2,0.145582874,1,TRUE,0.145582873756144,FALSE,FALSE,FALSE,FALSE,FALSE,FALSE,"NDVI available"
583,"Cistothorus_stellaris","Troglodytidae",-32.6333,-69.3667,2017,10,2,0.155273759,1,TRUE,0.155273759312321,FALSE,FALSE,FALSE,FALSE,FALSE,FALSE,"NDVI available"
584,"Aegithalos_caudatus","Aegithalidae",52.3833,-1.5667,1995,4,5,0.563508044,1,TRUE,0.563508043875685,FALSE,FALSE,FALSE,FALSE,FALSE,FALSE,"NDVI available"
586,"Aegithalos_caudatus","Aegithalidae",52.3833,-1.5667,1997,4,5,0.616827664,1,TRUE,0.616827663638678,FALSE,FALSE,FALSE,FALSE,FALSE,FALSE,"NDVI available"
587,"Aegithalos_caudatus","Aegithalidae",52.3833,-1.5667,1998,4,5,0.580357287,1,TRUE,0.580357287328971,FALSE,FALSE,FALSE,FALSE,FALSE,FALSE,"NDVI available"
588,"Aegithalos_caudatus","Aegithalidae",52.3833,-1.5667,1999,4,5,0.592807755,1,TRUE,0.592807754619863,FALSE,FALSE,FALSE,FALSE,FALSE,FALSE,"NDVI available"
589,"Aegithalos_caudatus","Aegithalidae",52.3833,-1.5667,2000,4,5,0.569885188,1,TRUE,0.56988518780123,FALSE,FALSE,FALSE,FALSE,FALSE,FALSE,"NDVI available"
590,"Aegithalos_caudatus","Aegithalidae",52.3833,-1.5667,2001,4,5,0.5014,1,TRUE,0.5014,FALSE,FALSE,FALSE,FALSE,FALSE,FALSE,"NDVI available"
591,"Aegithalos_caudatus","Aegithalidae",52.3833,-1.5667,2002,4,5,0.615972387,1,TRUE,0.615972386571381,FALSE,FALSE,FALSE,FALSE,FALSE,FALSE,"NDVI available"
592,"Aegithalos_caudatus","Aegithalidae",52.3833,-1.5667,2003,4,5,0.560313333,1,TRUE,0.56031333305634,FALSE,FALSE,FALSE,FALSE,FALSE,FALSE,"NDVI available"
593,"Aegithalos_caudatus","Aegithalidae",52.3833,-1.5667,2004,4,5,0.62453761,1,TRUE,0.624537610104703,FALSE,FALSE,FALSE,FALSE,FALSE,FALSE,"NDVI available"
594,"Aegithalos_caudatus","Aegithalidae",52.3833,-1.5667,2005,4,5,0.559734797,1,TRUE,0.55973479724115,FALSE,FALSE,FALSE,FALSE,FALSE,FALSE,"NDVI available"
595,"Aegithalos_caudatus","Aegithalidae",52.3833,-1.5667,2006,4,5,0.561111837,1,TRUE,0.561111837142223,FALSE,FALSE,FALSE,FALSE,FALSE,FALSE,"NDVI available"
596,"Aegithalos_caudatus","Aegithalidae",52.3833,-1.5667,2007,4,5,0.587352485,1,TRUE,0.58735248462689,FALSE,FALSE,FALSE,FALSE,FALSE,FALSE,"NDVI available"
597,"Aegithalos_caudatus","Aegithalidae",52.3833,-1.5667,2008,4,5,0.561693158,1,TRUE,0.561693158428758,FALSE,FALSE,FALSE,FALSE,FALSE,FALSE,"NDVI available"
598,"Aegithalos_caudatus","Aegithalidae",52.3833,-1.5667,2009,4,5,0.589597191,1,TRUE,0.589597191291341,FALSE,FALSE,FALSE,FALSE,FALSE,FALSE,"NDVI available"
599,"Aegithalos_caudatus","Aegithalidae",52.3833,-1.5667,2010,4,5,0.569680451,1,TRUE,0.569680451221539,FALSE,FALSE,FALSE,FALSE,FALSE,FALSE,"NDVI available"
600,"Aegithalos_caudatus","Aegithalidae",52.3833,-1.5667,2011,4,5,0.610422141,1,TRUE,0.610422141432607,FALSE,FALSE,FALSE,FALSE,FALSE,FALSE,"NDVI available"
601,"Aegithalos_caudatus","Aegithalidae",52.3833,-1.5667,2012,4,5,0.617464152,1,TRUE,0.61746415157055,FALSE,FALSE,FALSE,FALSE,FALSE,FALSE,"NDVI available"
602,"Aegithalos_caudatus","Aegithalidae",52.3833,-1.5667,2013,4,5,0.455984596,1,TRUE,0.455984596479195,FALSE,FALSE,FALSE,FALSE,FALSE,FALSE,"NDVI available"
603,"Aegithalos_caudatus","Aegithalidae",52.3833,-1.5667,2014,4,5,0.615687286,1,TRUE,0.615687286022935,FALSE,FALSE,FALSE,FALSE,FALSE,FALSE,"NDVI available"
604,"Aegithalos_caudatus","Aegithalidae",52.3833,-1.5667,2015,4,5,0.609605451,1,TRUE,0.609605451221539,FALSE,FALSE,FALSE,FALSE,FALSE,FALSE,"NDVI available"
605,"Malurus_lamberti","Maluridae",-27.2667,152.6833,2014,8,1,0.588293558,1,TRUE,0.58829355776217,FALSE,FALSE,FALSE,FALSE,FALSE,FALSE,"NDVI available"
606,"Malurus_lamberti","Maluridae",-27.2667,152.6833,2015,9,2,0.624640288,1,TRUE,0.624640288205377,FALSE,FALSE,FALSE,FALSE,FALSE,FALSE,"NDVI available"
607,"Malurus_lamberti","Maluridae",-27.2667,152.6833,2016,10,3,0.604753391,1,TRUE,0.60475339065149,FALSE,FALSE,FALSE,FALSE,FALSE,FALSE,"NDVI available"
608,"Malurus_lamberti","Maluridae",-27.2667,152.6833,2017,11,4,0.62299492,1,TRUE,0.6229949200775,FALSE,FALSE,FALSE,FALSE,FALSE,FALSE,"NDVI available"
609,"Poecile_cinctus","Paridae",69.4667,-29.8333,2013,6,6,NA,1,TRUE,NA,FALSE,FALSE,FALSE,FALSE,TRUE,TRUE,"No valid pixel after masking"
610,"Poecile_cinctus","Paridae",69.4667,-29.8333,2014,6,6,NA,1,TRUE,NA,FALSE,FALSE,FALSE,FALSE,TRUE,TRUE,"No valid pixel after masking"
611,"Poecile_cinctus","Paridae",69.4667,-29.8333,2015,6,6,NA,1,TRUE,NA,FALSE,FALSE,FALSE,FALSE,TRUE,TRUE,"No valid pixel after masking"
612,"Poecile_cinctus","Paridae",69.4667,-29.8333,2016,6,6,NA,1,TRUE,NA,FALSE,FALSE,FALSE,FALSE,TRUE,TRUE,"No valid pixel after masking"
613,"Poecile_cinctus","Paridae",69.4667,-29.8333,2017,6,6,NA,1,TRUE,NA,FALSE,FALSE,FALSE,FALSE,TRUE,TRUE,"No valid pixel after masking"
614,"Poecile_cinctus","Paridae",69.4667,-29.8333,2018,6,6,NA,1,TRUE,NA,FALSE,FALSE,FALSE,FALSE,TRUE,TRUE,"No valid pixel after masking"
615,"Passer_ammodendri","Passeridae",40.3667,96.2333,2014,NA,NA,NA,0,FALSE,NA,FALSE,FALSE,TRUE,TRUE,TRUE,FALSE,"Missing coordinates, study year, or first breeding month"
616,"Lanius_isabellinus","Laniidae",40.3667,96.2333,2012,NA,NA,NA,0,FALSE,NA,FALSE,FALSE,TRUE,TRUE,TRUE,FALSE,"Missing coordinates, study year, or first breeding month"
617,"Lanius_isabellinus","Laniidae",40.3667,96.2333,2013,NA,NA,NA,0,FALSE,NA,FALSE,FALSE,TRUE,TRUE,TRUE,FALSE,"Missing coordinates, study year, or first breeding month"
618,"Lanius_isabellinus","Laniidae",40.3667,96.2333,2014,NA,NA,NA,0,FALSE,NA,FALSE,FALSE,TRUE,TRUE,TRUE,FALSE,"Missing coordinates, study year, or first breeding month"
619,"Spheniscus_magellanicus","Spheniscidae",-47.75,-65.8833,2010,9,4,0.126049152,1,TRUE,0.126049151811386,FALSE,FALSE,FALSE,FALSE,FALSE,FALSE,"NDVI available"
620,"Spheniscus_magellanicus","Spheniscidae",-47.75,-65.8833,2011,9,4,0.087307373,1,TRUE,0.0873073731535003,FALSE,FALSE,FALSE,FALSE,FALSE,FALSE,"NDVI available"
623,"Fratercula_arctica","Alcidae",67.43,11.88,2003,6,7,NA,1,TRUE,NA,FALSE,FALSE,FALSE,FALSE,TRUE,TRUE,"No valid pixel after masking"
624,"Fratercula_arctica","Alcidae",67.43,11.88,2004,6,7,0.03895,1,TRUE,0.03895,FALSE,FALSE,FALSE,FALSE,FALSE,FALSE,"NDVI available"
625,"Prinia_flaviventris","Cisticolidae",23.65,107.0667,2013,5,7,0.428465989,1,TRUE,0.428465989371679,FALSE,FALSE,FALSE,FALSE,FALSE,FALSE,"NDVI available"
626,"Gallinula_chloropus","Rallidae",52.63,-0.27,1991,3,7,0.423488577,1,TRUE,0.423488577443857,FALSE,FALSE,FALSE,FALSE,FALSE,FALSE,"NDVI available"
627,"Gallinula_chloropus","Rallidae",52.63,-0.27,1992,3,7,0.392227586,1,TRUE,0.392227586206897,FALSE,FALSE,FALSE,FALSE,FALSE,FALSE,"NDVI available"
636,"Stipiturus_malachurus","Maluridae",-38.38,141.6,2000,8,3,NA,1,TRUE,NA,FALSE,FALSE,FALSE,FALSE,TRUE,TRUE,"No valid pixel after masking"
637,"Stipiturus_malachurus","Maluridae",-38.38,141.6,2001,8,3,0.643803208,1,TRUE,0.643803208440999,FALSE,FALSE,FALSE,FALSE,FALSE,FALSE,"NDVI available"
638,"Stipiturus_malachurus","Maluridae",-38.38,141.6,2002,8,3,0.519066124,1,TRUE,0.519066123882503,FALSE,FALSE,FALSE,FALSE,FALSE,FALSE,"NDVI available"
639,"Periparus_ater","Paridae",59.9833,10.6,1989,4,7,0.223199439,1,TRUE,0.223199439383321,FALSE,FALSE,FALSE,FALSE,FALSE,FALSE,"NDVI available"
640,"Morus_serrator","Sulidae",-39.6333,177.0833,2005,11,12,0.602023319,1,TRUE,0.602023319395304,FALSE,FALSE,FALSE,FALSE,FALSE,FALSE,"NDVI available"
641,"Troglodytes_aedon","Troglodytidae",42.4686,-76.4492,2009,4,8,0.389026978,1,TRUE,0.38902697781704,FALSE,FALSE,FALSE,FALSE,FALSE,FALSE,"NDVI available"
645,"Ardea_ibis","Ardeidae",-22.5,-47.5833,2011,10,12,0.344531782,1,TRUE,0.344531781639004,FALSE,FALSE,FALSE,FALSE,FALSE,FALSE,"NDVI available"
