system:index,can_first_month,can_full_season,end_month,id,lat,lon,ndvi_first_month_median_30km,ndvi_full_season_median_30km,record_id,scientific_name,start_month,year,.geo
000000000000000001c0,1,0,,467Saladin2007,46.0,6.0,0.4156675810331005,,449,Strix_aluco,1,2004,"{""type"":""MultiPoint"",""coordinates"":[]}"
00000000000000000028,1,0,,166Hunter1992,59.53,-1.62,,,41,Fulmarus_glacialis,3,1988,"{""type"":""MultiPoint"",""coordinates"":[]}"
00000000000000000174,1,0,,206Stewart2006,35.0,-83.0,0.48396203421224665,,373,Passer_domesticus,3,1995,"{""type"":""MultiPoint"",""coordinates"":[]}"
00000000000000000175,1,0,,206Stewart2006,35.0,-83.0,0.48436164196992815,,374,Passer_domesticus,3,1996,"{""type"":""MultiPoint"",""coordinates"":[]}"
0000000000000000017a,1,0,,224Wetton1991,53.07,-0.95,0.40121258732637455,,379,Passer_domesticus,3,1985,"{""type"":""MultiPoint"",""coordinates"":[]}"
0000000000000000017b,1,0,,224Wetton1991,53.07,-0.95,0.2158423462986198,,380,Passer_domesticus,3,1986,"{""type"":""MultiPoint"",""coordinates"":[]}"
0000000000000000017c,1,0,,224Wetton1991,53.07,-0.95,0.3716046243143259,,381,Passer_domesticus,3,1987,"{""type"":""MultiPoint"",""coordinates"":[]}"
0000000000000000017d,1,0,,224Wetton1991,53.07,-0.95,0.41457364620938636,,382,Passer_domesticus,3,1988,"{""type"":""MultiPoint"",""coordinates"":[]}"
0000000000000000017e,1,0,,224Wetton1991,53.07,-0.95,0.467128454399091,,383,Passer_domesticus,3,1989,"{""type"":""MultiPoint"",""coordinates"":[]}"
00000000000000000196,1,0,,259Huyvaert2006,-1.38,-89.62,,,407,Phoebastria_irrorata,3,2000,"{""type"":""MultiPoint"",""coordinates"":[]}"
00000000000000000197,1,0,,259Huyvaert2006,-1.38,-89.62,-0.0729,,408,Phoebastria_irrorata,3,2001,"{""type"":""MultiPoint"",""coordinates"":[]}"
00000000000000000198,1,0,,259Huyvaert2006,-1.38,-89.62,0.045750000000000006,,409,Phoebastria_irrorata,3,2002,"{""type"":""MultiPoint"",""coordinates"":[]}"
00000000000000000195,1,0,,259Huyvaert2000,-1.38,-89.62,,,406,Phoebastria_irrorata,4,1996,"{""type"":""MultiPoint"",""coordinates"":[]}"
0000000000000000019c,1,0,,18Fridolfsson1997,56.92,18.12,0.23681428571428584,,413,Phylloscopus_trochilus,4,1992,"{""type"":""MultiPoint"",""coordinates"":[]}"
0000000000000000019d,1,0,,18Fridolfsson1997,56.92,18.12,0.20990978417266198,,414,Phylloscopus_trochilus,4,1993,"{""type"":""MultiPoint"",""coordinates"":[]}"
000000000000000001a1,1,0,,262Hoset2014,78.22,15.63,,,418,Plectrophenax_nivalis,4,1999,"{""type"":""MultiPoint"",""coordinates"":[]}"
000000000000000001a2,1,0,,262Hoset2014,78.22,15.63,,,419,Plectrophenax_nivalis,4,2000,"{""type"":""MultiPoint"",""coordinates"":[]}"
000000000000000001a3,1,0,,262Hoset2014,78.22,15.63,,,420,Plectrophenax_nivalis,4,2001,"{""type"":""MultiPoint"",""coordinates"":[]}"
000000000000000001a4,1,0,,262Hoset2014,78.22,15.63,,,421,Plectrophenax_nivalis,4,2002,"{""type"":""MultiPoint"",""coordinates"":[]}"
000000000000000001a5,1,0,,262Hoset2014,78.22,15.63,,,422,Plectrophenax_nivalis,4,2003,"{""type"":""MultiPoint"",""coordinates"":[]}"
000000000000000001c1,1,0,,358Cordero2003,40.5,-4.0,0.4223429425228892,,450,Sturnus_unicolor,4,1996,"{""type"":""MultiPoint"",""coordinates"":[]}"
000000000000000001c2,1,0,,358Cordero2003,40.5,-4.0,0.4043595724614901,,451,Sturnus_unicolor,4,1997,"{""type"":""MultiPoint"",""coordinates"":[]}"
000000000000000001cb,1,0,,58Barber1998,44.57,-76.32,0.31320473051365894,,460,Tachycineta_bicolor,4,1993,"{""type"":""MultiPoint"",""coordinates"":[]}"
000000000000000001d6,1,0,,375Bitton2007,53.0,-123.0,0.4822658656559955,,471,Tachycineta_bicolor,5,2004,"{""type"":""MultiPoint"",""coordinates"":[]}"
0000000000000000000a,1,0,,172Gissing1998,43.53,-80.23,0.5568485772773799,,11,Carduelis_tristis,6,1992,"{""type"":""MultiPoint"",""coordinates"":[]}"
0000000000000000000c,1,1,1,65Millar1997,-77.52,167.77,,,13,Catharacta_maccormicki,1,1988,"{""type"":""MultiPoint"",""coordinates"":[]}"
0000000000000000025c,1,1,1,636Boersma2023,-27.2667,152.6833,0.5882935577621701,0.5746469786873335,605,Malurus_lamberti,8,2014,"{""type"":""MultiPoint"",""coordinates"":[]}"
00000000000000000043,1,1,1,71Eikenaar2013,-0.35,-78.15,0.5759582787832115,0.5768571621101272,68,Zonotrichia_capensis,10,2006,"{""type"":""MultiPoint"",""coordinates"":[]}"
00000000000000000112,1,1,1,464Ferretti2016,-54.73,-68.2,0.2641577887788779,0.48936511640616476,275,Tachycineta_meyeni,10,2006,"{""type"":""MultiPoint"",""coordinates"":[]}"
00000000000000000113,1,1,1,464Ferretti2016,-54.73,-68.2,0.2785762470862472,0.4619316993123567,276,Tachycineta_meyeni,10,2007,"{""type"":""MultiPoint"",""coordinates"":[]}"
00000000000000000114,1,1,1,464Ferretti2016,-54.73,-68.2,0.2587091322126307,0.41751170199654913,277,Tachycineta_meyeni,10,2008,"{""type"":""MultiPoint"",""coordinates"":[]}"
00000000000000000115,1,1,1,464Ferretti2016,-54.73,-68.2,0.12432950819672131,0.3972803539083183,278,Tachycineta_meyeni,10,2009,"{""type"":""MultiPoint"",""coordinates"":[]}"
0000000000000000021b,1,1,1,539Sánchez2018,-28.05,-64.25,0.3541221598002497,0.40647582159624407,540,Poospiza_torquata,10,2008,"{""type"":""MultiPoint"",""coordinates"":[]}"
0000000000000000021c,1,1,1,539Sánchez2018,-28.05,-64.25,0.32350320912189956,0.48595717136150224,541,Poospiza_torquata,10,2009,"{""type"":""MultiPoint"",""coordinates"":[]}"
0000000000000000021d,1,1,1,539Sánchez2018,-28.05,-64.25,0.39213471830985913,0.4854915786384975,542,Poospiza_torquata,10,2010,"{""type"":""MultiPoint"",""coordinates"":[]}"
00000000000000000224,1,1,1,560Botero2020,-55.0667,-67.6667,0.4722591703835859,0.521355088047374,549,Aphrastura_spinicauda,10,2010,"{""type"":""MultiPoint"",""coordinates"":[]}"
00000000000000000225,1,1,1,560Botero2020,-55.0667,-67.6667,0.47677240372584484,0.5292102929717935,550,Aphrastura_spinicauda,10,2011,"{""type"":""MultiPoint"",""coordinates"":[]}"
00000000000000000226,1,1,1,560Botero2020,-55.0667,-67.6667,0.37715143913387905,0.4489444873357716,551,Aphrastura_spinicauda,10,2012,"{""type"":""MultiPoint"",""coordinates"":[]}"
00000000000000000227,1,1,1,560Botero2020,-55.0667,-67.6667,0.4567662927981113,0.464855185457602,552,Aphrastura_spinicauda,10,2013,"{""type"":""MultiPoint"",""coordinates"":[]}"
00000000000000000228,1,1,1,560Botero2020,-55.0667,-67.6667,0.5164484837413225,0.540965808092853,553,Aphrastura_spinicauda,10,2014,"{""type"":""MultiPoint"",""coordinates"":[]}"
00000000000000000229,1,1,1,560Botero2020,-55.0667,-67.6667,0.38698767730496436,0.479455144628099,554,Aphrastura_spinicauda,10,2015,"{""type"":""MultiPoint"",""coordinates"":[]}"
000000000000000001b0,1,1,1,28Pilastro2001,-74.35,165.13,,,433,Pygoscelis_adeliae,11,1998,"{""type"":""MultiPoint"",""coordinates"":[]}"
00000000000000000032,1,1,1,371Quillfeldt2012,-51.72,-61.28,0.22401112481499752,0.14075471028774142,51,Pachyptila_belcheri,12,2006,"{""type"":""MultiPoint"",""coordinates"":[]}"
0000000000000000003e,1,1,2,421 Lorentsen2000,-71.88,5.17,,,63,Thalassoica_antarctica,1,1993,"{""type"":""MultiPoint"",""coordinates"":[]}"
0000000000000000014d,1,1,2,238Hughes2003,-31.9,115.98,0.47604125676488274,0.41172074348987725,334,Gymnorhina_tibicen,7,1996,"{""type"":""MultiPoint"",""coordinates"":[]}"
0000000000000000014e,1,1,2,238Hughes2003,-31.9,115.98,0.48899574285714276,0.40252566700534365,335,Gymnorhina_tibicen,7,1997,"{""type"":""MultiPoint"",""coordinates"":[]}"
0000000000000000014f,1,1,2,238Hughes2003,-31.9,115.98,0.5155813069674029,0.41853530236321207,336,Gymnorhina_tibicen,7,1998,"{""type"":""MultiPoint"",""coordinates"":[]}"
000000000000000000e5,1,1,2,351Brekke2013,-36.6,174.88,0.4463141762452108,0.38170046421663445,230,Notiomystis_cincta,9,2004,"{""type"":""MultiPoint"",""coordinates"":[]}"
000000000000000000e6,1,1,2,351Brekke2013,-36.6,174.88,0.3013100000000001,0.21727833675564684,231,Notiomystis_cincta,9,2005,"{""type"":""MultiPoint"",""coordinates"":[]}"
000000000000000000e7,1,1,2,351Brekke2013,-36.6,174.88,0.058189200561009825,0.08796763948497856,232,Notiomystis_cincta,9,2006,"{""type"":""MultiPoint"",""coordinates"":[]}"
000000000000000000e8,1,1,2,351Brekke2013,-36.6,174.88,0.2099245497630332,0.11911592219020174,233,Notiomystis_cincta,9,2007,"{""type"":""MultiPoint"",""coordinates"":[]}"
000000000000000000e9,1,1,2,351Brekke2013,-36.6,174.88,0.2632469374167777,0.17125804093567254,234,Notiomystis_cincta,9,2008,"{""type"":""MultiPoint"",""coordinates"":[]}"
000000000000000000ea,1,1,2,351Brekke2013,-36.6,174.88,0.12249380654140574,0.12738042657606646,235,Notiomystis_cincta,9,2009,"{""type"":""MultiPoint"",""coordinates"":[]}"
000000000000000000eb,1,1,2,351Brekke2013,-36.6,174.88,0.3209272727272728,0.18231348657445082,236,Notiomystis_cincta,9,2010,"{""type"":""MultiPoint"",""coordinates"":[]}"
0000000000000000018f,1,1,2,432Taylor2008,-46.9,168.1,0.49297669543773115,0.39026768936318296,400,Philesturnus_carunculatus,9,2001,"{""type"":""MultiPoint"",""coordinates"":[]}"
00000000000000000190,1,1,2,432Taylor2008,-46.9,168.1,0.34277750783699057,0.44359457535282254,401,Philesturnus_carunculatus,9,2002,"{""type"":""MultiPoint"",""coordinates"":[]}"
00000000000000000191,1,1,2,432Taylor2008,-46.9,168.1,0.49205714914210297,0.5013240981340705,402,Philesturnus_carunculatus,9,2003,"{""type"":""MultiPoint"",""coordinates"":[]}"
00000000000000000192,1,1,2,432Taylor2008,-46.9,168.1,0.44449562549485355,0.4026373217922607,403,Philesturnus_carunculatus,9,2004,"{""type"":""MultiPoint"",""coordinates"":[]}"
00000000000000000193,1,1,2,432Taylor2008,-46.9,168.1,0.02539839034205232,0.4054097109194703,404,Philesturnus_carunculatus,9,2005,"{""type"":""MultiPoint"",""coordinates"":[]}"
00000000000000000194,1,1,2,432Taylor2008,-46.9,168.1,0.34840952504766837,0.3324291708669355,405,Philesturnus_carunculatus,9,2006,"{""type"":""MultiPoint"",""coordinates"":[]}"
000000000000000001b4,1,1,2,228Hoffman2010,-35.45,149.28,0.4435582647313692,0.39645476061525114,437,Rhipidura_fuliginosa,9,2002,"{""type"":""MultiPoint"",""coordinates"":[]}"
000000000000000001b5,1,1,2,228Hoffman2010,-35.45,149.28,0.50814887889948,0.4891397945551704,438,Rhipidura_fuliginosa,9,2003,"{""type"":""MultiPoint"",""coordinates"":[]}"
000000000000000001b6,1,1,2,228Hoffman2010,-35.45,149.28,0.3873176018197573,0.4533212575823223,439,Rhipidura_fuliginosa,9,2004,"{""type"":""MultiPoint"",""coordinates"":[]}"
0000000000000000025d,1,1,2,636Boersma2023,-27.2667,152.6833,0.6246402882053766,0.6141827197868733,606,Malurus_lamberti,9,2015,"{""type"":""MultiPoint"",""coordinates"":[]}"
0000000000000000008c,1,1,2,218Masello2002,-41.05,-62.8,0.263335717791411,0.16094051918055832,141,Cyanoliseus_patagonus,10,1998,"{""type"":""MultiPoint"",""coordinates"":[]}"
0000000000000000008d,1,1,2,218Masello2002,-41.05,-62.8,0.28573507514450863,0.11203778536520051,142,Cyanoliseus_patagonus,10,1999,"{""type"":""MultiPoint"",""coordinates"":[]}"
0000000000000000012a,1,1,2,288Manica2016,-15.93,-47.93,0.36533655733109077,0.3974410779696495,299,Volatinia_jacarina,10,2008,"{""type"":""MultiPoint"",""coordinates"":[]}"
0000000000000000012b,1,1,2,288Manica2016,-15.93,-47.93,0.3998898550724639,0.4706589809000525,300,Volatinia_jacarina,10,2009,"{""type"":""MultiPoint"",""coordinates"":[]}"
0000000000000000012c,1,1,2,288Manica2016,-15.93,-47.93,0.31998895485080453,0.4033398019801982,301,Volatinia_jacarina,10,2010,"{""type"":""MultiPoint"",""coordinates"":[]}"
00000000000000000150,1,1,2,110Varian-Ramos2012,-17.37,125.75,0.22862649617032327,0.3250348695313516,337,Malurus_melanocephalus,10,1998,"{""type"":""MultiPoint"",""coordinates"":[]}"
00000000000000000151,1,1,2,110Varian-Ramos2012,-17.37,125.75,0.23548381799298973,0.27199116577956645,338,Malurus_melanocephalus,10,1999,"{""type"":""MultiPoint"",""coordinates"":[]}"
00000000000000000152,1,1,2,110Varian-Ramos2012,-17.37,125.75,0.21679489809165262,0.2696140464753992,339,Malurus_melanocephalus,10,2000,"{""type"":""MultiPoint"",""coordinates"":[]}"
00000000000000000153,1,1,2,110Varian-Ramos2012,-17.37,125.75,0.2294940412826172,0.22849657276385826,340,Malurus_melanocephalus,10,2003,"{""type"":""MultiPoint"",""coordinates"":[]}"
00000000000000000154,1,1,2,110Varian-Ramos2012,-17.37,125.75,0.23184357393223423,0.24123120862001826,341,Malurus_melanocephalus,10,2004,"{""type"":""MultiPoint"",""coordinates"":[]}"
00000000000000000155,1,1,2,110Varian-Ramos2012,-17.37,125.75,0.2082691808386343,0.22791804491756465,342,Malurus_melanocephalus,10,2005,"{""type"":""MultiPoint"",""coordinates"":[]}"
00000000000000000156,1,1,2,110Varian-Ramos2012,-17.37,125.75,0.2497225886018434,0.2687641373490848,343,Malurus_melanocephalus,10,2006,"{""type"":""MultiPoint"",""coordinates"":[]}"
00000000000000000157,1,1,2,110Varian-Ramos2012,-17.37,125.75,0.22812826171621448,0.23847473711540965,344,Malurus_melanocephalus,10,2007,"{""type"":""MultiPoint"",""coordinates"":[]}"
00000000000000000244,1,1,2,594Arrieta2022,-32.6333,-69.3667,0.1260216903210796,0.1579089627507164,581,Cistothorus_platensis,10,2015,"{""type"":""MultiPoint"",""coordinates"":[]}"
00000000000000000245,1,1,2,594Arrieta2022,-32.6333,-69.3667,0.1455828737561444,0.15220210506208218,582,Cistothorus_platensis,10,2016,"{""type"":""MultiPoint"",""coordinates"":[]}"
00000000000000000246,1,1,2,594Arrieta2022,-32.6333,-69.3667,0.15527375931232093,0.15379278510028654,583,Cistothorus_platensis,10,2017,"{""type"":""MultiPoint"",""coordinates"":[]}"
00000000000000000121,1,1,3,47Stutchbury1998,9.12,-79.7,0.6120271681668809,0.6027270479347977,290,Turdus_grayi,1,1994,"{""type"":""MultiPoint"",""coordinates"":[]}"
00000000000000000122,1,1,3,47Stutchbury1998,9.12,-79.7,0.6178031008317526,0.5971510062026187,291,Turdus_grayi,1,1995,"{""type"":""MultiPoint"",""coordinates"":[]}"
0000000000000000027b,1,1,3,175Maguire2008,-38.38,141.6,,0.2725317648741419,636,Stipiturus_malachurus,8,2000,"{""type"":""MultiPoint"",""coordinates"":[]}"
0000000000000000027c,1,1,3,175Maguire2008,-38.38,141.6,0.6438032084409994,0.3243264353469797,637,Stipiturus_malachurus,8,2001,"{""type"":""MultiPoint"",""coordinates"":[]}"
0000000000000000027d,1,1,3,175Maguire2008,-38.38,141.6,0.5190661238825034,0.4486711384091462,638,Stipiturus_malachurus,8,2002,"{""type"":""MultiPoint"",""coordinates"":[]}"
0000000000000000023a,1,1,3,570Benitez2019,-35.5667,-58.0167,0.6126769541629759,0.6087526240035425,571,Sicalis_flaveola_pelzelni,10,2013,"{""type"":""MultiPoint"",""coordinates"":[]}"
0000000000000000023b,1,1,3,570Benitez2019,-35.5667,-58.0167,0.6339555248007084,0.618762040522586,572,Sicalis_flaveola_pelzelni,10,2014,"{""type"":""MultiPoint"",""coordinates"":[]}"
0000000000000000023c,1,1,3,570Benitez2019,-35.5667,-58.0167,0.5894844220549155,0.600761402051963,573,Sicalis_flaveola_pelzelni,10,2015,"{""type"":""MultiPoint"",""coordinates"":[]}"
0000000000000000025e,1,1,3,636Boersma2023,-27.2667,152.6833,0.6047533906514897,0.6006554734802618,607,Malurus_lamberti,10,2016,"{""type"":""MultiPoint"",""coordinates"":[]}"
00000000000000000042,1,1,3,61Carvalho2006,-15.95,-47.93,0.49714396368780944,0.5345509971509972,67,Volatinia_jacarina,11,1999,"{""type"":""MultiPoint"",""coordinates"":[]}"
000000000000000000be,1,1,4,373Grant2011,-0.42,-90.37,0.1171050752688172,0.16655179363905329,191,Geospiza_fortis,1,1987,"{""type"":""MultiPoint"",""coordinates"":[]}"
000000000000000000bf,1,1,4,373Grant2011,-0.42,-90.37,0.1675906518345043,0.27903086706783364,192,Geospiza_fortis,1,1991,"{""type"":""MultiPoint"",""coordinates"":[]}"
00000000000000000273,1,1,4,480Hsu2006,22.0,121.08,,0.13066956521739131,628,Otus_elegans,1,1999,"{""type"":""MultiPoint"",""coordinates"":[]}"
00000000000000000274,1,1,4,480Hsu2006,22.0,121.08,,,629,Otus_elegans,1,2000,"{""type"":""MultiPoint"",""coordinates"":[]}"
00000000000000000275,1,1,4,480Hsu2006,22.0,121.08,,0.5668500000000001,630,Otus_elegans,1,2001,"{""type"":""MultiPoint"",""coordinates"":[]}"
00000000000000000276,1,1,4,480Hsu2006,22.0,121.08,,0.525325,631,Otus_elegans,1,2002,"{""type"":""MultiPoint"",""coordinates"":[]}"
00000000000000000277,1,1,4,480Hsu2006,22.0,121.08,0.5696,0.5590999999999999,632,Otus_elegans,1,2003,"{""type"":""MultiPoint"",""coordinates"":[]}"
00000000000000000278,1,1,4,480Hsu2006,22.0,121.08,,,633,Otus_elegans,1,2004,"{""type"":""MultiPoint"",""coordinates"":[]}"
00000000000000000051,1,1,4,389Rosenfield2015,44.97,-90.05,,0.3145350688095468,82,Accipiter_cooperii,2,2003,"{""type"":""MultiPoint"",""coordinates"":[]}"
00000000000000000052,1,1,4,389Rosenfield2015,44.97,-90.05,,0.31120409488980844,83,Accipiter_cooperii,2,2004,"{""type"":""MultiPoint"",""coordinates"":[]}"
00000000000000000053,1,1,4,389Rosenfield2015,44.97,-90.05,,0.31106265037051295,84,Accipiter_cooperii,2,2007,"{""type"":""MultiPoint"",""coordinates"":[]}"
0000000000000000026a,1,1,4,616Marasco2020,-47.75,-65.8833,0.12604915181138585,0.08363373514841907,619,Spheniscus_magellanicus,9,2010,"{""type"":""MultiPoint"",""coordinates"":[]}"
0000000000000000026b,1,1,4,616Marasco2020,-47.75,-65.8833,0.0873073731535003,0.07872030417599722,620,Spheniscus_magellanicus,9,2011,"{""type"":""MultiPoint"",""coordinates"":[]}"
0000000000000000025f,1,1,4,636Boersma2023,-27.2667,152.6833,0.6229949200775003,0.648889386049891,608,Malurus_lamberti,11,2017,"{""type"":""MultiPoint"",""coordinates"":[]}"
000000000000000001c8,1,1,5,12Ramos2014,21.87,-105.9,,,457,Sula_nebouxii,2,2011,"{""type"":""MultiPoint"",""coordinates"":[]}"
0000000000000000003c,1,1,5,357Cordero1999,53.07,-0.95,0.36126197912385966,0.42962097130242816,61,Passer_domesticus,3,1994,"{""type"":""MultiPoint"",""coordinates"":[]}"
0000000000000000002e,1,1,5,388Ležalová-Piálková2011,48.92,17.08,0.43595863872005713,0.47287774848051495,47,Larus_ridibundus,4,2004,"{""type"":""MultiPoint"",""coordinates"":[]}"
0000000000000000003d,1,1,5,357Cordero1999,41.38,2.15,0.22851089731729893,0.22860308537616242,62,Passer_domesticus,4,1995,"{""type"":""MultiPoint"",""coordinates"":[]}"
00000000000000000247,1,1,5,586Green2018,52.3833,-1.5667,0.5635080438756851,0.5704942371613756,584,Aegithalos_caudatus,4,1995,"{""type"":""MultiPoint"",""coordinates"":[]}"
00000000000000000248,1,1,5,586Green2018,52.3833,-1.5667,0.5184148125178895,0.563957525791376,585,Aegithalos_caudatus,4,1996,"{""type"":""MultiPoint"",""coordinates"":[]}"
00000000000000000249,1,1,5,586Green2018,52.3833,-1.5667,0.6168276636386784,0.6546624605285024,586,Aegithalos_caudatus,4,1997,"{""type"":""MultiPoint"",""coordinates"":[]}"
0000000000000000024a,1,1,5,586Green2018,52.3833,-1.5667,0.5803572873289707,0.6631736621239818,587,Aegithalos_caudatus,4,1998,"{""type"":""MultiPoint"",""coordinates"":[]}"
0000000000000000024b,1,1,5,586Green2018,52.3833,-1.5667,0.5928077546198632,0.5961624419880175,588,Aegithalos_caudatus,4,1999,"{""type"":""MultiPoint"",""coordinates"":[]}"
0000000000000000024c,1,1,5,586Green2018,52.3833,-1.5667,0.5698851878012297,0.5813539970084758,589,Aegithalos_caudatus,4,2000,"{""type"":""MultiPoint"",""coordinates"":[]}"
0000000000000000024d,1,1,5,586Green2018,52.3833,-1.5667,0.5014000000000001,0.6353494354359451,590,Aegithalos_caudatus,4,2001,"{""type"":""MultiPoint"",""coordinates"":[]}"
0000000000000000024e,1,1,5,586Green2018,52.3833,-1.5667,0.6159723865713809,0.6407492521189959,591,Aegithalos_caudatus,4,2002,"{""type"":""MultiPoint"",""coordinates"":[]}"
0000000000000000024f,1,1,5,586Green2018,52.3833,-1.5667,0.5603133330563399,0.597741349509722,592,Aegithalos_caudatus,4,2003,"{""type"":""MultiPoint"",""coordinates"":[]}"
00000000000000000250,1,1,5,586Green2018,52.3833,-1.5667,0.6245376101047029,0.6264396750872525,593,Aegithalos_caudatus,4,2004,"{""type"":""MultiPoint"",""coordinates"":[]}"
00000000000000000251,1,1,5,586Green2018,52.3833,-1.5667,0.5597347972411497,0.5979748130297488,594,Aegithalos_caudatus,4,2005,"{""type"":""MultiPoint"",""coordinates"":[]}"
00000000000000000252,1,1,5,586Green2018,52.3833,-1.5667,0.561111837142223,0.6324191249792251,595,Aegithalos_caudatus,4,2006,"{""type"":""MultiPoint"",""coordinates"":[]}"
00000000000000000253,1,1,5,586Green2018,52.3833,-1.5667,0.5873524846268902,0.6306570633205915,596,Aegithalos_caudatus,4,2007,"{""type"":""MultiPoint"",""coordinates"":[]}"
00000000000000000254,1,1,5,586Green2018,52.3833,-1.5667,0.5616931584287579,0.6628781784942659,597,Aegithalos_caudatus,4,2008,"{""type"":""MultiPoint"",""coordinates"":[]}"
00000000000000000255,1,1,5,586Green2018,52.3833,-1.5667,0.5895971912913409,0.6428347598470999,598,Aegithalos_caudatus,4,2009,"{""type"":""MultiPoint"",""coordinates"":[]}"
00000000000000000256,1,1,5,586Green2018,52.3833,-1.5667,0.5696804512215385,0.5924003822502906,599,Aegithalos_caudatus,4,2010,"{""type"":""MultiPoint"",""coordinates"":[]}"
00000000000000000257,1,1,5,586Green2018,52.3833,-1.5667,0.6104221414326073,0.6260617126474984,600,Aegithalos_caudatus,4,2011,"{""type"":""MultiPoint"",""coordinates"":[]}"
00000000000000000258,1,1,5,586Green2018,52.3833,-1.5667,0.61746415157055,0.6627164035233503,601,Aegithalos_caudatus,4,2012,"{""type"":""MultiPoint"",""coordinates"":[]}"
00000000000000000259,1,1,5,586Green2018,52.3833,-1.5667,0.45598459647919526,0.5283359224623203,602,Aegithalos_caudatus,4,2013,"{""type"":""MultiPoint"",""coordinates"":[]}"
0000000000000000025a,1,1,5,586Green2018,52.3833,-1.5667,0.6156872860229347,0.6525800980555091,603,Aegithalos_caudatus,4,2014,"{""type"":""MultiPoint"",""coordinates"":[]}"
0000000000000000025b,1,1,5,586Green2018,52.3833,-1.5667,0.6096054512215389,0.6278102833638023,604,Aegithalos_caudatus,4,2015,"{""type"":""MultiPoint"",""coordinates"":[]}"
000000000000000001fe,1,1,5,673Stermin2026,46.91,23.91,0.639838665116279,0.639838665116279,511,Rallus_aquaticus,5,2012,"{""type"":""MultiPoint"",""coordinates"":[]}"
00000000000000000097,1,1,5,447Burg2006,-54.0,-38.0,,,152,Diomedea_exulans,12,1998,"{""type"":""MultiPoint"",""coordinates"":[]}"
00000000000000000098,1,1,5,447Burg2006,-54.0,-38.0,,,153,Diomedea_exulans,12,1999,"{""type"":""MultiPoint"",""coordinates"":[]}"
00000000000000000027,1,1,6,163Juola2012,23.75,-166.02,,,40,Fregata_minor,2,2007,"{""type"":""MultiPoint"",""coordinates"":[]}"
00000000000000000040,1,1,6,321Martín-Vivaldi2002,37.0,-3.0,0.2952993197278911,0.2976606186224489,65,Upupa_epops,2,1995,"{""type"":""MultiPoint"",""coordinates"":[]}"
00000000000000000029,1,1,6,341Saino1999,45.43,8.62,0.14926565603514136,0.22670434969442327,42,Hirundo_rustica,3,1994,"{""type"":""MultiPoint"",""coordinates"":[]}"
0000000000000000002a,1,1,6,26Moller2003,38.83,-6.98,0.4708267143614204,0.37884004239533653,43,Hirundo_rustica,3,1994,"{""type"":""MultiPoint"",""coordinates"":[]}"
0000000000000000002d,1,1,6,436Yamagishi1992,34.57,135.53,0.12928843244653104,0.19213081621004569,46,Lanius_bucephalus,3,1989,"{""type"":""MultiPoint"",""coordinates"":[]}"
0000000000000000002f,1,1,6,411Lawless1997,37.62,-84.12,0.3508816189142612,0.524332933003016,48,Megascops_asio,3,1994,"{""type"":""MultiPoint"",""coordinates"":[]}"
00000000000000000031,1,1,6,137Currie1998,52.77,-4.78,0.6247,0.5903931328036321,50,Oenanthe_oenanthe,3,1991,"{""type"":""MultiPoint"",""coordinates"":[]}"
00000000000000000048,1,1,6,222Martinez 1998,37.18,-3.05,0.2289672244264276,0.3287617570498916,73,Clamator_glandarius,3,1993,"{""type"":""MultiPoint"",""coordinates"":[]}"
00000000000000000072,1,1,6,209Moore2012,43.0,-84.0,0.2741771258999805,0.3637572436271648,115,Branta_canadensis,3,2000,"{""type"":""MultiPoint"",""coordinates"":[]}"
00000000000000000073,1,1,6,209Moore2012,43.0,-84.0,0.26871023058960886,0.44772015956411726,116,Branta_canadensis,3,2001,"{""type"":""MultiPoint"",""coordinates"":[]}"
00000000000000000074,1,1,6,209Moore2012,43.0,-84.0,0.2985013183498733,0.42197363300252955,117,Branta_canadensis,3,2002,"{""type"":""MultiPoint"",""coordinates"":[]}"
000000000000000000c9,1,1,6,138Richardson1999,36.37,-121.55,0.4958504296395494,0.528118506137659,202,Icterus_galbula,3,1994,"{""type"":""MultiPoint"",""coordinates"":[]}"
000000000000000000ca,1,1,6,138Richardson1999,36.37,-121.55,0.5793540223586147,0.5518379548443665,203,Icterus_galbula,3,1995,"{""type"":""MultiPoint"",""coordinates"":[]}"
000000000000000000f7,1,1,6,50Kempenaers1997,51.25,4.47,0.3863078954049251,0.4669114090606263,248,Parus_caeruleus,3,1990,"{""type"":""MultiPoint"",""coordinates"":[]}"
000000000000000000f8,1,1,6,50Kempenaers1997,51.25,4.47,0.39129036475682877,0.4104599516988675,249,Parus_caeruleus,3,1991,"{""type"":""MultiPoint"",""coordinates"":[]}"
000000000000000000f9,1,1,6,50Kempenaers1997,51.25,4.47,0.20013052523874492,0.4871376723294496,250,Parus_caeruleus,3,1992,"{""type"":""MultiPoint"",""coordinates"":[]}"
000000000000000000fa,1,1,6,50Kempenaers1997,51.25,4.47,0.33607559543637583,0.3963418262824784,251,Parus_caeruleus,3,1993,"{""type"":""MultiPoint"",""coordinates"":[]}"
00000000000000000104,1,1,6,433Strohbach1998,51.42,7.65,0.32977344704684325,0.47594028343516637,261,Parus_major,3,1993,"{""type"":""MultiPoint"",""coordinates"":[]}"
00000000000000000105,1,1,6,433Strohbach1998,51.42,7.65,0.3218163569246436,0.5113218516632724,262,Parus_major,3,1994,"{""type"":""MultiPoint"",""coordinates"":[]}"
00000000000000000130,1,1,6,30Poesel2011,43.16,-124.41,0.6077921739913544,0.6907650534527594,305,Zonotrichia_leucophrys,3,2005,"{""type"":""MultiPoint"",""coordinates"":[]}"
00000000000000000131,1,1,6,30Poesel2011,43.16,-124.41,0.5763946943231442,0.7220096151258244,306,Zonotrichia_leucophrys,3,2006,"{""type"":""MultiPoint"",""coordinates"":[]}"
00000000000000000132,1,1,6,30Poesel2011,43.16,-124.41,0.6565675410102324,0.7109746516164994,307,Zonotrichia_leucophrys,3,2007,"{""type"":""MultiPoint"",""coordinates"":[]}"
00000000000000000138,1,1,6,438Li2000,31.92,-109.25,0.37136877668782464,0.40090612136949416,313,Aphelocoma_ultramarina,3,1991,"{""type"":""MultiPoint"",""coordinates"":[]}"
00000000000000000139,1,1,6,438Li2000,31.92,-109.25,0.37522989036353144,0.4042154875937679,314,Aphelocoma_ultramarina,3,1992,"{""type"":""MultiPoint"",""coordinates"":[]}"
0000000000000000013a,1,1,6,438Li2000,31.92,-109.25,0.38374357184073854,0.4057609521061743,315,Aphelocoma_ultramarina,3,1993,"{""type"":""MultiPoint"",""coordinates"":[]}"
0000000000000000013b,1,1,6,438Li2000,31.92,-109.25,0.3650072937103288,0.3647170571263705,316,Aphelocoma_ultramarina,3,1994,"{""type"":""MultiPoint"",""coordinates"":[]}"
0000000000000000013c,1,1,6,438Li2000,31.92,-109.25,0.3894171840738603,0.3710007179127853,317,Aphelocoma_ultramarina,3,1995,"{""type"":""MultiPoint"",""coordinates"":[]}"
0000000000000000013d,1,1,6,438Li2000,31.92,-109.25,0.34274660703981547,0.3299548730525101,318,Aphelocoma_ultramarina,3,1996,"{""type"":""MultiPoint"",""coordinates"":[]}"
0000000000000000013e,1,1,6,250Bird2013,49.4,-110.7,0.20996904638283134,0.24991631187262023,319,Centrocercus_urophasianus,3,1999,"{""type"":""MultiPoint"",""coordinates"":[]}"
0000000000000000013f,1,1,6,250Bird2013,49.4,-110.7,0.19532267220491517,0.2290332165109034,320,Centrocercus_urophasianus,3,2000,"{""type"":""MultiPoint"",""coordinates"":[]}"
00000000000000000140,1,1,6,250Bird2013,49.4,-110.7,0.18484913032191064,0.22000397628937346,321,Centrocercus_urophasianus,3,2001,"{""type"":""MultiPoint"",""coordinates"":[]}"
00000000000000000141,1,1,6,250Bird2013,49.4,-110.7,,0.3123909916926272,322,Centrocercus_urophasianus,3,2002,"{""type"":""MultiPoint"",""coordinates"":[]}"
00000000000000000142,1,1,6,250Bird2013,49.4,-110.7,0.2050697795359587,0.35939542229145033,323,Centrocercus_urophasianus,3,2003,"{""type"":""MultiPoint"",""coordinates"":[]}"
00000000000000000143,1,1,6,250Bird2013,49.4,-110.7,0.18262782537210107,0.23093280114226372,324,Centrocercus_urophasianus,3,2004,"{""type"":""MultiPoint"",""coordinates"":[]}"
00000000000000000144,1,1,6,250Bird2013,49.4,-110.7,0.19261089044652116,0.27009954136379366,325,Centrocercus_urophasianus,3,2005,"{""type"":""MultiPoint"",""coordinates"":[]}"
00000000000000000145,1,1,6,250Bird2013,49.4,-110.7,0.16430767433046994,0.3002960886119764,326,Centrocercus_urophasianus,3,2006,"{""type"":""MultiPoint"",""coordinates"":[]}"
00000000000000000202,1,1,6,678Beck2020,48.1333,10.8833,0.43580005497526103,0.5750399173403576,515,Cyanistes_caeruleus,3,2018,"{""type"":""MultiPoint"",""coordinates"":[]}"
00000000000000000285,1,1,6,678Beck2020,48.1333,10.8833,0.43580005497526103,0.5750399173403576,646,Cyanistes_caeruleus,3,2018,"{""type"":""MultiPoint"",""coordinates"":[]}"
00000000000000000012,1,1,6,449Øigarden2010,60.38,10.52,0.1984571023837437,0.44543292773109244,19,Cinclus_cinclus,4,1998,"{""type"":""MultiPoint"",""coordinates"":[]}"
00000000000000000026,1,1,6,53Tomotani2017,52.03,5.85,0.6062678484721641,0.6292883382168272,39,Ficedula_hypoleuca,4,2014,"{""type"":""MultiPoint"",""coordinates"":[]}"
00000000000000000034,1,1,6,14Gullberg1992,59.83,17.63,0.2604322782202692,0.41657711580530493,53,Parus_caeruleus,4,1988,"{""type"":""MultiPoint"",""coordinates"":[]}"
00000000000000000035,1,1,6,350Vedder2010,53.13,6.58,0.5365515438906044,0.6333236925838298,54,Parus_caeruleus,4,2008,"{""type"":""MultiPoint"",""coordinates"":[]}"
00000000000000000036,1,1,6,466García-Navas2015,39.55,-4.33,0.4558564653404428,0.43990301476620175,55,Parus_major,4,2012,"{""type"":""MultiPoint"",""coordinates"":[]}"
00000000000000000037,1,1,6,14Gullberg1992,59.83,17.67,0.3147839810491624,0.4785135937927263,56,Parus_major,4,1998,"{""type"":""MultiPoint"",""coordinates"":[]}"
00000000000000000038,1,1,6,445Lubjuhn2007,52.37,11.02,0.47698977780788515,0.5833079301075269,57,Parus_major,4,1993,"{""type"":""MultiPoint"",""coordinates"":[]}"
00000000000000000039,1,1,6,240Otter2001,55.67,12.57,0.2596059806034483,0.3156551924181505,58,Parus_major,4,1998,"{""type"":""MultiPoint"",""coordinates"":[]}"
0000000000000000003a,1,1,6,474Winkel2001,52.15,10.32,0.5154682634241881,0.6340941284478538,59,Parus_major,4,1998,"{""type"":""MultiPoint"",""coordinates"":[]}"
00000000000000000067,1,1,6,25Mee2004,54.75,-3.02,0.6809658436213993,0.6954763545663851,104,Actitis_hypoleucos,4,1998,"{""type"":""MultiPoint"",""coordinates"":[]}"
00000000000000000068,1,1,6,25Mee2004,54.75,-3.02,0.6387166485013622,0.7016396431312355,105,Actitis_hypoleucos,4,1999,"{""type"":""MultiPoint"",""coordinates"":[]}"
000000000000000000b3,1,1,6,457Wilk2008,50.1,20.4,0.3142359159133549,0.6489376940133036,180,Ficedula_albicollis,4,2003,"{""type"":""MultiPoint"",""coordinates"":[]}"
000000000000000000b7,1,1,6,446Lubjuhn2000,52.45,7.25,0.4570721244131455,0.5331589891286709,184,Ficedula_hypoleuca,4,1993,"{""type"":""MultiPoint"",""coordinates"":[]}"
000000000000000000b8,1,1,6,446Lubjuhn2000,52.45,7.25,0.4423575241635688,0.6201459029693329,185,Ficedula_hypoleuca,4,1995,"{""type"":""MultiPoint"",""coordinates"":[]}"
000000000000000000b9,1,1,6,446Lubjuhn2000,52.45,7.25,0.3664016972477063,0.3664016972477063,186,Ficedula_hypoleuca,4,1996,"{""type"":""MultiPoint"",""coordinates"":[]}"
000000000000000000ba,1,1,6,117Canal2012,41.07,-3.45,0.4856677849594749,0.5137773109674769,187,Ficedula_hypoleuca,4,2005,"{""type"":""MultiPoint"",""coordinates"":[]}"
000000000000000000bb,1,1,6,117Canal2012,41.07,-3.45,0.4888995383194828,0.5165694316199855,188,Ficedula_hypoleuca,4,2006,"{""type"":""MultiPoint"",""coordinates"":[]}"
000000000000000000f5,1,1,6,4Charmantier2003,43.66,3.67,0.4372602170783033,0.48138631081347255,246,Parus_caeruleus,4,2000,"{""type"":""MultiPoint"",""coordinates"":[]}"
000000000000000000f6,1,1,6,4Charmantier2003,43.66,3.67,0.492034243803743,0.5116516643687217,247,Parus_caeruleus,4,2001,"{""type"":""MultiPoint"",""coordinates"":[]}"
0000000000000000010b,1,1,6,63Bichet2014,47.33,-2.87,,0.2931,268,Passer_domesticus,4,2009,"{""type"":""MultiPoint"",""coordinates"":[]}"
0000000000000000010c,1,1,6,63Bichet2014,47.33,-2.87,0.12004,0.1196,269,Passer_domesticus,4,2010,"{""type"":""MultiPoint"",""coordinates"":[]}"
0000000000000000010d,1,1,6,63Bichet2014,47.33,-2.87,0.1644,0.1724291545189504,270,Passer_domesticus,4,2011,"{""type"":""MultiPoint"",""coordinates"":[]}"
000000000000000001bf,1,1,6,223Gonzalez-Solis2001,53.52,8.08,0.5346048056492939,0.5304452832847883,448,Sterna_hirundo,4,1999,"{""type"":""MultiPoint"",""coordinates"":[]}"
000000000000000001ee,1,1,6,587Badás2020,40.9,-4.0167,0.5188562010050249,0.5875619246231155,495,Cyanistes_caeruleus,4,2013,"{""type"":""MultiPoint"",""coordinates"":[]}"
000000000000000001f5,1,1,6,655Arct2024,57.05,18.2833,0.13578177955020918,0.2375231944141391,502,Cyanistes_caeruleus,4,2009,"{""type"":""MultiPoint"",""coordinates"":[]}"
000000000000000001f6,1,1,6,655Arct2024,57.05,18.2833,0.2213214625017993,0.39792597608160396,503,Cyanistes_caeruleus,4,2010,"{""type"":""MultiPoint"",""coordinates"":[]}"
000000000000000001f7,1,1,6,655Arct2024,57.05,18.2833,0.23229474745965328,0.34696951473326765,504,Cyanistes_caeruleus,4,2011,"{""type"":""MultiPoint"",""coordinates"":[]}"
000000000000000001f8,1,1,6,655Arct2024,57.05,18.2833,0.24929692865600944,0.37372604189395575,505,Cyanistes_caeruleus,4,2012,"{""type"":""MultiPoint"",""coordinates"":[]}"
000000000000000001f9,1,1,6,655Arct2024,57.05,18.2833,0.16355424960046488,0.31684347501435944,506,Cyanistes_caeruleus,4,2013,"{""type"":""MultiPoint"",""coordinates"":[]}"
000000000000000001fa,1,1,6,655Arct2024,57.05,18.2833,0.365813722440146,0.41075431498829024,507,Cyanistes_caeruleus,4,2014,"{""type"":""MultiPoint"",""coordinates"":[]}"
000000000000000001fb,1,1,6,655Arct2024,57.05,18.2833,0.31666915488581626,0.4074491786692059,508,Cyanistes_caeruleus,4,2015,"{""type"":""MultiPoint"",""coordinates"":[]}"
000000000000000001fc,1,1,6,655Arct2024,57.05,18.2833,0.3251895278537498,0.38225151893466497,509,Cyanistes_caeruleus,4,2016,"{""type"":""MultiPoint"",""coordinates"":[]}"
000000000000000001fd,1,1,6,672Grinkov2022,56.35,84.9333,0.25679380250552686,0.5406913817243918,510,Ficedula_hypoleuca,4,2005,"{""type"":""MultiPoint"",""coordinates"":[]}"
00000000000000000282,1,1,6,672Grinkov2022,56.35,84.9333,0.25679380250552686,0.5406913817243918,643,Ficedula_hypoleuca,4,2005,"{""type"":""MultiPoint"",""coordinates"":[]}"
00000000000000000286,1,1,6,587Badás2020,40.9,-4.0167,0.5188562010050249,0.5875619246231155,647,Cyanistes_caeruleus,4,2013,"{""type"":""MultiPoint"",""coordinates"":[]}"
00000000000000000008,1,1,6,114Blomqvist2002,64.33,-164.93,0.2974239130434783,0.26590581395348833,9,Calidris_mauri,5,1996,"{""type"":""MultiPoint"",""coordinates"":[]}"
0000000000000000001d,1,1,6,242Moreno2013,40.8,-4.02,0.5561548093811344,0.5608634839943629,30,Ficedula_hypoleuca,5,2010,"{""type"":""MultiPoint"",""coordinates"":[]}"
0000000000000000001f,1,1,6,214Brün1996,52.53,7.35,0.4716907619998339,0.540127236243277,32,Ficedula_hypoleuca,5,1993,"{""type"":""MultiPoint"",""coordinates"":[]}"
00000000000000000020,1,1,6,182Ellegren1995,59.97,10.78,0.40795887084760923,0.4156758975122896,33,Ficedula_hypoleuca,5,1992,"{""type"":""MultiPoint"",""coordinates"":[]}"
00000000000000000021,1,1,6,187Gelter1992,59.83,17.67,0.4454635185944764,0.448768710691824,34,Ficedula_hypoleuca,5,1987,"{""type"":""MultiPoint"",""coordinates"":[]}"
00000000000000000022,1,1,6,243Moreno2010,40.8,-4.02,0.5856550684517816,0.5664864556070064,35,Ficedula_hypoleuca,5,2003,"{""type"":""MultiPoint"",""coordinates"":[]}"
00000000000000000023,1,1,6,241Moreno2015,40.8,-4.02,0.5864321018723575,0.5600583702436076,36,Ficedula_hypoleuca,5,2011,"{""type"":""MultiPoint"",""coordinates"":[]}"
00000000000000000024,1,1,6,349Rätti1995,62.62,26.33,0.4415146424187609,0.4904849521546063,37,Ficedula_hypoleuca,5,1990,"{""type"":""MultiPoint"",""coordinates"":[]}"
00000000000000000025,1,1,6,348Rätti2001,62.62,26.33,0.4262260067928191,0.4819536339556818,38,Ficedula_hypoleuca,5,1992,"{""type"":""MultiPoint"",""coordinates"":[]}"
0000000000000000006d,1,1,6,10Casey2011,39.08,-96.58,0.5753392472550677,0.5952292282516892,110,Bartramia_longicauda,5,2003,"{""type"":""MultiPoint"",""coordinates"":[]}"
0000000000000000006e,1,1,6,10Casey2011,39.08,-96.58,0.5820639991554056,0.6106223923141892,111,Bartramia_longicauda,5,2004,"{""type"":""MultiPoint"",""coordinates"":[]}"
0000000000000000006f,1,1,6,10Casey2011,39.08,-96.58,0.5587518845016893,0.5989380331503379,112,Bartramia_longicauda,5,2005,"{""type"":""MultiPoint"",""coordinates"":[]}"
00000000000000000070,1,1,6,10Casey2011,39.08,-96.58,0.5533568412162161,0.5743253853462835,113,Bartramia_longicauda,5,2006,"{""type"":""MultiPoint"",""coordinates"":[]}"
00000000000000000071,1,1,6,10Casey2011,39.08,-96.58,0.5759334,0.6244728621199326,114,Bartramia_longicauda,5,2007,"{""type"":""MultiPoint"",""coordinates"":[]}"
00000000000000000160,1,1,6,113Lank2002,60.83,25.33,0.373454935366258,0.37468940006629115,353,Philomachus_pugnax,5,1987,"{""type"":""MultiPoint"",""coordinates"":[]}"
00000000000000000161,1,1,6,113Lank2002,60.83,25.33,0.4253271163407359,0.5251448458733842,354,Philomachus_pugnax,5,1989,"{""type"":""MultiPoint"",""coordinates"":[]}"
00000000000000000162,1,1,6,113Lank2002,60.83,25.33,0.4177762379847532,0.4521944613854826,355,Philomachus_pugnax,5,1990,"{""type"":""MultiPoint"",""coordinates"":[]}"
00000000000000000199,1,1,6,346Kleven2007,62.47,11.8,0.374782824244909,0.3986994440184048,410,Phoenicurus_phoenicurus,5,2002,"{""type"":""MultiPoint"",""coordinates"":[]}"
0000000000000000019a,1,1,6,346Kleven2007,62.47,11.8,0.18823271783844422,0.4257904986480538,411,Phoenicurus_phoenicurus,5,2006,"{""type"":""MultiPoint"",""coordinates"":[]}"
000000000000000001b7,1,1,6,211Augustin2007,48.3,21.08,0.6082167831858406,0.6427378849557523,440,Riparia_riparia,5,2002,"{""type"":""MultiPoint"",""coordinates"":[]}"
000000000000000001cc,1,1,6,59Barber1996,44.7,-76.2,0.6705510431229166,0.6705510431229166,461,Tachycineta_bicolor,6,1992,"{""type"":""MultiPoint"",""coordinates"":[]}"
000000000000000001cd,1,1,6,59Barber1996,44.7,-76.2,0.6705510431229166,0.6705510431229166,462,Tachycineta_bicolor,6,1992,"{""type"":""MultiPoint"",""coordinates"":[]}"
00000000000000000260,1,1,6,544Kleven2020,69.4667,-29.8333,,,609,Poecile_cinctus,6,2013,"{""type"":""MultiPoint"",""coordinates"":[]}"
00000000000000000261,1,1,6,544Kleven2020,69.4667,-29.8333,,,610,Poecile_cinctus,6,2014,"{""type"":""MultiPoint"",""coordinates"":[]}"
00000000000000000262,1,1,6,544Kleven2020,69.4667,-29.8333,,,611,Poecile_cinctus,6,2015,"{""type"":""MultiPoint"",""coordinates"":[]}"
00000000000000000263,1,1,6,544Kleven2020,69.4667,-29.8333,,,612,Poecile_cinctus,6,2016,"{""type"":""MultiPoint"",""coordinates"":[]}"
00000000000000000264,1,1,6,544Kleven2020,69.4667,-29.8333,,,613,Poecile_cinctus,6,2017,"{""type"":""MultiPoint"",""coordinates"":[]}"
00000000000000000265,1,1,6,544Kleven2020,69.4667,-29.8333,,,614,Poecile_cinctus,6,2018,"{""type"":""MultiPoint"",""coordinates"":[]}"
000000000000000001ca,1,1,7,347Moore1999,9.17,-79.85,0.5808683798711262,0.580324795337866,459,Tachycineta_albilinea,1,1996,"{""type"":""MultiPoint"",""coordinates"":[]}"
0000000000000000000b,1,1,7,170Hill1994,42.27,-83.73,0.2167271506187745,0.2893413824328404,12,Carpodacus_mexicanus,2,1991,"{""type"":""MultiPoint"",""coordinates"":[]}"
0000000000000000009e,1,1,7,255Bouwman2006,51.75,4.75,0.41329537555592144,0.4643654710920772,159,Emberiza_schoeniclus,2,2002,"{""type"":""MultiPoint"",""coordinates"":[]}"
0000000000000000009f,1,1,7,255Bouwman2006,51.75,4.75,0.30024360896063246,0.3864574534673036,160,Emberiza_schoeniclus,2,2003,"{""type"":""MultiPoint"",""coordinates"":[]}"
0000000000000000001a,1,1,7,294 Alcaide2005,37.17,-6.35,0.38759244034707163,0.3885833812364426,27,Falco_naumanni,3,2003,"{""type"":""MultiPoint"",""coordinates"":[]}"
000000000000000000d5,1,1,7,225Neto2010,40.63,-8.68,0.48775334608030607,0.47632246993173694,214,Locustella_luscinioides,3,2002,"{""type"":""MultiPoint"",""coordinates"":[]}"
000000000000000000d6,1,1,7,225Neto2010,40.63,-8.68,0.475396849593496,0.4911375557004674,215,Locustella_luscinioides,3,2003,"{""type"":""MultiPoint"",""coordinates"":[]}"
000000000000000000d7,1,1,7,225Neto2010,40.63,-8.68,0.40226939820742635,0.412641408558608,216,Locustella_luscinioides,3,2005,"{""type"":""MultiPoint"",""coordinates"":[]}"
000000000000000000d8,1,1,7,225Neto2010,40.63,-8.68,0.48036422426579656,0.5353875836520078,217,Locustella_luscinioides,3,2006,"{""type"":""MultiPoint"",""coordinates"":[]}"
000000000000000000d9,1,1,7,225Neto2010,40.63,-8.68,0.48685253274602996,0.536650095699167,218,Locustella_luscinioides,3,2007,"{""type"":""MultiPoint"",""coordinates"":[]}"
000000000000000000da,1,1,7,225Neto2010,40.63,-8.68,0.5243466243686092,0.548395981444221,219,Locustella_luscinioides,3,2008,"{""type"":""MultiPoint"",""coordinates"":[]}"
00000000000000000108,1,1,7,231Yin2014,40.02,122.93,0.2223246563215996,0.2674361122682774,265,Parus_varius,3,2009,"{""type"":""MultiPoint"",""coordinates"":[]}"
00000000000000000109,1,1,7,231Yin2014,40.02,122.93,0.20339080399916684,0.28804209018954374,266,Parus_varius,3,2010,"{""type"":""MultiPoint"",""coordinates"":[]}"
0000000000000000010a,1,1,7,231Yin2014,40.02,122.93,0.19858796084149136,0.21435523849198088,267,Parus_varius,3,2011,"{""type"":""MultiPoint"",""coordinates"":[]}"
00000000000000000146,1,1,7,148DuVal2008,8.2,-82.2,0.4003446765498653,0.34705992647058825,327,Chiroxiphia_lanceolata,3,2000,"{""type"":""MultiPoint"",""coordinates"":[]}"
00000000000000000147,1,1,7,148DuVal2008,8.2,-82.2,0.2994809868007542,0.3224467550790067,328,Chiroxiphia_lanceolata,3,2001,"{""type"":""MultiPoint"",""coordinates"":[]}"
00000000000000000148,1,1,7,148DuVal2008,8.2,-82.2,0.34458200193657706,0.3644777898813846,329,Chiroxiphia_lanceolata,3,2002,"{""type"":""MultiPoint"",""coordinates"":[]}"
00000000000000000149,1,1,7,148DuVal2008,8.2,-82.2,0.4119655405405404,0.42925294117647067,330,Chiroxiphia_lanceolata,3,2003,"{""type"":""MultiPoint"",""coordinates"":[]}"
0000000000000000014a,1,1,7,148DuVal2008,8.2,-82.2,0.44371342840166367,0.45194785970726314,331,Chiroxiphia_lanceolata,3,2004,"{""type"":""MultiPoint"",""coordinates"":[]}"
0000000000000000014b,1,1,7,148DuVal2008,8.2,-82.2,0.43309774212715385,0.45373724004753413,332,Chiroxiphia_lanceolata,3,2005,"{""type"":""MultiPoint"",""coordinates"":[]}"
0000000000000000014c,1,1,7,148DuVal2008,8.2,-82.2,0.44320134803921574,0.39989578134284015,333,Chiroxiphia_lanceolata,3,2006,"{""type"":""MultiPoint"",""coordinates"":[]}"
00000000000000000178,1,1,7,394Vaclav2003,48.17,16.3,0.3094008212809918,0.4799406675131506,377,Passer_domesticus,3,1999,"{""type"":""MultiPoint"",""coordinates"":[]}"
000000000000000001db,1,1,7,645Celis2012,40.75,-3.7833,0.48968872814190445,0.5010725161225312,476,Malurus_lamberti,3,2004,"{""type"":""MultiPoint"",""coordinates"":[]}"
000000000000000001dc,1,1,7,645Celis2012,40.75,-3.7833,0.4134418462757529,0.43974227629987916,477,Sturnus_unicolor,3,2005,"{""type"":""MultiPoint"",""coordinates"":[]}"
000000000000000001dd,1,1,7,645Celis2012,40.75,-3.7833,0.4731209127702631,0.4937104292623943,478,Sturnus_unicolor,3,2006,"{""type"":""MultiPoint"",""coordinates"":[]}"
00000000000000000271,1,1,7,402McRae1996,52.63,-0.27,0.4234885774438575,0.5732253261228535,626,Gallinula_chloropus,3,1991,"{""type"":""MultiPoint"",""coordinates"":[]}"
00000000000000000272,1,1,7,402McRae1996,52.63,-0.27,0.3922275862068966,0.6293282364597093,627,Gallinula_chloropus,3,1992,"{""type"":""MultiPoint"",""coordinates"":[]}"
00000000000000000005,1,1,7,232Kreisinger2010,49.15,14.72,0.5084870155214665,0.6229601539398155,6,Anas_platyrhynchos,4,2004,"{""type"":""MultiPoint"",""coordinates"":[]}"
0000000000000000000d,1,1,7,247Maher2017,16.8,41.88,0.0012633705728547664,-0.008168432971014493,14,Charadrius_alexandrinus,4,2011,"{""type"":""MultiPoint"",""coordinates"":[]}"
0000000000000000001b,1,1,7,294 Alcaide2005,41.35,-0.18,0.2459536192092652,0.20476625898562303,28,Falco_naumanni,4,1993,"{""type"":""MultiPoint"",""coordinates"":[]}"
00000000000000000030,1,1,7,132Major2004,44.75,-63.68,0.40866838543345174,0.500714337679516,49,Melospiza_melodia,4,2000,"{""type"":""MultiPoint"",""coordinates"":[]}"
00000000000000000033,1,1,7,444Lubjuhn1999,52.33,11.0,0.464308811315858,0.6070571885913854,52,Parus_ater,4,1993,"{""type"":""MultiPoint"",""coordinates"":[]}"
0000000000000000003b,1,1,7,146Garcia-Del-Rey2012,28.42,16.38,0.1474447809432607,0.1476873489745431,60,Parus_teneriffae,4,2009,"{""type"":""MultiPoint"",""coordinates"":[]}"
00000000000000000041,1,1,7,418Harper2010,44.57,-76.32,0.36099311180003874,0.5734170025188918,66,Vermivora_chrysoptera,4,2005,"{""type"":""MultiPoint"",""coordinates"":[]}"
00000000000000000069,1,1,7,237Hutchinson2007,51.17,-4.63,,0.21760000000000002,106,Alauda_arvensis,4,1997,"{""type"":""MultiPoint"",""coordinates"":[]}"
0000000000000000006a,1,1,7,237Hutchinson2007,51.17,-4.63,,,107,Alauda_arvensis,4,1998,"{""type"":""MultiPoint"",""coordinates"":[]}"
0000000000000000006b,1,1,7,237Hutchinson2007,51.17,-4.63,,0.5385,108,Alauda_arvensis,4,1999,"{""type"":""MultiPoint"",""coordinates"":[]}"
0000000000000000006c,1,1,7,237Hutchinson2007,51.17,-4.63,,,109,Alauda_arvensis,4,2000,"{""type"":""MultiPoint"",""coordinates"":[]}"
000000000000000000b0,1,1,7,150Korpimäki1996,62.98,22.83,0.34586443187438193,0.47307548837784374,177,Falco_tinnunculus,4,1990,"{""type"":""MultiPoint"",""coordinates"":[]}"
000000000000000000b1,1,1,7,150Korpimäki1996,62.98,22.83,0.3329406878712398,0.5396621445351141,178,Falco_tinnunculus,4,1991,"{""type"":""MultiPoint"",""coordinates"":[]}"
000000000000000000b2,1,1,7,150Korpimäki1996,62.98,22.83,,0.5516204562314541,179,Falco_tinnunculus,4,1992,"{""type"":""MultiPoint"",""coordinates"":[]}"
000000000000000000b4,1,1,7,457Wilk2008,50.1,20.4,0.43002797202797205,0.5302095258400135,181,Ficedula_albicollis,4,2004,"{""type"":""MultiPoint"",""coordinates"":[]}"
000000000000000000b5,1,1,7,457Wilk2008,50.1,20.4,0.3410327481577805,0.6448847262493602,182,Ficedula_albicollis,4,2005,"{""type"":""MultiPoint"",""coordinates"":[]}"
000000000000000000b6,1,1,7,457Wilk2008,50.1,20.4,0.3459858654815358,0.6529193714821762,183,Ficedula_albicollis,4,2006,"{""type"":""MultiPoint"",""coordinates"":[]}"
000000000000000000f0,1,1,7,463Dietrich2004,52.45,7.25,0.48210462842771373,0.5847003488560764,241,Parus_ater,4,2000,"{""type"":""MultiPoint"",""coordinates"":[]}"
000000000000000000f1,1,1,7,463Dietrich2004,52.45,7.25,0.47623099545675784,0.6113578005841309,242,Parus_ater,4,2001,"{""type"":""MultiPoint"",""coordinates"":[]}"
000000000000000000f2,1,1,7,463Dietrich2004,52.45,7.25,0.4918919560279084,0.6043851533344149,243,Parus_ater,4,2002,"{""type"":""MultiPoint"",""coordinates"":[]}"
000000000000000000fb,1,1,7,76Krokene1998,58.87,9.6,0.23805738911078408,0.3180260701591718,252,Parus_caeruleus,4,1992,"{""type"":""MultiPoint"",""coordinates"":[]}"
000000000000000000fc,1,1,7,76Krokene1998,58.87,9.6,0.2544115257851881,0.4011741384639159,253,Parus_caeruleus,4,1993,"{""type"":""MultiPoint"",""coordinates"":[]}"
000000000000000000fd,1,1,7,76Krokene1998,58.87,9.6,0.08827849500713267,0.28426434496567504,254,Parus_caeruleus,4,1994,"{""type"":""MultiPoint"",""coordinates"":[]}"
00000000000000000100,1,1,7,76Krokene1998,58.87,9.6,0.23805738911078408,0.3180260701591718,257,Parus_major,4,1992,"{""type"":""MultiPoint"",""coordinates"":[]}"
00000000000000000101,1,1,7,76Krokene1998,58.87,9.6,0.2544115257851881,0.4011741384639159,258,Parus_major,4,1993,"{""type"":""MultiPoint"",""coordinates"":[]}"
00000000000000000102,1,1,7,76Krokene1998,58.87,9.6,0.08827849500713267,0.28426434496567504,259,Parus_major,4,1994,"{""type"":""MultiPoint"",""coordinates"":[]}"
00000000000000000103,1,1,7,76Krokene1998,58.87,9.6,0.20905239114917917,0.31191452817824383,260,Parus_major,4,1995,"{""type"":""MultiPoint"",""coordinates"":[]}"
0000000000000000010e,1,1,7,406Griffith1999,51.0,-4.0,0.6666534134857909,0.6846804011053423,271,Passer_domesticus,4,1995,"{""type"":""MultiPoint"",""coordinates"":[]}"
0000000000000000010f,1,1,7,406Griffith1999,51.0,-4.0,0.693180047996428,0.6958003935689162,272,Passer_domesticus,4,1996,"{""type"":""MultiPoint"",""coordinates"":[]}"
00000000000000000200,1,1,7,675Dawson2025,41.39,2.17,0.2608165097159939,0.25011970563616065,513,Myiopsitta_monachus,4,2017,"{""type"":""MultiPoint"",""coordinates"":[]}"
00000000000000000201,1,1,7,675Dawson2025,41.39,2.17,0.2307296634470268,0.24199264641767182,514,Myiopsitta_monachus,4,2018,"{""type"":""MultiPoint"",""coordinates"":[]}"
00000000000000000203,1,1,7,489Barber2025,44.6167,-63.5667,0.3508191591521255,0.3973680159833218,516,Sturnus_vulgaris,4,2007,"{""type"":""MultiPoint"",""coordinates"":[]}"
00000000000000000204,1,1,7,489Barber2025,44.6167,-63.5667,0.36778889363780687,0.40615013499831254,517,Sturnus_vulgaris,4,2008,"{""type"":""MultiPoint"",""coordinates"":[]}"
00000000000000000205,1,1,7,489Barber2025,44.6167,-63.5667,0.31700957154313214,0.40376884189097495,518,Sturnus_vulgaris,4,2009,"{""type"":""MultiPoint"",""coordinates"":[]}"
00000000000000000206,1,1,7,489Barber2025,44.6167,-63.5667,0.3520527052348049,0.481639950840288,519,Sturnus_vulgaris,4,2011,"{""type"":""MultiPoint"",""coordinates"":[]}"
0000000000000000022a,1,1,7,550Plaza2024,40.0,-3.0,0.37758604319478395,0.2995859718826406,555,Ficedula_hypoleuca,4,2016,"{""type"":""MultiPoint"",""coordinates"":[]}"
0000000000000000022b,1,1,7,550Plaza2024,40.0,-3.0,0.3879327068052158,0.24305384576202108,556,Ficedula_hypoleuca,4,2017,"{""type"":""MultiPoint"",""coordinates"":[]}"
0000000000000000022c,1,1,7,550Plaza2024,40.0,-3.0,0.37898105643846774,0.313654553789731,557,Ficedula_hypoleuca,4,2015,"{""type"":""MultiPoint"",""coordinates"":[]}"
0000000000000000022d,1,1,7,550Plaza2024,40.0,-3.0,0.37758604319478395,0.2995859718826406,558,Ficedula_hypoleuca,4,2016,"{""type"":""MultiPoint"",""coordinates"":[]}"
0000000000000000022e,1,1,7,550Plaza2024,40.0,-3.0,0.3879327068052158,0.24305384576202108,559,Ficedula_hypoleuca,4,2017,"{""type"":""MultiPoint"",""coordinates"":[]}"
0000000000000000027e,1,1,7,554Lifjeld2025,59.9833,10.6,0.22319943938332149,0.50022630593203,639,Periparus_ater,4,1989,"{""type"":""MultiPoint"",""coordinates"":[]}"
00000000000000000014,1,1,7,426Yezerinac1999,58.67,-94.42,0.2780850414032588,0.42909829497344326,21,Dendroica_petechia,5,1994,"{""type"":""MultiPoint"",""coordinates"":[]}"
0000000000000000001c,1,1,7,483Sheldon1999,57.17,18.33,0.39376122370936895,0.4326243793706294,29,Ficedula_albicollis,5,1994,"{""type"":""MultiPoint"",""coordinates"":[]}"
0000000000000000001e,1,1,7,235Lifjeld1991,59.98,10.63,0.45430477785372536,0.5307147694721048,31,Ficedula_hypoleuca,5,1989,"{""type"":""MultiPoint"",""coordinates"":[]}"
00000000000000000049,1,1,7,35Alderson1999,50.18,-98.38,0.28320839062500003,0.5808246177802944,74,Molothrus_ater,5,1994,"{""type"":""MultiPoint"",""coordinates"":[]}"
0000000000000000004c,1,1,7,280Heer1996,46.2,7.63,0.4163130997177798,0.4723729032258065,77,Prunella_collaris,5,1993,"{""type"":""MultiPoint"",""coordinates"":[]}"
00000000000000000054,1,1,7,52Leisler2000,49.67,10.85,0.5838480128443783,0.56291559009009,85,Acrocephalus_arundinaceus,5,1992,"{""type"":""MultiPoint"",""coordinates"":[]}"
00000000000000000055,1,1,7,52Leisler2000,49.67,10.85,0.572606951777543,0.562704668250616,86,Acrocephalus_arundinaceus,5,1994,"{""type"":""MultiPoint"",""coordinates"":[]}"
00000000000000000056,1,1,7,52Leisler2000,49.67,10.85,0.6010665929611202,0.5797988252375924,87,Acrocephalus_arundinaceus,5,1995,"{""type"":""MultiPoint"",""coordinates"":[]}"
00000000000000000057,1,1,7,52Leisler2000,49.67,10.85,0.6130036005369642,0.612821233720521,88,Acrocephalus_arundinaceus,5,1996,"{""type"":""MultiPoint"",""coordinates"":[]}"
00000000000000000058,1,1,7,52Leisler2000,49.67,10.85,0.6149326645547343,0.5994828713481168,89,Acrocephalus_arundinaceus,5,1997,"{""type"":""MultiPoint"",""coordinates"":[]}"
00000000000000000059,1,1,7,36Arlt2004,59.1,15.25,0.46127368495077337,0.6169475624743957,90,Acrocephalus_arundinaceus,5,1994,"{""type"":""MultiPoint"",""coordinates"":[]}"
0000000000000000005a,1,1,7,36Arlt2004,59.1,15.25,0.47781908712276355,0.6557547145978422,91,Acrocephalus_arundinaceus,5,1995,"{""type"":""MultiPoint"",""coordinates"":[]}"
0000000000000000005b,1,1,7,36Arlt2004,59.1,15.25,0.3250055271853409,0.6594401474805404,92,Acrocephalus_arundinaceus,5,1996,"{""type"":""MultiPoint"",""coordinates"":[]}"
0000000000000000005c,1,1,7,36Arlt2004,59.1,15.25,0.4906811655059401,0.6141092926396284,93,Acrocephalus_arundinaceus,5,1997,"{""type"":""MultiPoint"",""coordinates"":[]}"
0000000000000000005d,1,1,7,36Arlt2004,59.1,15.25,0.5334866072647821,0.581035395329783,94,Acrocephalus_arundinaceus,5,1998,"{""type"":""MultiPoint"",""coordinates"":[]}"
0000000000000000005e,1,1,7,20Langefors1998,59.17,15.42,0.517796532553036,0.559911463057791,95,Acrocephalus_schoenobaenus,5,1990,"{""type"":""MultiPoint"",""coordinates"":[]}"
0000000000000000005f,1,1,7,20Langefors1998,59.17,15.42,0.4538492333963088,0.5977376445242372,96,Acrocephalus_schoenobaenus,5,1991,"{""type"":""MultiPoint"",""coordinates"":[]}"
00000000000000000060,1,1,7,20Langefors1998,59.17,15.42,0.4851702377049182,0.5393463211249182,97,Acrocephalus_schoenobaenus,5,1992,"{""type"":""MultiPoint"",""coordinates"":[]}"
00000000000000000061,1,1,7,380Marshall2007,51.45,-0.55,0.5697903620234958,0.567367072766451,98,Acrocephalus_schoenobaenus,5,1993,"{""type"":""MultiPoint"",""coordinates"":[]}"
00000000000000000062,1,1,7,380Marshall2007,51.45,-0.55,0.5576863253012048,0.5597442234377589,99,Acrocephalus_schoenobaenus,5,1994,"{""type"":""MultiPoint"",""coordinates"":[]}"
00000000000000000063,1,1,7,380Marshall2007,51.45,-0.55,0.5452357849462366,0.522790908337477,100,Acrocephalus_schoenobaenus,5,1995,"{""type"":""MultiPoint"",""coordinates"":[]}"
00000000000000000064,1,1,7,380Marshall2007,51.45,-0.55,0.6051026221692491,0.5495021720318448,101,Acrocephalus_schoenobaenus,5,1996,"{""type"":""MultiPoint"",""coordinates"":[]}"
00000000000000000065,1,1,7,380Marshall2007,51.45,-0.55,0.5801894299627611,0.5736136701270806,102,Acrocephalus_schoenobaenus,5,1997,"{""type"":""MultiPoint"",""coordinates"":[]}"
00000000000000000066,1,1,7,380Marshall2007,51.45,-0.55,0.6011651555424296,0.6005648552864737,103,Acrocephalus_schoenobaenus,5,1998,"{""type"":""MultiPoint"",""coordinates"":[]}"
00000000000000000075,1,1,7,254Larsson1995,57.28,18.75,0.40154206222222233,0.46818457777777794,118,Branta_leucopsis,5,1989,"{""type"":""MultiPoint"",""coordinates"":[]}"
00000000000000000076,1,1,7,254Larsson1995,57.28,18.75,0.4574569145728646,0.45215212650928127,119,Branta_leucopsis,5,1990,"{""type"":""MultiPoint"",""coordinates"":[]}"
00000000000000000077,1,1,7,254Larsson1995,57.28,18.75,0.39761273015244514,0.4864701405553651,120,Branta_leucopsis,5,1991,"{""type"":""MultiPoint"",""coordinates"":[]}"
00000000000000000078,1,1,7,229Reneerkens2014,74.5,-21.0,,0.09282879378934768,121,Calidris_alba,5,2003,"{""type"":""MultiPoint"",""coordinates"":[]}"
00000000000000000079,1,1,7,229Reneerkens2014,74.5,-21.0,,0.04348456401346506,122,Calidris_alba,5,2007,"{""type"":""MultiPoint"",""coordinates"":[]}"
0000000000000000007a,1,1,7,229Reneerkens2014,74.5,-21.0,,0.060025390390390385,123,Calidris_alba,5,2008,"{""type"":""MultiPoint"",""coordinates"":[]}"
0000000000000000007b,1,1,7,229Reneerkens2014,74.5,-21.0,,0.05320911397799472,124,Calidris_alba,5,2009,"{""type"":""MultiPoint"",""coordinates"":[]}"
0000000000000000007c,1,1,7,229Reneerkens2014,74.5,-21.0,,0.060830498074163575,125,Calidris_alba,5,2010,"{""type"":""MultiPoint"",""coordinates"":[]}"
0000000000000000007d,1,1,7,229Reneerkens2014,74.5,-21.0,,0.05659934791754311,126,Calidris_alba,5,2011,"{""type"":""MultiPoint"",""coordinates"":[]}"
00000000000000000084,1,1,7,34Sánchez-Tójar2015,37.3,-3.18,0.34067619047619047,0.2860520052910053,133,Coracias_garrulus,5,2007,"{""type"":""MultiPoint"",""coordinates"":[]}"
00000000000000000085,1,1,7,34Sánchez-Tójar2015,37.3,-3.18,0.2641164600659029,0.24968516402116403,134,Coracias_garrulus,5,2008,"{""type"":""MultiPoint"",""coordinates"":[]}"
00000000000000000086,1,1,7,34Sánchez-Tójar2015,37.3,-3.18,0.3560294603174603,0.3008494285714286,135,Coracias_garrulus,5,2009,"{""type"":""MultiPoint"",""coordinates"":[]}"
00000000000000000087,1,1,7,34Sánchez-Tójar2015,37.3,-3.18,0.3499033756613755,0.29440146560846553,136,Coracias_garrulus,5,2010,"{""type"":""MultiPoint"",""coordinates"":[]}"
00000000000000000088,1,1,7,34Sánchez-Tójar2015,37.3,-3.18,0.3754390952380952,0.31813680423280427,137,Coracias_garrulus,5,2011,"{""type"":""MultiPoint"",""coordinates"":[]}"
000000000000000000aa,1,1,7,42Woolfenden2005,41.77,-79.93,0.5860282584440613,0.741729977685364,171,Empidonax_virescens,5,1997,"{""type"":""MultiPoint"",""coordinates"":[]}"
000000000000000000ab,1,1,7,42Woolfenden2005,41.77,-79.93,0.610867486560503,0.733190419920885,172,Empidonax_virescens,5,2000,"{""type"":""MultiPoint"",""coordinates"":[]}"
000000000000000000ac,1,1,7,42Woolfenden2005,41.77,-79.93,0.6531383253879702,0.766670245461,173,Empidonax_virescens,5,2001,"{""type"":""MultiPoint"",""coordinates"":[]}"
000000000000000000ad,1,1,7,42Woolfenden2005,41.77,-79.93,0.6620215792676745,0.7419028045440716,174,Empidonax_virescens,5,2002,"{""type"":""MultiPoint"",""coordinates"":[]}"
000000000000000000bc,1,1,7,363Lehtonen2009,60.42,22.17,0.35724784687300815,0.48390738259621313,189,Ficedula_hypoleuca,5,2005,"{""type"":""MultiPoint"",""coordinates"":[]}"
000000000000000000bd,1,1,7,363Lehtonen2009,60.42,22.17,0.293394894053315,0.5010644440712126,190,Ficedula_hypoleuca,5,2006,"{""type"":""MultiPoint"",""coordinates"":[]}"
000000000000000000c6,1,1,7,315Evans2008,41.77,-79.93,0.6620215792676745,0.7419028045440716,199,Hylocichla_mustelina,5,2002,"{""type"":""MultiPoint"",""coordinates"":[]}"
000000000000000000c7,1,1,7,315Evans2008,41.77,-79.93,0.6397974490313422,0.7120628968455219,200,Hylocichla_mustelina,5,2003,"{""type"":""MultiPoint"",""coordinates"":[]}"
000000000000000000c8,1,1,7,315Evans2008,41.77,-79.93,0.6764383101734457,0.7347547672177708,201,Hylocichla_mustelina,5,2004,"{""type"":""MultiPoint"",""coordinates"":[]}"
000000000000000000cb,1,1,7,330Wink2011,51.9,11.0,0.7148603848678811,0.6891399967175448,204,Jynx_torquilla,5,2003,"{""type"":""MultiPoint"",""coordinates"":[]}"
000000000000000000cc,1,1,7,330Wink2011,51.9,11.0,0.7268491953059515,0.6368319218775644,205,Jynx_torquilla,5,2004,"{""type"":""MultiPoint"",""coordinates"":[]}"
000000000000000000cd,1,1,7,330Wink2011,51.9,11.0,0.6999185499753816,0.6932041892335468,206,Jynx_torquilla,5,2005,"{""type"":""MultiPoint"",""coordinates"":[]}"
000000000000000000db,1,1,7,17Johnsen2003,62.42,8.87,0.0429,0.360944193757076,220,Luscinia_svecica,5,1991,"{""type"":""MultiPoint"",""coordinates"":[]}"
000000000000000000dc,1,1,7,17Johnsen2003,62.42,8.87,0.2132,0.23261113168724284,221,Luscinia_svecica,5,1992,"{""type"":""MultiPoint"",""coordinates"":[]}"
000000000000000000dd,1,1,7,17Johnsen2003,62.42,8.87,0.07960339539978097,0.1556104432582967,222,Luscinia_svecica,5,1993,"{""type"":""MultiPoint"",""coordinates"":[]}"
000000000000000000de,1,1,7,17Johnsen2003,62.42,8.87,0.1417723092470945,0.3614978570784084,223,Luscinia_svecica,5,1994,"{""type"":""MultiPoint"",""coordinates"":[]}"
000000000000000000df,1,1,7,17Johnsen2003,62.42,8.87,-0.056,0.29260582161687176,224,Luscinia_svecica,5,1995,"{""type"":""MultiPoint"",""coordinates"":[]}"
000000000000000000e0,1,1,7,17Johnsen2003,62.42,8.87,0.032600000000000004,0.3377756743965927,225,Luscinia_svecica,5,1996,"{""type"":""MultiPoint"",""coordinates"":[]}"
000000000000000000e1,1,1,7,17Johnsen2003,62.42,8.87,0.047400000000000005,0.3665488329583803,226,Luscinia_svecica,5,1997,"{""type"":""MultiPoint"",""coordinates"":[]}"
000000000000000000e2,1,1,7,17Johnsen2003,62.42,8.87,0.07739757453259222,0.3402263891419202,227,Luscinia_svecica,5,1998,"{""type"":""MultiPoint"",""coordinates"":[]}"
000000000000000000e3,1,1,7,17Johnsen2003,62.42,8.87,0.09684184549356223,0.38690500912825204,228,Luscinia_svecica,5,1999,"{""type"":""MultiPoint"",""coordinates"":[]}"
000000000000000000e4,1,1,7,17Johnsen2003,62.42,8.87,0.1325,0.29347222812879703,229,Luscinia_svecica,5,2000,"{""type"":""MultiPoint"",""coordinates"":[]}"
000000000000000000f3,1,1,7,4Charmantier2003,42.52,8.77,0.4859669146436962,0.46573327323162267,244,Parus_caeruleus,5,2000,"{""type"":""MultiPoint"",""coordinates"":[]}"
000000000000000000f4,1,1,7,4Charmantier2003,42.52,8.77,0.5370788418862692,0.4780454683513546,245,Parus_caeruleus,5,2001,"{""type"":""MultiPoint"",""coordinates"":[]}"
00000000000000000106,1,1,7,458Yuta2016,42.67,141.6,0.4710545562481451,0.5243886008111239,263,Parus_major,5,2009,"{""type"":""MultiPoint"",""coordinates"":[]}"
00000000000000000107,1,1,7,458Yuta2016,42.67,141.6,0.48229771640560587,0.6132852605612089,264,Parus_major,5,2010,"{""type"":""MultiPoint"",""coordinates"":[]}"
00000000000000000136,1,1,7,289Oring1992,47.17,-94.42,0.3625876415354875,0.5555522719267348,311,Actitis_macularius,5,1990,"{""type"":""MultiPoint"",""coordinates"":[]}"
00000000000000000137,1,1,7,289Oring1992,47.17,-94.42,0.46679164022321934,0.5713186693928908,312,Actitis_macularius,5,1991,"{""type"":""MultiPoint"",""coordinates"":[]}"
0000000000000000019b,1,1,7,168Bjornstad1997,61.42,8.87,0.13438653875207734,0.21902967221682962,412,Phylloscopus_trochilus,5,1993,"{""type"":""MultiPoint"",""coordinates"":[]}"
000000000000000001b8,1,1,7,360Kappes2009,41.77,-79.93,0.6620215792676745,0.7419028045440716,441,Setophaga_ruticilla,5,2002,"{""type"":""MultiPoint"",""coordinates"":[]}"
000000000000000001b9,1,1,7,360Kappes2009,41.77,-79.93,0.6397974490313422,0.7120628968455219,442,Setophaga_ruticilla,5,2003,"{""type"":""MultiPoint"",""coordinates"":[]}"
000000000000000001ba,1,1,7,428Perreault1997,45.07,-67.03,0.37571662037551407,0.44994906408952207,443,Setophaga_ruticilla,5,1987,"{""type"":""MultiPoint"",""coordinates"":[]}"
000000000000000001bb,1,1,7,428Perreault1997,45.07,-67.03,0.40188031204468194,0.39402064557366606,444,Setophaga_ruticilla,5,1988,"{""type"":""MultiPoint"",""coordinates"":[]}"
000000000000000001bc,1,1,7,428Perreault1997,45.07,-67.03,0.3778705345501957,0.5015693593453749,445,Setophaga_ruticilla,5,1989,"{""type"":""MultiPoint"",""coordinates"":[]}"
000000000000000001d0,1,1,7,244Conrad2001,44.58,-66.77,0.19349623824451415,0.387657460815047,465,Tachycineta_bicolor,5,1993,"{""type"":""MultiPoint"",""coordinates"":[]}"
0000000000000000022f,1,1,7,559Krietsch2022,71.3167,-156.65,,0.28911966786466725,560,Phalaropus_fulicarius,5,2003,"{""type"":""MultiPoint"",""coordinates"":[]}"
00000000000000000230,1,1,7,559Krietsch2022,71.3167,-156.65,0.3616173020527859,0.34271882468343146,561,Phalaropus_fulicarius,5,2004,"{""type"":""MultiPoint"",""coordinates"":[]}"
00000000000000000231,1,1,7,559Krietsch2022,71.3167,-156.65,,0.32844307053120986,562,Phalaropus_fulicarius,5,2005,"{""type"":""MultiPoint"",""coordinates"":[]}"
00000000000000000232,1,1,7,559Krietsch2022,71.3167,-156.65,,0.3606360380679944,563,Phalaropus_fulicarius,5,2006,"{""type"":""MultiPoint"",""coordinates"":[]}"
00000000000000000233,1,1,7,559Krietsch2022,71.3167,-156.65,,0.2695404719991199,564,Phalaropus_fulicarius,5,2014,"{""type"":""MultiPoint"",""coordinates"":[]}"
00000000000000000234,1,1,7,559Krietsch2022,71.3167,-156.65,,0.3260849422089041,565,Phalaropus_fulicarius,5,2017,"{""type"":""MultiPoint"",""coordinates"":[]}"
00000000000000000235,1,1,7,559Krietsch2022,71.3167,-156.65,,0.28953926017601767,566,Phalaropus_fulicarius,5,2018,"{""type"":""MultiPoint"",""coordinates"":[]}"
00000000000000000236,1,1,7,559Krietsch2022,71.3167,-156.65,,0.3063401677212012,567,Phalaropus_fulicarius,5,2019,"{""type"":""MultiPoint"",""coordinates"":[]}"
00000000000000000270,1,1,7,512Ding2021,23.65,107.0667,0.42846598937167857,0.5638031752803508,625,Prinia_flaviventris,5,2013,"{""type"":""MultiPoint"",""coordinates"":[]}"
00000000000000000007,1,1,7,408Choudhury1993,78.92,11.9,-0.04967777777777778,-0.00622239055864097,8,Branta_leucopsis,6,1989,"{""type"":""MultiPoint"",""coordinates"":[]}"
0000000000000000000e,1,1,7,367Dunn1999,67.23,-100.27,0.11061053546043283,0.13725969567735483,15,Chen_caerulescens,6,1995,"{""type"":""MultiPoint"",""coordinates"":[]}"
0000000000000000000f,1,1,7,367Dunn1999,67.23,-100.27,0.11061053546043283,0.13725969567735483,16,Chen_rossii,6,1995,"{""type"":""MultiPoint"",""coordinates"":[]}"
00000000000000000045,1,1,7,263Schulze-Hagen1993,53.48,23.0,0.6542988339136773,0.6477717386023161,70,Acrocephalus_paludicola,6,1990,"{""type"":""MultiPoint"",""coordinates"":[]}"
0000000000000000004b,1,1,7,216Dale1999,69.4,81.82,0.32543161207299953,0.4530881188582123,76,Phalaropus_fulicarius,6,1993,"{""type"":""MultiPoint"",""coordinates"":[]}"
00000000000000000082,1,1,7,479Zharikov2000,58.75,-95.07,0.3509583153798041,0.48199502207810113,131,Charadrius_semipalmatus,6,1996,"{""type"":""MultiPoint"",""coordinates"":[]}"
00000000000000000083,1,1,7,479Zharikov2000,58.75,-95.07,0.40434298330343604,0.4505519525320821,132,Charadrius_semipalmatus,6,1997,"{""type"":""MultiPoint"",""coordinates"":[]}"
000000000000000000ce,1,1,7,228Freeland1995,59.83,-136.33,0.19820000000000002,0.23462650602409643,207,Lagopus_lagopus,6,1987,"{""type"":""MultiPoint"",""coordinates"":[]}"
000000000000000000cf,1,1,7,228Freeland1995,59.83,-136.33,0.154593670886076,0.22592844444444443,208,Lagopus_lagopus,6,1988,"{""type"":""MultiPoint"",""coordinates"":[]}"
000000000000000000d0,1,1,7,228Freeland1995,59.83,-136.33,0.26327106254709876,0.36890571708591985,209,Lagopus_lagopus,6,1989,"{""type"":""MultiPoint"",""coordinates"":[]}"
000000000000000000d1,1,1,7,228Freeland1995,59.83,-136.33,0.23547728857890154,0.24224089839152615,210,Lagopus_lagopus,6,1992,"{""type"":""MultiPoint"",""coordinates"":[]}"
000000000000000001a6,1,1,7,437Yezerinac2013,71.29,-156.8,0.2527188943805737,0.35113806919358936,423,Pluvialis_dominica,6,2004,"{""type"":""MultiPoint"",""coordinates"":[]}"
000000000000000001a7,1,1,7,437Yezerinac2013,71.29,-156.8,0.18220083089603833,0.35713327628826774,424,Pluvialis_dominica,6,2005,"{""type"":""MultiPoint"",""coordinates"":[]}"
000000000000000001a8,1,1,7,437Yezerinac2013,71.29,-156.8,0.22896158585055637,0.3825435729275971,425,Pluvialis_dominica,6,2006,"{""type"":""MultiPoint"",""coordinates"":[]}"
000000000000000001a9,1,1,7,437Yezerinac2013,71.29,-156.8,0.12203113396004703,0.29000398007634304,426,Pluvialis_dominica,6,2007,"{""type"":""MultiPoint"",""coordinates"":[]}"
000000000000000001aa,1,1,7,437Yezerinac2013,71.29,-156.8,0.1986145275297619,0.302173693605972,427,Pluvialis_dominica,6,2008,"{""type"":""MultiPoint"",""coordinates"":[]}"
000000000000000001ab,1,1,7,437Yezerinac2013,71.29,-156.8,0.1958676993355482,0.30877326145552564,428,Pluvialis_dominica,6,2009,"{""type"":""MultiPoint"",""coordinates"":[]}"
0000000000000000026e,1,1,7,440Anker-Nilssen2008,67.43,11.88,,0.10300000000000001,623,Fratercula_arctica,6,2003,"{""type"":""MultiPoint"",""coordinates"":[]}"
0000000000000000026f,1,1,7,440Anker-Nilssen2008,67.43,11.88,0.03895,0.03895,624,Fratercula_arctica,6,2004,"{""type"":""MultiPoint"",""coordinates"":[]}"
00000000000000000013,1,1,7,269Whittingham1995,61.42,8.87,0.43106259606147934,0.43106259606147934,20,Delichon_urbicum,7,1992,"{""type"":""MultiPoint"",""coordinates"":[]}"
000000000000000000ae,1,1,8,353Bolton2017,-15.57,128.0,0.27573855413761345,0.23398947945325124,175,Erythrura_gouldiae,2,2008,"{""type"":""MultiPoint"",""coordinates"":[]}"
000000000000000000af,1,1,8,353Bolton2017,-15.57,128.0,0.2514986898991222,0.2335310668588148,176,Erythrura_gouldiae,2,2009,"{""type"":""MultiPoint"",""coordinates"":[]}"
00000000000000000281,1,1,8,641nomano2023,25.8333,131.2333,,-0.050350000000000006,642,Lanius_bucephalus,2,2008,"{""type"":""MultiPoint"",""coordinates"":[]}"
00000000000000000089,1,1,8,260Overeem2014,40.98,-124.0,0.6469930193496375,0.734742633246528,138,Cyanocitta_stelleri,3,2006,"{""type"":""MultiPoint"",""coordinates"":[]}"
0000000000000000008a,1,1,8,260Overeem2014,40.98,-124.0,0.6921757582184521,0.7387140881778964,139,Cyanocitta_stelleri,3,2007,"{""type"":""MultiPoint"",""coordinates"":[]}"
0000000000000000008b,1,1,8,260Overeem2014,40.98,-124.0,0.7094199852924538,0.7315577392152767,140,Cyanocitta_stelleri,3,2008,"{""type"":""MultiPoint"",""coordinates"":[]}"
000000000000000000a0,1,1,8,88Mayer2013,47.0,8.0,0.5594623683667149,0.6952365911412386,161,Emberiza_schoeniclus,3,2002,"{""type"":""MultiPoint"",""coordinates"":[]}"
000000000000000000a1,1,1,8,88Mayer2013,47.0,8.0,0.498609558268311,0.6926871462264148,162,Emberiza_schoeniclus,3,2003,"{""type"":""MultiPoint"",""coordinates"":[]}"
000000000000000000a2,1,1,8,88Mayer2013,47.0,8.0,0.5250910823689584,0.7182951514876634,163,Emberiza_schoeniclus,3,2004,"{""type"":""MultiPoint"",""coordinates"":[]}"
000000000000000000a3,1,1,8,88Mayer2013,47.0,8.0,0.4712295852534562,0.7198082819303335,164,Emberiza_schoeniclus,3,2005,"{""type"":""MultiPoint"",""coordinates"":[]}"
00000000000000000110,1,1,8,406Griffith1999,35.7,-83.2,0.5129141722498378,0.5257924789280312,273,Passer_domesticus,3,1995,"{""type"":""MultiPoint"",""coordinates"":[]}"
00000000000000000111,1,1,8,406Griffith1999,35.7,-83.2,0.49631849792892974,0.5315132807434623,274,Passer_domesticus,3,1996,"{""type"":""MultiPoint"",""coordinates"":[]}"
0000000000000000017f,1,1,8,391Whitekiller2000,35.2,-97.43,0.27034779347826077,0.4696723926630434,384,Passer_domesticus,3,1994,"{""type"":""MultiPoint"",""coordinates"":[]}"
00000000000000000180,1,1,8,391Whitekiller2000,35.2,-97.43,0.3297853369565217,0.5170088247282607,385,Passer_domesticus,3,1995,"{""type"":""MultiPoint"",""coordinates"":[]}"
00000000000000000181,1,1,8,391Whitekiller2000,35.2,-97.43,0.267669929347826,0.5333712880434782,386,Passer_domesticus,3,1996,"{""type"":""MultiPoint"",""coordinates"":[]}"
00000000000000000182,1,1,8,177Seress2007,46.25,20.13,0.21050631094756214,0.5195537994480222,387,Passer_montanus,3,2006,"{""type"":""MultiPoint"",""coordinates"":[]}"
00000000000000000287,1,1,8,497Harnandez2021,37.1833,-80.5667,0.43270187012142214,0.6560119579358191,648,Tachycineta_bicolor,3,2017,"{""type"":""MultiPoint"",""coordinates"":[]}"
00000000000000000009,1,1,8,174Ritchison1994,37.65,-84.12,0.46447101819911973,0.636184145956192,10,Cardinalis_cardinalis,4,1992,"{""type"":""MultiPoint"",""coordinates"":[]}"
0000000000000000003f,1,1,8,242Berthier2012,46.33,7.67,0.4715979952830189,0.5069731154269698,64,Upupa_epops,4,2004,"{""type"":""MultiPoint"",""coordinates"":[]}"
00000000000000000080,1,1,8,212Bonlokke-Pedersen2002,56.5,10.83,0.28042084619341573,0.446645558989519,129,Carduelis_cannabina,4,1998,"{""type"":""MultiPoint"",""coordinates"":[]}"
00000000000000000081,1,1,8,212Bonlokke-Pedersen2002,56.5,10.83,0.3734433743382124,0.44106333694768235,130,Carduelis_cannabina,4,1999,"{""type"":""MultiPoint"",""coordinates"":[]}"
000000000000000000c0,1,1,8,72Eikenaar2011,37.22,-80.42,0.47534284940411703,0.6968120476706392,193,Hirundo_rustica,4,2009,"{""type"":""MultiPoint"",""coordinates"":[]}"
000000000000000000c1,1,1,8,72Eikenaar2011,37.22,-80.42,0.5327540086673891,0.6980626218851572,194,Hirundo_rustica,4,2010,"{""type"":""MultiPoint"",""coordinates"":[]}"
000000000000000000c2,1,1,8,305Hasegawa2010,37.12,138.02,0.3263189286836318,0.582916387726639,195,Hirundo_rustica,4,2005,"{""type"":""MultiPoint"",""coordinates"":[]}"
000000000000000000c3,1,1,8,305Hasegawa2010,37.12,138.02,0.19843446428571426,0.6462641368252272,196,Hirundo_rustica,4,2006,"{""type"":""MultiPoint"",""coordinates"":[]}"
000000000000000000c4,1,1,8,472 Kojima2009,35.22,139.88,0.5239844025157233,0.6001049214226633,197,Hirundo_rustica,4,2006,"{""type"":""MultiPoint"",""coordinates"":[]}"
000000000000000000c5,1,1,8,472 Kojima2009,35.22,139.88,0.5666809516547202,0.6137125983708408,198,Hirundo_rustica,4,2007,"{""type"":""MultiPoint"",""coordinates"":[]}"
000000000000000000ee,1,1,8,239Lee2009,37.53,127.03,0.219184859268845,0.3298195729537368,239,Paradoxornis_webbianus,4,2005,"{""type"":""MultiPoint"",""coordinates"":[]}"
000000000000000000ef,1,1,8,239Lee2009,37.53,127.03,0.24786160358028686,0.3854361479564328,240,Paradoxornis_webbianus,4,2006,"{""type"":""MultiPoint"",""coordinates"":[]}"
0000000000000000011d,1,1,8,157Cramer2011,10.67,-85.5,0.4111672050938337,0.44823730563002673,286,Thryothorus_pleurostictus,4,2002,"{""type"":""MultiPoint"",""coordinates"":[]}"
0000000000000000011e,1,1,8,157Cramer2011,10.67,-85.5,0.44416442603234013,0.4640798476546841,287,Thryothorus_pleurostictus,4,2003,"{""type"":""MultiPoint"",""coordinates"":[]}"
0000000000000000011f,1,1,8,157Cramer2011,10.67,-85.5,0.43029603424657537,0.4360084658559401,288,Thryothorus_pleurostictus,4,2004,"{""type"":""MultiPoint"",""coordinates"":[]}"
00000000000000000120,1,1,8,157Cramer2011,10.67,-85.5,0.3859981593367991,0.3928440753424657,289,Thryothorus_pleurostictus,4,2005,"{""type"":""MultiPoint"",""coordinates"":[]}"
00000000000000000123,1,1,8,140Roeder2016,34.77,-98.48,0.42951115642458104,0.4868435474860332,292,Tyrannus_forficatus,4,2008,"{""type"":""MultiPoint"",""coordinates"":[]}"
00000000000000000124,1,1,8,140Roeder2016,34.77,-98.48,0.3562356811240072,0.4992285605214152,293,Tyrannus_forficatus,4,2009,"{""type"":""MultiPoint"",""coordinates"":[]}"
00000000000000000125,1,1,8,140Roeder2016,34.77,-98.48,0.43860123463687145,0.4928313519553072,294,Tyrannus_forficatus,4,2010,"{""type"":""MultiPoint"",""coordinates"":[]}"
00000000000000000126,1,1,8,140Roeder2016,34.77,-98.48,0.35929359217877066,0.41416077094972065,295,Tyrannus_forficatus,4,2011,"{""type"":""MultiPoint"",""coordinates"":[]}"
00000000000000000171,1,1,8,178Gavin1998,36.71,-112.22,0.3426137628191141,0.3862102989308313,370,Accipiter_gentilis,4,1991,"{""type"":""MultiPoint"",""coordinates"":[]}"
00000000000000000172,1,1,8,178Gavin1998,36.71,-112.22,0.32573737726380103,0.37087746563386437,371,Accipiter_gentilis,4,1992,"{""type"":""MultiPoint"",""coordinates"":[]}"
00000000000000000173,1,1,8,178Gavin1998,36.71,-112.22,0.33669221034257046,0.3978726543748635,372,Accipiter_gentilis,4,1993,"{""type"":""MultiPoint"",""coordinates"":[]}"
000000000000000001de,1,1,8,648Roeder2019,34.74,-98.67,0.3970441442953019,0.48177383948545854,479,Tyrannus_forficatus,4,2008,"{""type"":""MultiPoint"",""coordinates"":[]}"
000000000000000001df,1,1,8,648Roeder2019,34.74,-98.67,0.330466375838926,0.49335278523489906,480,Tyrannus_forficatus,4,2009,"{""type"":""MultiPoint"",""coordinates"":[]}"
000000000000000001e0,1,1,8,648Roeder2019,34.74,-98.67,0.4093929753914988,0.4900702628635345,481,Tyrannus_forficatus,4,2010,"{""type"":""MultiPoint"",""coordinates"":[]}"
000000000000000001e1,1,1,8,648Roeder2019,34.74,-98.67,0.352197399328859,0.4120302125279641,482,Tyrannus_forficatus,4,2011,"{""type"":""MultiPoint"",""coordinates"":[]}"
000000000000000001e2,1,1,8,648Roeder2019,34.74,-98.67,0.5244493736017897,0.42898069630872465,483,Tyrannus_forficatus,4,2012,"{""type"":""MultiPoint"",""coordinates"":[]}"
000000000000000001e3,1,1,8,648Roeder2019,34.74,-98.67,0.39062881991051457,0.44647476845637585,484,Tyrannus_forficatus,4,2013,"{""type"":""MultiPoint"",""coordinates"":[]}"
000000000000000001e4,1,1,8,648Roeder2019,34.74,-98.67,0.3417851454138703,0.40789497762863525,485,Tyrannus_forficatus,4,2014,"{""type"":""MultiPoint"",""coordinates"":[]}"
000000000000000001e8,1,1,8,507Roeder2022,34.75,-98.5833,0.3434697562650188,0.49363375956284156,489,Tyrannus_forficatus,4,2009,"{""type"":""MultiPoint"",""coordinates"":[]}"
000000000000000001e9,1,1,8,507Roeder2022,34.75,-98.5833,0.42048662295081957,0.48987599453551905,490,Tyrannus_forficatus,4,2010,"{""type"":""MultiPoint"",""coordinates"":[]}"
000000000000000001ea,1,1,8,507Roeder2022,34.75,-98.5833,0.35678191803278686,0.4164653224043715,491,Tyrannus_forficatus,4,2011,"{""type"":""MultiPoint"",""coordinates"":[]}"
000000000000000001eb,1,1,8,507Roeder2022,34.75,-98.5833,0.5361118524590164,0.45375826229508187,492,Tyrannus_forficatus,4,2012,"{""type"":""MultiPoint"",""coordinates"":[]}"
000000000000000001ec,1,1,8,507Roeder2022,34.75,-98.5833,0.40500868306010923,0.46033047431693974,493,Tyrannus_forficatus,4,2013,"{""type"":""MultiPoint"",""coordinates"":[]}"
000000000000000001ed,1,1,8,507Roeder2022,34.75,-98.5833,0.35152396174863376,0.42309075956284137,494,Tyrannus_forficatus,4,2014,"{""type"":""MultiPoint"",""coordinates"":[]}"
00000000000000000280,1,1,8,573LaBarbera2017,42.4686,-76.4492,0.38902697781703954,0.7072251570475067,641,Troglodytes_aedon,4,2009,"{""type"":""MultiPoint"",""coordinates"":[]}"
00000000000000000006,1,1,8,235Peters2003,48.62,-99.08,0.21845262637164942,0.4857169185105236,7,Anas_strepera,5,1997,"{""type"":""MultiPoint"",""coordinates"":[]}"
00000000000000000010,1,1,8,366Minias2014,51.73,18.63,0.589165188273945,0.5534411759750657,17,Chlidonias_hybrida,5,2012,"{""type"":""MultiPoint"",""coordinates"":[]}"
0000000000000000002b,1,1,8,105Neuman2007,42.35,-76.5,0.6312133287428685,0.7349387123745819,44,Hirundo_rustica,5,2002,"{""type"":""MultiPoint"",""coordinates"":[]}"
0000000000000000002c,1,1,8,184Smith1991,44.55,-76.32,0.573357047393365,0.6570199383886255,45,Hirundo_rustica,5,1989,"{""type"":""MultiPoint"",""coordinates"":[]}"
00000000000000000091,1,1,8,325Webster2001,43.93,-71.75,0.4901166095219435,0.7792569210423202,146,Dendroica_caerulescens,5,1995,"{""type"":""MultiPoint"",""coordinates"":[]}"
00000000000000000092,1,1,8,325Webster2001,43.93,-71.75,0.5668339292711602,0.7631041046238244,147,Dendroica_caerulescens,5,1996,"{""type"":""MultiPoint"",""coordinates"":[]}"
00000000000000000093,1,1,8,325Webster2001,43.93,-71.75,0.4968392319749215,0.7833315487852668,148,Dendroica_caerulescens,5,1997,"{""type"":""MultiPoint"",""coordinates"":[]}"
00000000000000000094,1,1,8,325Webster2001,43.93,-71.75,0.6988472913401252,0.722556568377743,149,Dendroica_caerulescens,5,1998,"{""type"":""MultiPoint"",""coordinates"":[]}"
00000000000000000095,1,1,8,180Chuang1999,43.93,-71.75,0.4901166095219435,0.7792569210423202,150,Dendroica_caerulescens,5,1995,"{""type"":""MultiPoint"",""coordinates"":[]}"
00000000000000000096,1,1,8,180Chuang1999,43.93,-71.75,0.5668339292711602,0.7631041046238244,151,Dendroica_caerulescens,5,1996,"{""type"":""MultiPoint"",""coordinates"":[]}"
0000000000000000009c,1,1,8,441Ryder2012,39.0,-76.0,0.5781438888309521,0.6291644644334159,157,Dumetella_carolinensis,5,2008,"{""type"":""MultiPoint"",""coordinates"":[]}"
0000000000000000009d,1,1,8,441Ryder2012,39.0,-76.0,0.6046004906098333,0.634437624069479,158,Dumetella_carolinensis,5,2009,"{""type"":""MultiPoint"",""coordinates"":[]}"
000000000000000000a4,1,1,8,450Pearson2006,35.65,-118.03,0.2406164199265182,0.23082774746055748,165,Empidonax_traillii,5,1997,"{""type"":""MultiPoint"",""coordinates"":[]}"
000000000000000000a5,1,1,8,450Pearson2006,35.65,-118.03,0.27599647719904896,0.26380186405878525,166,Empidonax_traillii,5,1998,"{""type"":""MultiPoint"",""coordinates"":[]}"
000000000000000000a6,1,1,8,450Pearson2006,35.65,-118.03,0.25159394856278355,0.2400107931705207,167,Empidonax_traillii,5,1999,"{""type"":""MultiPoint"",""coordinates"":[]}"
000000000000000000a7,1,1,8,450Pearson2006,35.65,-118.03,0.24143116974908702,0.23177449391254235,168,Empidonax_traillii,5,2000,"{""type"":""MultiPoint"",""coordinates"":[]}"
000000000000000000a8,1,1,8,450Pearson2006,35.65,-118.03,0.2532209260860168,0.24441247028312077,169,Empidonax_traillii,5,2001,"{""type"":""MultiPoint"",""coordinates"":[]}"
000000000000000000a9,1,1,8,450Pearson2006,35.65,-118.03,0.2285323319645558,0.22337085944816654,170,Empidonax_traillii,5,2002,"{""type"":""MultiPoint"",""coordinates"":[]}"
00000000000000000127,1,1,8,1Dolan2000,43.0,-119.0,0.29791847995328924,0.26441199396652393,296,Tyrannus_tyrannus,5,2002,"{""type"":""MultiPoint"",""coordinates"":[]}"
00000000000000000128,1,1,8,1Dolan2000,43.0,-119.0,0.31958837582717015,0.2717055752886986,297,Tyrannus_tyrannus,5,2003,"{""type"":""MultiPoint"",""coordinates"":[]}"
00000000000000000129,1,1,8,1Dolan2000,43.0,-119.0,0.26413887699493965,0.25361461171662125,298,Tyrannus_tyrannus,5,2004,"{""type"":""MultiPoint"",""coordinates"":[]}"
0000000000000000012d,1,1,8,143MacDougall-Shackleton2002,38.57,-119.03,0.26159543652978096,0.25863990108487567,302,Zonotrichia_leucophrys,5,1997,"{""type"":""MultiPoint"",""coordinates"":[]}"
0000000000000000012e,1,1,8,143MacDougall-Shackleton2002,38.57,-119.03,0.2456006886126974,0.26710204211869826,303,Zonotrichia_leucophrys,5,1998,"{""type"":""MultiPoint"",""coordinates"":[]}"
0000000000000000012f,1,1,8,143MacDougall-Shackleton2002,38.57,-119.03,0.2540623962986599,0.2517604233141885,304,Zonotrichia_leucophrys,5,1999,"{""type"":""MultiPoint"",""coordinates"":[]}"
00000000000000000133,1,1,8,51Leisler2000,53.33,22.67,0.5418482492084188,0.5812437530463038,308,Acrocephalus_paludicola,5,1993,"{""type"":""MultiPoint"",""coordinates"":[]}"
00000000000000000134,1,1,8,51Leisler2000,53.33,22.67,0.5307267952883836,0.6339968440292447,309,Acrocephalus_paludicola,5,1994,"{""type"":""MultiPoint"",""coordinates"":[]}"
00000000000000000135,1,1,8,51Leisler2000,53.33,22.67,0.5710803879530373,0.602101283509342,310,Acrocephalus_paludicola,5,1997,"{""type"":""MultiPoint"",""coordinates"":[]}"
00000000000000000163,1,1,8,2Jacobs2015,35.88,-106.03,0.2738010579678201,0.283859582323121,356,Sialia_mexicana,5,2010,"{""type"":""MultiPoint"",""coordinates"":[]}"
00000000000000000164,1,1,8,2Jacobs2015,35.88,-106.03,0.25204668834031296,0.2545723220189552,357,Sialia_mexicana,5,2011,"{""type"":""MultiPoint"",""coordinates"":[]}"
00000000000000000165,1,1,8,2Jacobs2015,35.88,-106.03,0.2720245040775844,0.2687783832929248,358,Sialia_mexicana,5,2012,"{""type"":""MultiPoint"",""coordinates"":[]}"
00000000000000000176,1,1,8,205Stewart2015,35.0,-83.0,0.7386900087164959,0.752833836347788,375,Passer_domesticus,5,2004,"{""type"":""MultiPoint"",""coordinates"":[]}"
00000000000000000185,1,1,8,120Westneat1990,35.88,-79.02,0.6396240424600571,0.6276308086852457,390,Passerina_cyanea,5,1986,"{""type"":""MultiPoint"",""coordinates"":[]}"
000000000000000001e5,1,1,8,652Sætre2018,61.4167,8.8667,0.08533072056239017,0.5398998469653554,486,Luscinia_svecica,5,2013,"{""type"":""MultiPoint"",""coordinates"":[]}"
000000000000000001e6,1,1,8,652Sætre2018,61.4167,8.8667,0.1750238059420835,0.4256630183126227,487,Luscinia_svecica,5,2014,"{""type"":""MultiPoint"",""coordinates"":[]}"
000000000000000001e7,1,1,8,652Sætre2018,61.4167,8.8667,0.14443246656760772,0.5476799589736914,488,Luscinia_svecica,5,2015,"{""type"":""MultiPoint"",""coordinates"":[]}"
00000000000000000207,1,1,8,493Hałupka2024,21.6,51.5333,0.09015746785361026,0.0874513643669634,520,Acrocephalus_scirpaceus,5,2006,"{""type"":""MultiPoint"",""coordinates"":[]}"
00000000000000000208,1,1,8,493Hałupka2024,21.6,51.5333,0.09044214268051433,0.09003519081767226,521,Acrocephalus_scirpaceus,5,2007,"{""type"":""MultiPoint"",""coordinates"":[]}"
00000000000000000209,1,1,8,493Hałupka2024,21.6,51.5333,0.08923605959446092,0.09060959961259478,522,Acrocephalus_scirpaceus,5,2008,"{""type"":""MultiPoint"",""coordinates"":[]}"
0000000000000000020a,1,1,8,493Hałupka2024,21.6,51.5333,0.09100904426310583,0.09057554401582588,523,Acrocephalus_scirpaceus,5,2009,"{""type"":""MultiPoint"",""coordinates"":[]}"
0000000000000000020b,1,1,8,493Hałupka2024,21.6,51.5333,0.08073507047477742,0.07874804370672599,524,Acrocephalus_scirpaceus,5,2010,"{""type"":""MultiPoint"",""coordinates"":[]}"
0000000000000000020c,1,1,8,493Hałupka2024,21.6,51.5333,0.08071225890207716,0.08079958632129904,525,Acrocephalus_scirpaceus,5,2011,"{""type"":""MultiPoint"",""coordinates"":[]}"
00000000000000000004,1,1,8,233Lifjeld2005,77.0,15.37,0.021,0.05010618116740088,5,Alle_alle,6,2002,"{""type"":""MultiPoint"",""coordinates"":[]}"
00000000000000000166,1,1,8,377Lanctot1997,70.2,-148.25,0.1624188256048387,0.2624156739953145,359,Tryngites_subruficollis,6,1993,"{""type"":""MultiPoint"",""coordinates"":[]}"
00000000000000000167,1,1,8,377Lanctot1997,70.2,-148.25,0.16052015670180025,0.3168534317510788,360,Tryngites_subruficollis,6,1994,"{""type"":""MultiPoint"",""coordinates"":[]}"
000000000000000001ac,1,1,9,156van Rooij2016,-15.55,128.0,0.27140774404304374,0.21883791369276373,429,Poephila_acuticauda,3,2008,"{""type"":""MultiPoint"",""coordinates"":[]}"
000000000000000001ad,1,1,9,156van Rooij2016,-15.55,128.0,0.29280351012042016,0.22230407912716704,430,Poephila_acuticauda,3,2009,"{""type"":""MultiPoint"",""coordinates"":[]}"
000000000000000001ae,1,1,9,156van Rooij2016,-15.55,128.0,0.2659307075223566,0.19883181014604145,431,Poephila_acuticauda,3,2010,"{""type"":""MultiPoint"",""coordinates"":[]}"
00000000000000000241,1,1,9,596Cepková2022,47.9919,17.3367,0.3480091368939117,0.5042565803864382,578,Alcedo_atthis,3,2016,"{""type"":""MultiPoint"",""coordinates"":[]}"
00000000000000000242,1,1,9,596Cepková2022,47.9919,17.3367,0.3137015904119577,0.44273158038643784,579,Alcedo_atthis,3,2017,"{""type"":""MultiPoint"",""coordinates"":[]}"
00000000000000000243,1,1,9,596Cepková2022,47.9919,17.3367,0.34371416788188114,0.4590827982592051,580,Alcedo_atthis,3,2018,"{""type"":""MultiPoint"",""coordinates"":[]}"
000000000000000000ec,1,1,9,131Kudernatsch2010,49.5,8.17,0.47353587350959053,0.5383273544150682,237,Oenanthe_oenanthe,4,2005,"{""type"":""MultiPoint"",""coordinates"":[]}"
000000000000000000ed,1,1,9,131Kudernatsch2010,49.5,8.17,0.4097189668174962,0.5332982201486091,238,Oenanthe_oenanthe,4,2006,"{""type"":""MultiPoint"",""coordinates"":[]}"
000000000000000001ef,1,1,9,666Danner2018,39.2311,-75.9819,0.4465413305827743,0.5784509481603626,496,Grasshopper_Sparrows,4,2005,"{""type"":""MultiPoint"",""coordinates"":[]}"
000000000000000001f0,1,1,9,666Danner2018,39.2311,-75.9819,0.47909102854787167,0.6041305884777903,497,Grasshopper_Sparrows,4,2006,"{""type"":""MultiPoint"",""coordinates"":[]}"
000000000000000001f1,1,1,9,666Danner2018,39.2311,-75.9819,0.45321720086571143,0.5941722353911159,498,Grasshopper_Sparrows,4,2007,"{""type"":""MultiPoint"",""coordinates"":[]}"
000000000000000001f2,1,1,9,666Danner2018,39.2311,-75.9819,0.488048793192367,0.5773025765227247,499,Grasshopper_Sparrows,4,2008,"{""type"":""MultiPoint"",""coordinates"":[]}"
000000000000000001f3,1,1,9,666Danner2018,39.2311,-75.9819,0.48509422343605046,0.5995133721529421,500,Grasshopper_Sparrows,4,2009,"{""type"":""MultiPoint"",""coordinates"":[]}"
0000000000000000026c,1,1,9,131Kudernatsch2010,49.5,8.17,0.47353587350959053,0.5383273544150682,621,Oenanthe_oenanthe,4,2005,"{""type"":""MultiPoint"",""coordinates"":[]}"
0000000000000000026d,1,1,9,131Kudernatsch2010,49.5,8.17,0.4097189668174962,0.5332982201486091,622,Oenanthe_oenanthe,4,2006,"{""type"":""MultiPoint"",""coordinates"":[]}"
00000000000000000279,1,1,9,131Kudernatsch2010,49.5,8.17,0.47353587350959053,0.5383273544150682,634,Oenanthe_oenanthe,4,2005,"{""type"":""MultiPoint"",""coordinates"":[]}"
0000000000000000027a,1,1,9,131Kudernatsch2010,49.5,8.17,0.4097189668174962,0.5332982201486091,635,Oenanthe_oenanthe,4,2006,"{""type"":""MultiPoint"",""coordinates"":[]}"
00000000000000000046,1,1,9,138Richardson2001,-4.32,55.65,,,71,Acrocephalus_sechellensis,5,1999,"{""type"":""MultiPoint"",""coordinates"":[]}"
000000000000000000d2,1,1,9,136Benson2002,48.68,-113.72,0.1680855923435075,0.4867192266235517,211,Lagopus_leucura,5,1996,"{""type"":""MultiPoint"",""coordinates"":[]}"
000000000000000000d3,1,1,9,136Benson2002,48.68,-113.72,0.1652515927065027,0.4796554118386778,212,Lagopus_leucura,5,1997,"{""type"":""MultiPoint"",""coordinates"":[]}"
000000000000000000d4,1,1,9,136Benson2002,48.68,-113.72,0.24125355503164164,0.491696308272703,213,Lagopus_leucura,5,1998,"{""type"":""MultiPoint"",""coordinates"":[]}"
00000000000000000000,1,1,9,179Gibbs1994,-42.63,148.0614,0.3376219544364509,0.3321076945812808,1,Gallinula_mortierii,7,1989,"{""type"":""MultiPoint"",""coordinates"":[]}"
00000000000000000017,1,1,9,198McLean2000,-43.83,168.88,0.2031241463414634,0.4509387658227847,24,Eudyptes_pachyrhynchus,7,1990,"{""type"":""MultiPoint"",""coordinates"":[]}"
0000000000000000007e,1,1,10,213Bried2010,36.92,-25.17,0.4682,0.4230407114624506,127,Calonectris_diomedea,3,2002,"{""type"":""MultiPoint"",""coordinates"":[]}"
0000000000000000007f,1,1,10,213Bried2010,36.92,-25.17,,0.5463339108910891,128,Calonectris_diomedea,3,2003,"{""type"":""MultiPoint"",""coordinates"":[]}"
00000000000000000019,1,1,10,208Swatschek1993,38.0,24.98,0.4215840324763193,0.30643146148308137,26,Falco_eleonorae,5,1991,"{""type"":""MultiPoint"",""coordinates"":[]}"
00000000000000000283,1,1,10,673Stermin2026,46.91,23.91,0.639838665116279,0.6142761209302324,644,Rallus_aquaticus,5,2012,"{""type"":""MultiPoint"",""coordinates"":[]}"
00000000000000000119,1,1,10,447Burg2006,-54.0,-38.0,,,282,Thalassarche_chrysostoma,10,1998,"{""type"":""MultiPoint"",""coordinates"":[]}"
0000000000000000011a,1,1,10,447Burg2006,-54.0,-38.0,,,283,Thalassarche_chrysostoma,10,1999,"{""type"":""MultiPoint"",""coordinates"":[]}"
00000000000000000015,1,1,10,362Jouventin2006,-46.42,51.75,0.11438000000000001,0.09506666666666667,22,Diomedea_exulans,11,2001,"{""type"":""MultiPoint"",""coordinates"":[]}"
00000000000000000099,1,1,10,302 Jones2012,-46.87,37.68,0.016300000000000002,-0.022993312597200624,154,Diomedea_exulans,11,2007,"{""type"":""MultiPoint"",""coordinates"":[]}"
0000000000000000009a,1,1,10,302 Jones2012,-46.87,37.68,,-0.031135381026438574,155,Diomedea_exulans,11,2008,"{""type"":""MultiPoint"",""coordinates"":[]}"
0000000000000000009b,1,1,10,302 Jones2012,-46.87,37.68,0.1704,-0.01889245723172629,156,Diomedea_exulans,11,2009,"{""type"":""MultiPoint"",""coordinates"":[]}"
00000000000000000237,1,1,11,542Sakao2019,39.4,141.99,0.312677500893176,0.3576776575240919,568,Calonectris_leucomelas,4,2014,"{""type"":""MultiPoint"",""coordinates"":[]}"
00000000000000000238,1,1,11,542Sakao2019,39.4,141.99,0.3876170128105589,0.41941501825686617,569,Calonectris_leucomelas,4,2015,"{""type"":""MultiPoint"",""coordinates"":[]}"
00000000000000000239,1,1,11,542Sakao2019,39.4,141.99,0.33797858113354035,0.4400996071163825,570,Calonectris_leucomelas,4,2016,"{""type"":""MultiPoint"",""coordinates"":[]}"
0000000000000000008e,1,1,11,249Kraaijeveld2004,-37.55,14.82,,,143,Cygnus_atratus,7,1999,"{""type"":""MultiPoint"",""coordinates"":[]}"
0000000000000000008f,1,1,11,249Kraaijeveld2004,-37.55,14.82,,,144,Cygnus_atratus,7,2000,"{""type"":""MultiPoint"",""coordinates"":[]}"
00000000000000000090,1,1,11,249Kraaijeveld2004,-37.55,14.82,,,145,Cygnus_atratus,7,2001,"{""type"":""MultiPoint"",""coordinates"":[]}"
0000000000000000015e,1,1,11,451Põldmaa1995,-27.33,152.55,0.419984201619727,0.4040849208267859,351,Manorina_melanocephala,7,1992,"{""type"":""MultiPoint"",""coordinates"":[]}"
0000000000000000015f,1,1,11,451Põldmaa1995,-27.33,152.55,0.367494040855796,0.36649445787501506,352,Manorina_melanocephala,7,1993,"{""type"":""MultiPoint"",""coordinates"":[]}"
00000000000000000216,1,1,11,518Diniz2019,-15.76,-47.86,0.30888434599767967,0.3794901953073796,535,Furnarius_rufus,9,2013,"{""type"":""MultiPoint"",""coordinates"":[]}"
00000000000000000217,1,1,11,518Diniz2019,-15.76,-47.86,0.33869534670336865,0.34503031196749234,536,Furnarius_rufus,9,2014,"{""type"":""MultiPoint"",""coordinates"":[]}"
00000000000000000218,1,1,11,518Diniz2019,-15.76,-47.86,0.3422395595753047,0.34759357058592216,537,Furnarius_rufus,9,2015,"{""type"":""MultiPoint"",""coordinates"":[]}"
0000000000000000011b,1,1,11,447Burg2006,-54.0,-38.0,,,284,Thalassarche_melanophrys,10,1998,"{""type"":""MultiPoint"",""coordinates"":[]}"
0000000000000000011c,1,1,11,447Burg2006,-54.0,-38.0,,,285,Thalassarche_melanophrys,10,1999,"{""type"":""MultiPoint"",""coordinates"":[]}"
00000000000000000016,1,1,11,362Jouventin2006,-49.25,69.53,0.08343333333333335,0.16586802894016428,23,Diomedea_exulans,12,2002,"{""type"":""MultiPoint"",""coordinates"":[]}"
00000000000000000044,1,1,12,71Eikenaar2013,-0.12,-77.92,,0.7135477011494252,69,Zonotrichia_capensis,1,2009,"{""type"":""MultiPoint"",""coordinates"":[]}"
000000000000000001bd,1,1,12,310Schwartz1999,-15.37,-75.2,0.012059321705426361,0.043552642181326685,446,Spheniscus_humboldti,3,1995,"{""type"":""MultiPoint"",""coordinates"":[]}"
0000000000000000004d,1,1,12,100Kimwele2002,-1.4,36.8,0.407494625407166,0.3308968617021276,78,Struthio_camelus,7,1998,"{""type"":""MultiPoint"",""coordinates"":[]}"
0000000000000000004e,1,1,12,128Green2002,-35.27,149.1,0.4368719079897769,0.4952549422158017,79,Acanthiza_pusilla,7,1995,"{""type"":""MultiPoint"",""coordinates"":[]}"
0000000000000000004f,1,1,12,128Green2002,-35.27,149.1,0.39803242582509174,0.48071855206134023,80,Acanthiza_pusilla,7,1996,"{""type"":""MultiPoint"",""coordinates"":[]}"
00000000000000000050,1,1,12,128Green2002,-35.27,149.1,0.387793054783865,0.4516421324591623,81,Acanthiza_pusilla,7,1997,"{""type"":""MultiPoint"",""coordinates"":[]}"
00000000000000000116,1,1,12,405Griffith2010,-31.08,142.7,0.28211336633663364,0.22244579693263442,279,Taeniopygia_guttata,8,2005,"{""type"":""MultiPoint"",""coordinates"":[]}"
00000000000000000117,1,1,12,405Griffith2010,-31.08,142.7,0.2604228188701224,0.20830455348476026,280,Taeniopygia_guttata,8,2006,"{""type"":""MultiPoint"",""coordinates"":[]}"
00000000000000000118,1,1,12,405Griffith2010,-31.08,142.7,0.2570254863133372,0.21336083576004664,281,Taeniopygia_guttata,8,2007,"{""type"":""MultiPoint"",""coordinates"":[]}"
00000000000000000047,1,1,12,299de L. Brooke1995,-24.38,-128.32,,,72,Acrocephalus_vaughani,9,1991,"{""type"":""MultiPoint"",""coordinates"":[]}"
000000000000000001d7,1,1,12,644Johnson2018,-34.35,139.4833,0.34620465077970564,0.29117727597188664,472,Malurus_lamberti,9,2012,"{""type"":""MultiPoint"",""coordinates"":[]}"
000000000000000001d8,1,1,12,644Johnson2018,-34.35,139.4833,0.34835247089830873,0.29588854601361736,473,Malurus_lamberti,9,2013,"{""type"":""MultiPoint"",""coordinates"":[]}"
000000000000000001d9,1,1,12,644Johnson2018,-34.35,139.4833,0.36521657698220955,0.30147565341533045,474,Malurus_lamberti,9,2014,"{""type"":""MultiPoint"",""coordinates"":[]}"
000000000000000001da,1,1,12,644Johnson2018,-34.35,139.4833,0.33453237974961564,0.2886086646167362,475,Malurus_lamberti,9,2015,"{""type"":""MultiPoint"",""coordinates"":[]}"
0000000000000000021e,1,1,12,560Botero2020,-30.6333,-71.6667,0.3097259438027926,0.27649342490587087,543,Aphrastura_spinicauda,9,2012,"{""type"":""MultiPoint"",""coordinates"":[]}"
0000000000000000021f,1,1,12,560Botero2020,-30.6333,-71.6667,0.30004642503302503,0.24406381029174604,544,Aphrastura_spinicauda,9,2013,"{""type"":""MultiPoint"",""coordinates"":[]}"
00000000000000000220,1,1,12,560Botero2020,-30.6333,-71.6667,0.2473809343216686,0.20463154371775208,545,Aphrastura_spinicauda,9,2014,"{""type"":""MultiPoint"",""coordinates"":[]}"
00000000000000000221,1,1,12,560Botero2020,-30.6333,-71.6667,0.3619121530770557,0.3415044438459466,546,Aphrastura_spinicauda,9,2015,"{""type"":""MultiPoint"",""coordinates"":[]}"
00000000000000000222,1,1,12,560Botero2020,-30.6333,-71.6667,0.3285631869063772,0.23320157605552347,547,Aphrastura_spinicauda,9,2016,"{""type"":""MultiPoint"",""coordinates"":[]}"
00000000000000000223,1,1,12,560Botero2020,-30.6333,-71.6667,0.40638047295715285,0.32379382823641256,548,Aphrastura_spinicauda,9,2017,"{""type"":""MultiPoint"",""coordinates"":[]}"
00000000000000000018,1,1,12,64Clair1995,-54.5,158.95,,0.2152,25,Eudyptes_schlegeli,10,1991,"{""type"":""MultiPoint"",""coordinates"":[]}"
00000000000000000158,1,1,12,326Webster2004,-34.33,139.03,0.5714539874199707,0.43079144670335834,345,Malurus_splendens,10,1992,"{""type"":""MultiPoint"",""coordinates"":[]}"
00000000000000000159,1,1,12,326Webster2004,-34.33,139.03,0.5448265472312703,0.2925037178479164,346,Malurus_splendens,10,1993,"{""type"":""MultiPoint"",""coordinates"":[]}"
0000000000000000015a,1,1,12,326Webster2004,-34.33,139.03,0.5211312254296304,0.33874537796248466,347,Malurus_splendens,10,1995,"{""type"":""MultiPoint"",""coordinates"":[]}"
0000000000000000015b,1,1,12,326Webster2004,-34.33,139.03,0.5898379422666516,0.41452747950129154,348,Malurus_splendens,10,1996,"{""type"":""MultiPoint"",""coordinates"":[]}"
0000000000000000015c,1,1,12,326Webster2004,-34.33,139.03,0.526433971694934,0.3186311636527012,349,Malurus_splendens,10,1997,"{""type"":""MultiPoint"",""coordinates"":[]}"
0000000000000000015d,1,1,12,326Webster2004,-34.33,139.03,0.47723715601482636,0.26608812198135456,350,Malurus_splendens,10,1998,"{""type"":""MultiPoint"",""coordinates"":[]}"
00000000000000000168,1,1,12,326Webster2004,-34.35,139.5,0.35338205817782664,0.3045844017563118,361,Malurus_splendens,10,1992,"{""type"":""MultiPoint"",""coordinates"":[]}"
00000000000000000169,1,1,12,326Webster2004,-34.35,139.5,0.33755558177826567,0.2791342480790341,362,Malurus_splendens,10,1993,"{""type"":""MultiPoint"",""coordinates"":[]}"
0000000000000000016a,1,1,12,326Webster2004,-34.35,139.5,0.3261129912184413,0.30349977497255776,363,Malurus_splendens,10,1995,"{""type"":""MultiPoint"",""coordinates"":[]}"
0000000000000000016b,1,1,12,326Webster2004,-34.35,139.5,0.3366292371020858,0.30683757409440165,364,Malurus_splendens,10,1996,"{""type"":""MultiPoint"",""coordinates"":[]}"
0000000000000000016c,1,1,12,326Webster2004,-34.35,139.5,0.32803491218441283,0.3016380241492866,365,Malurus_splendens,10,1997,"{""type"":""MultiPoint"",""coordinates"":[]}"
0000000000000000016d,1,1,12,326Webster2004,-34.35,139.5,0.3214015148188804,0.2821949780461032,366,Malurus_splendens,10,1998,"{""type"":""MultiPoint"",""coordinates"":[]}"
0000000000000000016e,1,1,12,475Wrege1987,-0.37,36.08,0.4176694864410846,0.5281249294980261,367,Melanerpes_formicivorus,10,1982,"{""type"":""MultiPoint"",""coordinates"":[]}"
0000000000000000016f,1,1,12,475Wrege1987,-0.37,36.08,0.4405600278551533,0.5078317696352287,368,Melanerpes_formicivorus,10,1983,"{""type"":""MultiPoint"",""coordinates"":[]}"
00000000000000000170,1,1,12,475Wrege1987,-0.37,36.08,0.2564292479108636,0.4089557910197231,369,Melanerpes_formicivorus,10,1984,"{""type"":""MultiPoint"",""coordinates"":[]}"
000000000000000001ff,1,1,12,674Mino2017,61.3,-22.5,,,512,Bubulcus_ibis,10,2011,"{""type"":""MultiPoint"",""coordinates"":[]}"
00000000000000000284,1,1,12,674Mino2017,-22.5,-47.5833,0.34453178163900416,0.4518239002211846,645,Bubulcus_ibis,10,2011,"{""type"":""MultiPoint"",""coordinates"":[]}"
0000000000000000004a,1,1,12,230Martínez2013,-31.67,-62.82,0.5184624160685345,0.5276817376707573,75,Myiopsitta_monachus,11,2000,"{""type"":""MultiPoint"",""coordinates"":[]}"
0000000000000000027f,1,1,12,569Hauber2018,-39.6333,177.0833,0.6020233193953038,0.5741836925056287,640,Morus_serrator,11,2005,"{""type"":""MultiPoint"",""coordinates"":[]}"
