population_id,n_records,n_references,id_references
Acanthiza_pusilla_-35.27_149.1,3,1,128Green2002
Accipiter_cooperii_44.97_-90.05,3,1,389Rosenfield2015
Accipiter_cooperii_NA_NA,9,1,506Rosenfield2024
Accipiter_gentilis_36.71_-112.22,3,1,178Gavin1998
Acrocephalus_arundinaceus_49.67_10.85,5,1,52Leisler2000
Acrocephalus_arundinaceus_59.1_15.25,5,1,36Arlt2004
Acrocephalus_paludicola_53.33_22.67,3,1,51Leisler2000
Acrocephalus_schoenobaenus_51.45_-0.55,6,1,380Marshall2007
Acrocephalus_schoenobaenus_59.17_15.42,3,1,20Langefors1998
Acrocephalus_scirpaceus_21.6_51.53,6,1,493Hałupka2024
Acrocephalus_sechellensis_-4.32_55.65,1,1,138Richardson2001
Actitis_hypoleucos_54.75_-3.02,2,1,25Mee2004
Aegithalos_caudatus_52.38_-1.57,20,1,586Green2018
Agelaius_phoeniceus_26.53_-78.53,1,1,191Liu2015
Agelaius_phoeniceus_41.55_-80.18,1,1,191Liu2015
Agelaius_xanthomus_17.93_-67.1,1,1,191Liu2015
Alauda_arvensis_51.17_-4.63,4,1,237Hutchinson2007
Alcedo_atthis_47.99_17.34,3,1,596Cepková2022
Alle_alle_77_15.37,1,1,233Lifjeld2005
Anas_platyrhynchos_49.15_14.72,1,1,232Kreisinger2010
Anas_strepera_48.62_-99.08,1,1,235Peters2003
Aphelocoma_ultramarina_31.92_-109.25,6,1,438Li2000
Aphrastura_spinicauda_-30.63_-71.67,6,1,560Botero2020
Aphrastura_spinicauda_-55.07_-67.67,6,1,560Botero2020
Bartramia_longicauda_39.08_-96.58,5,1,10Casey2011
Branta_canadensis_43_-84,3,1,209Moore2012
Branta_leucopsis_57.28_18.75,3,1,254Larsson1995
Branta_leucopsis_78.92_11.9,1,1,408Choudhury1993
Bubulcus_ibis_-22.5_-47.58,1,1,674Mino2017
Bubulcus_ibis_61.3_-22.5,1,1,674Mino2017
Calidris_alba_74.5_-21,6,1,229Reneerkens2014
Calidris_mauri_64.33_-164.93,1,1,114Blomqvist2002
Calonectris_diomedea_36.92_-25.17,2,1,213Bried2010
Calonectris_leucomelas_39.4_141.99,3,1,542Sakao2019
Cardinalis_cardinalis_37.65_-84.12,1,1,174Ritchison1994
Carduelis_cannabina_56.5_10.83,2,1,212Bonlokke-Pedersen2002
Carduelis_tristis_43.53_-80.23,1,1,172Gissing1998
Carpodacus_mexicanus_42.27_-83.73,1,1,170Hill1994
Catharacta_maccormicki_-77.52_167.77,1,1,65Millar1997
Charadrius_alexandrinus_16.8_41.88,1,1,247Maher2017
Charadrius_semipalmatus_58.75_-95.07,2,1,479Zharikov2000
Chen_caerulescens_67.23_-100.27,1,1,367Dunn1999
Chen_rossii_67.23_-100.27,1,1,367Dunn1999
Chlidonias_hybrida_51.73_18.63,1,1,366Minias2014
Ciconia_ciconia_44_5,1,1,410Turjeman2016
Cinclus_cinclus_60.38_10.52,1,1,449Øigarden2010
Cistothorus_platensis_-32.63_-69.37,3,1,594Arrieta2022
Cistothorus_platensis_NA_NA,2,1,525Garrido2025
Coracias_garrulus_37.3_-3.18,5,1,34Sánchez-Tójar2015
Cyanistes_caeruleus_40.9_-4.02,2,1,587Badás2020
Cyanistes_caeruleus_48.13_10.88,2,1,678Beck2020
Cyanistes_caeruleus_57.05_18.28,8,1,655Arct2024
Cyanocitta_stelleri_40.98_-124,3,1,260Overeem2014
Cyanoliseus_patagonus_-41.05_-62.8,2,1,218Masello2002
Cygnus_atratus_-37.55_14.82,3,1,249Kraaijeveld2004
Delichon_urbicum_61.42_8.87,1,1,269Whittingham1995
Dendroica_caerulescens_43.93_-71.75,6,2,180Chuang1999; 325Webster2001
Dendroica_petechia_58.67_-94.42,1,1,426Yezerinac1999
Diomedea_exulans_-46.42_51.75,1,1,362Jouventin2006
Diomedea_exulans_-46.87_37.68,3,1,302 Jones2012
Diomedea_exulans_-49.25_69.53,1,1,362Jouventin2006
Diomedea_exulans_-54_-38,2,1,447Burg2006
Emberiza_schoeniclus_47_8,4,1,88Mayer2013
Emberiza_schoeniclus_51.75_4.75,2,1,255Bouwman2006
Empidonax_traillii_35.65_-118.03,6,1,450Pearson2006
Empidonax_virescens_41.77_-79.93,4,1,42Woolfenden2005
Erythrura_gouldiae_-15.57_128,2,1,353Bolton2017
Eudyptes_pachyrhynchus_-43.83_168.88,1,1,198McLean2000
Eudyptes_schlegeli_-54.5_158.95,1,1,64Clair1995
Falco_eleonorae_38_24.98,1,1,208Swatschek1993
Falco_naumanni_37.17_-6.35,1,1,294 Alcaide2005
Falco_naumanni_41.35_-0.18,1,1,294 Alcaide2005
Falco_tinnunculus_62.98_22.83,3,1,150Korpimäki1996
Ficedula_albicollis_50.1_20.4,4,1,457Wilk2008
Ficedula_albicollis_57.17_18.33,1,1,483Sheldon1999
Ficedula_hypoleuca_40.8_-4.02,3,3,241Moreno2015; 242Moreno2013; 243Moreno2010
Ficedula_hypoleuca_40_-3,5,1,550Plaza2024
Ficedula_hypoleuca_41.07_-3.45,2,1,117Canal2012
Ficedula_hypoleuca_52.03_5.85,1,1,53Tomotani2017
Ficedula_hypoleuca_52.45_7.25,3,1,446Lubjuhn2000
Ficedula_hypoleuca_52.53_7.35,1,1,214Brün1996
Ficedula_hypoleuca_56.35_84.93,2,1,672Grinkov2022
Ficedula_hypoleuca_59.83_17.67,1,1,187Gelter1992
Ficedula_hypoleuca_59.97_10.78,1,1,182Ellegren1995
Ficedula_hypoleuca_59.98_10.63,1,1,235Lifjeld1991
Ficedula_hypoleuca_62.62_26.33,2,2,348Rätti2001; 349Rätti1995
Fratercula_arctica_67.43_11.88,2,1,440Anker-Nilssen2008
Fregata_minor_23.75_-166.02,1,1,163Juola2012
Fulmarus_glacialis_59.53_-1.62,1,1,166Hunter1992
Furnarius_rufus_-15.76_-47.86,3,1,518Diniz2019
Gallinula_chloropus_52.63_-0.27,2,1,402McRae1996
Geospiza_fortis_-0.42_-90.37,2,1,373Grant2011
Grasshopper_Sparrows_39.23_-75.98,5,1,666Danner2018
Gymnorhina_tibicen_-31.9_115.98,3,1,238Hughes2003
Hirundo_rustica_35.22_139.88,2,1,472 Kojima2009
Hirundo_rustica_37.12_138.02,2,1,305Hasegawa2010
Hirundo_rustica_37.22_-80.42,2,1,72Eikenaar2011
Hirundo_rustica_38.83_-6.98,1,1,26Moller2003
Hirundo_rustica_42.35_-76.5,1,1,105Neuman2007
Hirundo_rustica_44.55_-76.32,1,1,184Smith1991
Hirundo_rustica_45.43_8.62,1,1,341Saino1999
Hylocichla_mustelina_41.77_-79.93,3,1,315Evans2008
Icterus_galbula_36.37_-121.55,2,1,138Richardson1999
Jynx_torquilla_51.9_11,3,1,330Wink2011
Lagopus_lagopus_59.83_-136.33,4,1,228Freeland1995
Lagopus_leucura_48.68_-113.72,3,1,136Benson2002
Lanius_bucephalus_34.57_135.53,1,1,436Yamagishi1992
Lanius_isabellinus_40.37_96.23,3,1,548Bao2019
Larus_ridibundus_48.92_17.08,1,1,388Ležalová-Piálková2011
Locustella_luscinioides_40.63_-8.68,6,1,225Neto2010
Luscinia_svecica_61.42_8.87,3,1,652Sætre2018
Luscinia_svecica_62.42_8.87,10,1,17Johnsen2003
Malurus_lamberti_-27.27_152.68,4,1,636Boersma2023
Malurus_lamberti_-34.35_139.48,4,1,644Johnson2018
Malurus_lamberti_40.75_-3.78,1,1,645Celis2012
Malurus_melanocephalus_-17.37_125.75,8,1,110Varian-Ramos2012
Malurus_splendens_-34.33_139.03,6,1,326Webster2004
Malurus_splendens_-34.35_139.5,6,1,326Webster2004
Manorina_melanocephala_-27.33_152.55,2,1,451Põldmaa1995
Megascops_asio_37.62_-84.12,1,1,411Lawless1997
Melanerpes_formicivorus_-0.37_36.08,3,1,475Wrege1987
Melospiza_melodia_44.75_-63.68,1,1,132Major2004
Morus_serrator_-39.63_177.08,1,1,569Hauber2018
Myiopsitta_monachus_-31.67_-62.82,1,1,230Martínez2013
Myiopsitta_monachus_41.39_2.17,2,1,675Dawson2025
Notiomystis_cincta_-36.6_174.88,7,1,351Brekke2013
Oenanthe_oenanthe_49.5_8.17,6,1,131Kudernatsch2010
Oenanthe_oenanthe_52.77_-4.78,1,1,137Currie1998
Pachyptila_belcheri_-51.72_-61.28,1,1,371Quillfeldt2012
Paradoxornis_webbianus_37.53_127.03,2,1,239Lee2009
Parus_ater_52.33_11,1,1,444Lubjuhn1999
Parus_ater_52.45_7.25,3,1,463Dietrich2004
Parus_caeruleus_42.52_8.77,2,1,4Charmantier2003
Parus_caeruleus_43.66_3.67,2,1,4Charmantier2003
Parus_caeruleus_51.25_4.47,4,1,50Kempenaers1997
Parus_caeruleus_53.13_6.58,1,1,350Vedder2010
Parus_caeruleus_58.87_9.6,3,1,76Krokene1998
Parus_caeruleus_59.83_17.63,1,1,14Gullberg1992
Parus_major_33.52_130.03,2,1,256Kawano2009
Parus_major_39.55_-4.33,1,1,466García-Navas2015
Parus_major_42.67_141.6,2,1,458Yuta2016
Parus_major_51.42_7.65,2,1,433Strohbach1998
Parus_major_52.15_10.32,1,1,474Winkel2001
Parus_major_52.37_11.02,1,1,445Lubjuhn2007
Parus_major_55.67_12.57,1,1,240Otter2001
Parus_major_58.87_9.6,4,1,76Krokene1998
Parus_major_59.83_17.67,1,1,14Gullberg1992
Parus_teneriffae_28.42_16.38,1,1,146Garcia-Del-Rey2012
Parus_varius_40.02_122.93,3,1,231Yin2014
Passer_ammodendri_40.37_96.23,1,1,548Bao2019
Passer_domesticus_35.7_-83.2,2,1,406Griffith1999
Passer_domesticus_35_-83,3,2,205Stewart2015; 206Stewart2006
Passer_domesticus_40.63_-4,1,1,227Veiga2000
Passer_domesticus_41.38_2.15,1,1,357Cordero1999
Passer_domesticus_47.33_-2.87,3,1,63Bichet2014
Passer_domesticus_48.17_16.3,2,2,394Vaclav2003; 395Václav2007
Passer_domesticus_51_-4,2,1,406Griffith1999
Passer_domesticus_53.07_-0.95,6,2,224Wetton1991; 357Cordero1999
Passer_montanus_46.25_20.13,1,1,177Seress2007
Passerculus_sandwichensis_44.58_-66.77,2,1,104Freeman-Gallant2005
Passerina_cyanea_35.88_-79.02,1,1,120Westneat1990
Periparus_ater_59.98_10.6,1,1,554Lifjeld2025
Petroica_australis_-34.37_119.6,3,1,432Taylor2008
Petroica_australis_-45_168,1,1,432Taylor2008
Petroica_australis_-47_168,4,1,432Taylor2008
Petronia_petronia_40.9_-4.02,4,1,577Corregidor2022
Phalacrocorax_aristotelis_56.18_-2.57,1,1,224Graves1992
Philesturnus_carunculatus_-46.9_168.1,6,1,432Taylor2008
Phoebastria_irrorata_-1.38_-89.62,4,2,259Huyvaert2000; 259Huyvaert2006
Phoenicurus_phoenicurus_62.47_11.8,2,1,346Kleven2007
Phylloscopus_trochilus_56.92_18.12,2,1,18Fridolfsson1997
Phylloscopus_trochilus_61.42_8.87,1,1,168Bjornstad1997
Pipilo_maculatus_45.5_-122.68,3,1,404Smith2016
Plectrophenax_nivalis_78.22_15.63,5,1,262Hoset2014
Pluvialis_dominica_71.29_-156.8,6,1,437Yezerinac2013
Poecile_cinctus_69.47_-29.83,6,1,544Kleven2020
Poephila_acuticauda_-15.55_128,3,1,156van Rooij2016
Poospiza_torquata_-28.05_-64.25,3,1,539Sánchez2018
Porphyrio_hochstetteri_NA_NA,1,1,319Lettink2002
Prinia_flaviventris_23.65_107.07,1,1,512Ding2021
Pygoscelis_adeliae_-74.35_165.13,1,1,28Pilastro2001
Pygoscelis_antarcticus_-63_-60.67,1,1,244Moreno2000
Quelea_quelea_-21.08_31.92,1,1,298Dallimer2007
Rallus_aquaticus_46.91_23.91,2,1,673Stermin2026
Remiz_coronatus_42.42_70.48,1,1,7Ball 2017
Rhipidura_fuliginosa_-35.45_149.28,3,1,228Hoffman2010
Riparia_riparia_48.3_21.08,1,1,211Augustin2007
Setophaga_ruticilla_41.77_-79.93,2,1,360Kappes2009
Setophaga_ruticilla_45.07_-67.03,3,1,428Perreault1997
Sialia_mexicana_35.88_-106.03,3,1,2Jacobs2015
Sicalis_flaveola_pelzelni_-35.57_-58.02,3,1,570Benitez2019
Spheniscus_humboldti_-15.37_-75.2,1,1,310Schwartz1999
Spheniscus_magellanicus_-47.75_-65.88,2,1,616Marasco2020
Steganopus_tricolor_51.45_-105.17,1,1,127Dlehanty1998
Sterna_hirundo_53.52_8.08,1,1,223Gonzalez-Solis2001
Stipiturus_malachurus_-38.38_141.6,3,1,175Maguire2008
Strix_aluco_46_6,1,1,467Saladin2007
Sturnus_unicolor_40.5_-4,2,1,358Cordero2003
Sturnus_unicolor_40.75_-3.78,2,1,645Celis2012
Sturnus_vulgaris_44.62_-63.57,4,1,489Barber2025
Sturnus_vulgaris_46.52_6.57,2,1,22Loyau2005
Sturnus_vulgaris_51.22_4.67,2,1,390Pinxten1993
Sula_granti_-1.33_-89.67,1,1,126Anderson2006
Sula_nebouxii_21.87_-105.9,1,1,12Ramos2014
Sula_sula_-1.33_-89.67,1,1,352Baião2009
Tachycineta_albilinea_9.17_-79.85,1,1,347Moore1999
Tachycineta_albilinea_NA_NA,1,1,654Ferretti2019
Tachycineta_bicolor_44.57_-76.32,2,2,243Delmore2008; 58Barber1998
Tachycineta_bicolor_44.58_-66.77,1,1,244Conrad2001
Tachycineta_bicolor_44.7_-76.2,4,1,59Barber1996
Tachycineta_bicolor_45_-74,4,1,21Lessard2014
Tachycineta_bicolor_53_-123,1,1,375Bitton2007
Tachycineta_meyeni_-54.73_-68.2,2,1,464Ferretti2016
Taeniopygia_guttata_-31.08_142.7,3,1,405Griffith2010
Thalassarche_chrysostoma_-54_-38,2,1,447Burg2006
Thalassarche_melanophrys_-54_-38,2,1,447Burg2006
Thalassoica_antarctica_-71.88_5.17,1,1,421 Lorentsen2000
Thryothorus_pleurostictus_10.67_-85.5,4,1,157Cramer2011
Troglodytes_aedon_42.47_-76.45,1,1,573LaBarbera2017
Turdus_grayi_9.12_-79.7,2,1,47Stutchbury1998
Tyrannus_forficatus_34.74_-98.67,7,1,648Roeder2019
Tyrannus_forficatus_34.75_-98.58,3,1,507Roeder2022
Tyrannus_forficatus_34.77_-98.48,4,1,140Roeder2016
Tyrannus_tyrannus_43_-119,3,1,1Dolan2000
Upupa_epops_37_-3,1,1,321Martín-Vivaldi2002
Upupa_epops_46.33_7.67,1,1,242Berthier2012
Vermivora_chrysoptera_44.57_-76.32,1,1,418Harper2010
Volatinia_jacarina_-15.93_-47.93,3,1,288Manica2016
Volatinia_jacarina_-15.95_-47.93,1,1,61Carvalho2006
Zonotrichia_capensis_-0.12_-77.92,1,1,71Eikenaar2013
Zonotrichia_capensis_-0.35_-78.15,1,1,71Eikenaar2013
Zonotrichia_leucophrys_38.57_-119.03,3,1,143MacDougall-Shackleton2002
Zonotrichia_leucophrys_43.16_-124.41,3,1,30Poesel2011
