"epp_row_id","latitude","longitude","year","first_month"
"1","-42.63","148.0614","1989","7"
"5","77","15.37","2002","6"
"6","49.15","14.72","2004","4"
"7","48.62","-99.08","1997","5"
"8","78.92","11.9","1989","6"
"9","64.33","-164.93","1996","5"
"10","37.65","-84.12","1992","4"
"11","43.53","-80.23","1992","6"
"12","42.27","-83.73","1991","2"
"13","-77.52","167.77","1988","1"
"14","16.8","41.88","2011","4"
"15","67.23","-100.27","1995","6"
"16","67.23","-100.27","1995","6"
"17","51.73","18.63","2012","5"
"19","60.38","10.52","1998","4"
"20","61.42","8.87","1992","7"
"21","58.67","-94.42","1994","5"
"22","-46.42","51.75","2001","11"
"23","-49.25","69.53","2002","12"
"24","-43.83","168.88","1990","7"
"25","-54.5","158.95","1991","10"
"26","38","24.98","1991","5"
"27","37.17","-6.35","2003","3"
"28","41.35","-0.18","1993","4"
"29","57.17","18.33","1994","5"
"30","40.8","-4.02","2010","5"
"31","59.98","10.63","1989","5"
"32","52.53","7.35","1993","5"
"33","59.97","10.78","1992","5"
"34","59.83","17.67","1987","5"
"35","40.8","-4.02","2003","5"
"36","40.8","-4.02","2011","5"
"37","62.62","26.33","1990","5"
"38","62.62","26.33","1992","5"
"39","52.03","5.85","2014","4"
"40","23.75","-166.02","2007","2"
"41","59.53","-1.62","1988","3"
"42","45.43","8.62","1994","3"
"43","38.83","-6.98","1994","3"
"44","42.35","-76.5","2002","5"
"45","44.55","-76.32","1989","5"
"46","34.57","135.53","1989","3"
"47","48.92","17.08","2004","4"
"48","37.62","-84.12","1994","3"
"49","44.75","-63.68","2000","4"
"50","52.77","-4.78","1991","3"
"51","-51.72","-61.28","2006","12"
"52","52.33","11","1993","4"
"53","59.83","17.63","1988","4"
"54","53.13","6.58","2008","4"
"55","39.55","-4.33","2012","4"
"56","59.83","17.67","1998","4"
"57","52.37","11.02","1993","4"
"58","55.67","12.57","1998","4"
"59","52.15","10.32","1998","4"
"60","28.42","16.38","2009","4"
"61","53.07","-0.95","1994","3"
"62","41.38","2.15","1995","4"
"63","-71.88","5.17","1993","1"
"64","46.33","7.67","2004","4"
"65","37","-3","1995","2"
"66","44.57","-76.32","2005","4"
"67","-15.95","-47.93","1999","11"
"68","-0.35","-78.15","2006","10"
"69","-0.12","-77.92","2009","1"
"70","53.48","23","1990","6"
"71","-4.32","55.65","1999","5"
"72","-24.38","-128.32","1991","9"
"73","37.18","-3.05","1993","3"
"74","50.18","-98.38","1994","5"
"75","-31.67","-62.82","2000","11"
"76","69.4","81.82","1993","6"
"77","46.2","7.63","1993","5"
"78","-1.4","36.8","1998","7"
"79","-35.27","149.1","1995","7"
"80","-35.27","149.1","1996","7"
"81","-35.27","149.1","1997","7"
"82","44.97","-90.05","2003","2"
"83","44.97","-90.05","2004","2"
"84","44.97","-90.05","2007","2"
"85","49.67","10.85","1992","5"
"86","49.67","10.85","1994","5"
"87","49.67","10.85","1995","5"
"88","49.67","10.85","1996","5"
"89","49.67","10.85","1997","5"
"90","59.1","15.25","1994","5"
"91","59.1","15.25","1995","5"
"92","59.1","15.25","1996","5"
"93","59.1","15.25","1997","5"
"94","59.1","15.25","1998","5"
"95","59.17","15.42","1990","5"
"96","59.17","15.42","1991","5"
"97","59.17","15.42","1992","5"
"98","51.45","-0.55","1993","5"
"99","51.45","-0.55","1994","5"
"100","51.45","-0.55","1995","5"
"101","51.45","-0.55","1996","5"
"102","51.45","-0.55","1997","5"
"103","51.45","-0.55","1998","5"
"104","54.75","-3.02","1998","4"
"105","54.75","-3.02","1999","4"
"106","51.17","-4.63","1997","4"
"107","51.17","-4.63","1998","4"
"108","51.17","-4.63","1999","4"
"109","51.17","-4.63","2000","4"
"110","39.08","-96.58","2003","5"
"111","39.08","-96.58","2004","5"
"112","39.08","-96.58","2005","5"
"113","39.08","-96.58","2006","5"
"114","39.08","-96.58","2007","5"
"115","43","-84","2000","3"
"116","43","-84","2001","3"
"117","43","-84","2002","3"
"118","57.28","18.75","1989","5"
"119","57.28","18.75","1990","5"
"120","57.28","18.75","1991","5"
"121","74.5","-21","2003","5"
"122","74.5","-21","2007","5"
"123","74.5","-21","2008","5"
"124","74.5","-21","2009","5"
"125","74.5","-21","2010","5"
"126","74.5","-21","2011","5"
"127","36.92","-25.17","2002","3"
"128","36.92","-25.17","2003","3"
"129","56.5","10.83","1998","4"
"130","56.5","10.83","1999","4"
"131","58.75","-95.07","1996","6"
"132","58.75","-95.07","1997","6"
"133","37.3","-3.18","2007","5"
"134","37.3","-3.18","2008","5"
"135","37.3","-3.18","2009","5"
"136","37.3","-3.18","2010","5"
"137","37.3","-3.18","2011","5"
"138","40.98","-124","2006","3"
"139","40.98","-124","2007","3"
"140","40.98","-124","2008","3"
"141","-41.05","-62.8","1998","10"
"142","-41.05","-62.8","1999","10"
"143","-37.55","14.82","1999","7"
"144","-37.55","14.82","2000","7"
"145","-37.55","14.82","2001","7"
"146","43.93","-71.75","1995","5"
"147","43.93","-71.75","1996","5"
"148","43.93","-71.75","1997","5"
"149","43.93","-71.75","1998","5"
"150","43.93","-71.75","1995","5"
"151","43.93","-71.75","1996","5"
"152","-54","-38","1998","12"
"153","-54","-38","1999","12"
"154","-46.87","37.68","2007","11"
"155","-46.87","37.68","2008","11"
"156","-46.87","37.68","2009","11"
"157","39","-76","2008","5"
"158","39","-76","2009","5"
"159","51.75","4.75","2002","2"
"160","51.75","4.75","2003","2"
"161","47","8","2002","3"
"162","47","8","2003","3"
"163","47","8","2004","3"
"164","47","8","2005","3"
"165","35.65","-118.03","1997","5"
"166","35.65","-118.03","1998","5"
"167","35.65","-118.03","1999","5"
"168","35.65","-118.03","2000","5"
"169","35.65","-118.03","2001","5"
"170","35.65","-118.03","2002","5"
"171","41.77","-79.93","1997","5"
"172","41.77","-79.93","2000","5"
"173","41.77","-79.93","2001","5"
"174","41.77","-79.93","2002","5"
"175","-15.57","128","2008","2"
"176","-15.57","128","2009","2"
"177","62.98","22.83","1990","4"
"178","62.98","22.83","1991","4"
"179","62.98","22.83","1992","4"
"180","50.1","20.4","2003","4"
"181","50.1","20.4","2004","4"
"182","50.1","20.4","2005","4"
"183","50.1","20.4","2006","4"
"184","52.45","7.25","1993","4"
"185","52.45","7.25","1995","4"
"186","52.45","7.25","1996","4"
"187","41.07","-3.45","2005","4"
"188","41.07","-3.45","2006","4"
"189","60.42","22.17","2005","5"
"190","60.42","22.17","2006","5"
"191","-0.42","-90.37","1987","1"
"192","-0.42","-90.37","1991","1"
"193","37.22","-80.42","2009","4"
"194","37.22","-80.42","2010","4"
"195","37.12","138.02","2005","4"
"196","37.12","138.02","2006","4"
"197","35.22","139.88","2006","4"
"198","35.22","139.88","2007","4"
"199","41.77","-79.93","2002","5"
"200","41.77","-79.93","2003","5"
"201","41.77","-79.93","2004","5"
"202","36.37","-121.55","1994","3"
"203","36.37","-121.55","1995","3"
"204","51.9","11","2003","5"
"205","51.9","11","2004","5"
"206","51.9","11","2005","5"
"207","59.83","-136.33","1987","6"
"208","59.83","-136.33","1988","6"
"209","59.83","-136.33","1989","6"
"210","59.83","-136.33","1992","6"
"211","48.68","-113.72","1996","5"
"212","48.68","-113.72","1997","5"
"213","48.68","-113.72","1998","5"
"214","40.63","-8.68","2002","3"
"215","40.63","-8.68","2003","3"
"216","40.63","-8.68","2005","3"
"217","40.63","-8.68","2006","3"
"218","40.63","-8.68","2007","3"
"219","40.63","-8.68","2008","3"
"220","62.42","8.87","1991","5"
"221","62.42","8.87","1992","5"
"222","62.42","8.87","1993","5"
"223","62.42","8.87","1994","5"
"224","62.42","8.87","1995","5"
"225","62.42","8.87","1996","5"
"226","62.42","8.87","1997","5"
"227","62.42","8.87","1998","5"
"228","62.42","8.87","1999","5"
"229","62.42","8.87","2000","5"
"230","-36.6","174.88","2004","9"
"231","-36.6","174.88","2005","9"
"232","-36.6","174.88","2006","9"
"233","-36.6","174.88","2007","9"
"234","-36.6","174.88","2008","9"
"235","-36.6","174.88","2009","9"
"236","-36.6","174.88","2010","9"
"237","49.5","8.17","2005","4"
"238","49.5","8.17","2006","4"
"239","37.53","127.03","2005","4"
"240","37.53","127.03","2006","4"
"241","52.45","7.25","2000","4"
"242","52.45","7.25","2001","4"
"243","52.45","7.25","2002","4"
"244","42.52","8.77","2000","5"
"245","42.52","8.77","2001","5"
"246","43.66","3.67","2000","4"
"247","43.66","3.67","2001","4"
"248","51.25","4.47","1990","3"
"249","51.25","4.47","1991","3"
"250","51.25","4.47","1992","3"
"251","51.25","4.47","1993","3"
"252","58.87","9.6","1992","4"
"253","58.87","9.6","1993","4"
"254","58.87","9.6","1994","4"
"257","58.87","9.6","1992","4"
"258","58.87","9.6","1993","4"
"259","58.87","9.6","1994","4"
"260","58.87","9.6","1995","4"
"261","51.42","7.65","1993","3"
"262","51.42","7.65","1994","3"
"263","42.67","141.6","2009","5"
"264","42.67","141.6","2010","5"
"265","40.02","122.93","2009","3"
"266","40.02","122.93","2010","3"
"267","40.02","122.93","2011","3"
"268","47.33","-2.87","2009","4"
"269","47.33","-2.87","2010","4"
"270","47.33","-2.87","2011","4"
"271","51","-4","1995","4"
"272","51","-4","1996","4"
"273","35.7","-83.2","1995","3"
"274","35.7","-83.2","1996","3"
"275","-54.73","-68.2","2006","10"
"276","-54.73","-68.2","2007","10"
"277","-54.73","-68.2","2008","10"
"278","-54.73","-68.2","2009","10"
"279","-31.08","142.7","2005","8"
"280","-31.08","142.7","2006","8"
"281","-31.08","142.7","2007","8"
"282","-54","-38","1998","10"
"283","-54","-38","1999","10"
"284","-54","-38","1998","10"
"285","-54","-38","1999","10"
"286","10.67","-85.5","2002","4"
"287","10.67","-85.5","2003","4"
"288","10.67","-85.5","2004","4"
"289","10.67","-85.5","2005","4"
"290","9.12","-79.7","1994","1"
"291","9.12","-79.7","1995","1"
"292","34.77","-98.48","2008","4"
"293","34.77","-98.48","2009","4"
"294","34.77","-98.48","2010","4"
"295","34.77","-98.48","2011","4"
"296","43","-119","2002","5"
"297","43","-119","2003","5"
"298","43","-119","2004","5"
"299","-15.93","-47.93","2008","10"
"300","-15.93","-47.93","2009","10"
"301","-15.93","-47.93","2010","10"
"302","38.57","-119.03","1997","5"
"303","38.57","-119.03","1998","5"
"304","38.57","-119.03","1999","5"
"305","43.16","-124.41","2005","3"
"306","43.16","-124.41","2006","3"
"307","43.16","-124.41","2007","3"
"308","53.33","22.67","1993","5"
"309","53.33","22.67","1994","5"
"310","53.33","22.67","1997","5"
"311","47.17","-94.42","1990","5"
"312","47.17","-94.42","1991","5"
"313","31.92","-109.25","1991","3"
"314","31.92","-109.25","1992","3"
"315","31.92","-109.25","1993","3"
"316","31.92","-109.25","1994","3"
"317","31.92","-109.25","1995","3"
"318","31.92","-109.25","1996","3"
"319","49.4","-110.7","1999","3"
"320","49.4","-110.7","2000","3"
"321","49.4","-110.7","2001","3"
"322","49.4","-110.7","2002","3"
"323","49.4","-110.7","2003","3"
"324","49.4","-110.7","2004","3"
"325","49.4","-110.7","2005","3"
"326","49.4","-110.7","2006","3"
"327","8.2","-82.2","2000","3"
"328","8.2","-82.2","2001","3"
"329","8.2","-82.2","2002","3"
"330","8.2","-82.2","2003","3"
"331","8.2","-82.2","2004","3"
"332","8.2","-82.2","2005","3"
"333","8.2","-82.2","2006","3"
"334","-31.9","115.98","1996","7"
"335","-31.9","115.98","1997","7"
"336","-31.9","115.98","1998","7"
"337","-17.37","125.75","1998","10"
"338","-17.37","125.75","1999","10"
"339","-17.37","125.75","2000","10"
"340","-17.37","125.75","2003","10"
"341","-17.37","125.75","2004","10"
"342","-17.37","125.75","2005","10"
"343","-17.37","125.75","2006","10"
"344","-17.37","125.75","2007","10"
"345","-34.33","139.03","1992","10"
"346","-34.33","139.03","1993","10"
"347","-34.33","139.03","1995","10"
"348","-34.33","139.03","1996","10"
"349","-34.33","139.03","1997","10"
"350","-34.33","139.03","1998","10"
"351","-27.33","152.55","1992","7"
"352","-27.33","152.55","1993","7"
"353","60.83","25.33","1987","5"
"354","60.83","25.33","1989","5"
"355","60.83","25.33","1990","5"
"356","35.88","-106.03","2010","5"
"357","35.88","-106.03","2011","5"
"358","35.88","-106.03","2012","5"
"359","70.2","-148.25","1993","6"
"360","70.2","-148.25","1994","6"
"361","-34.35","139.5","1992","10"
"362","-34.35","139.5","1993","10"
"363","-34.35","139.5","1995","10"
"364","-34.35","139.5","1996","10"
"365","-34.35","139.5","1997","10"
"366","-34.35","139.5","1998","10"
"367","-0.37","36.08","1982","10"
"368","-0.37","36.08","1983","10"
"369","-0.37","36.08","1984","10"
"370","36.71","-112.22","1991","4"
"371","36.71","-112.22","1992","4"
"372","36.71","-112.22","1993","4"
"373","35","-83","1995","3"
"374","35","-83","1996","3"
"375","35","-83","2004","5"
"377","48.17","16.3","1999","3"
"379","53.07","-0.95","1985","3"
"380","53.07","-0.95","1986","3"
"381","53.07","-0.95","1987","3"
"382","53.07","-0.95","1988","3"
"383","53.07","-0.95","1989","3"
"384","35.2","-97.43","1994","3"
"385","35.2","-97.43","1995","3"
"386","35.2","-97.43","1996","3"
"387","46.25","20.13","2006","3"
"390","35.88","-79.02","1986","5"
"400","-46.9","168.1","2001","9"
"401","-46.9","168.1","2002","9"
"402","-46.9","168.1","2003","9"
"403","-46.9","168.1","2004","9"
"404","-46.9","168.1","2005","9"
"405","-46.9","168.1","2006","9"
"406","-1.38","-89.62","1996","4"
"407","-1.38","-89.62","2000","3"
"408","-1.38","-89.62","2001","3"
"409","-1.38","-89.62","2002","3"
"410","62.47","11.8","2002","5"
"411","62.47","11.8","2006","5"
"412","61.42","8.87","1993","5"
"413","56.92","18.12","1992","4"
"414","56.92","18.12","1993","4"
"418","78.22","15.63","1999","4"
"419","78.22","15.63","2000","4"
"420","78.22","15.63","2001","4"
"421","78.22","15.63","2002","4"
"422","78.22","15.63","2003","4"
"423","71.29","-156.8","2004","6"
"424","71.29","-156.8","2005","6"
"425","71.29","-156.8","2006","6"
"426","71.29","-156.8","2007","6"
"427","71.29","-156.8","2008","6"
"428","71.29","-156.8","2009","6"
"429","-15.55","128","2008","3"
"430","-15.55","128","2009","3"
"431","-15.55","128","2010","3"
"433","-74.35","165.13","1998","11"
"437","-35.45","149.28","2002","9"
"438","-35.45","149.28","2003","9"
"439","-35.45","149.28","2004","9"
"440","48.3","21.08","2002","5"
"441","41.77","-79.93","2002","5"
"442","41.77","-79.93","2003","5"
"443","45.07","-67.03","1987","5"
"444","45.07","-67.03","1988","5"
"445","45.07","-67.03","1989","5"
"446","-15.37","-75.2","1995","3"
"448","53.52","8.08","1999","4"
"449","46","6","2004","1"
"450","40.5","-4","1996","4"
"451","40.5","-4","1997","4"
"457","21.87","-105.9","2011","2"
"459","9.17","-79.85","1996","1"
"460","44.57","-76.32","1993","4"
"461","44.7","-76.2","1992","6"
"462","44.7","-76.2","1992","6"
"465","44.58","-66.77","1993","5"
"471","53","-123","2004","5"
"472","-34.35","139.4833","2012","9"
"473","-34.35","139.4833","2013","9"
"474","-34.35","139.4833","2014","9"
"475","-34.35","139.4833","2015","9"
"476","40.75","-3.7833","2004","3"
"477","40.75","-3.7833","2005","3"
"478","40.75","-3.7833","2006","3"
"479","34.74","-98.67","2008","4"
"480","34.74","-98.67","2009","4"
"481","34.74","-98.67","2010","4"
"482","34.74","-98.67","2011","4"
"483","34.74","-98.67","2012","4"
"484","34.74","-98.67","2013","4"
"485","34.74","-98.67","2014","4"
"486","61.4167","8.8667","2013","5"
"487","61.4167","8.8667","2014","5"
"488","61.4167","8.8667","2015","5"
"489","34.75","-98.5833","2009","4"
"490","34.75","-98.5833","2010","4"
"491","34.75","-98.5833","2011","4"
"492","34.75","-98.5833","2012","4"
"493","34.75","-98.5833","2013","4"
"494","34.75","-98.5833","2014","4"
"495","40.9","-4.0167","2013","4"
"496","39.2311","-75.9819","2005","4"
"497","39.2311","-75.9819","2006","4"
"498","39.2311","-75.9819","2007","4"
"499","39.2311","-75.9819","2008","4"
"500","39.2311","-75.9819","2009","4"
"502","57.05","18.2833","2009","4"
"503","57.05","18.2833","2010","4"
"504","57.05","18.2833","2011","4"
"505","57.05","18.2833","2012","4"
"506","57.05","18.2833","2013","4"
"507","57.05","18.2833","2014","4"
"508","57.05","18.2833","2015","4"
"509","57.05","18.2833","2016","4"
"510","56.35","84.9333","2005","4"
"511","46.91","23.91","2012","5"
"512","61.3","-22.5","2011","10"
"513","41.39","2.17","2017","4"
"514","41.39","2.17","2018","4"
"515","48.1333","10.8833","2018","3"
"516","44.6167","-63.5667","2007","4"
"517","44.6167","-63.5667","2008","4"
"518","44.6167","-63.5667","2009","4"
"519","44.6167","-63.5667","2011","4"
"520","21.6","51.5333","2006","5"
"521","21.6","51.5333","2007","5"
"522","21.6","51.5333","2008","5"
"523","21.6","51.5333","2009","5"
"524","21.6","51.5333","2010","5"
"525","21.6","51.5333","2011","5"
"535","-15.76","-47.86","2013","9"
"536","-15.76","-47.86","2014","9"
"537","-15.76","-47.86","2015","9"
"540","-28.05","-64.25","2008","10"
"541","-28.05","-64.25","2009","10"
"542","-28.05","-64.25","2010","10"
"543","-30.6333","-71.6667","2012","9"
"544","-30.6333","-71.6667","2013","9"
"545","-30.6333","-71.6667","2014","9"
"546","-30.6333","-71.6667","2015","9"
"547","-30.6333","-71.6667","2016","9"
"548","-30.6333","-71.6667","2017","9"
"549","-55.0667","-67.6667","2010","10"
"550","-55.0667","-67.6667","2011","10"
"551","-55.0667","-67.6667","2012","10"
"552","-55.0667","-67.6667","2013","10"
"553","-55.0667","-67.6667","2014","10"
"554","-55.0667","-67.6667","2015","10"
"555","40","-3","2016","4"
"556","40","-3","2017","4"
"557","40","-3","2015","4"
"558","40","-3","2016","4"
"559","40","-3","2017","4"
"560","71.3167","-156.65","2003","5"
"561","71.3167","-156.65","2004","5"
"562","71.3167","-156.65","2005","5"
"563","71.3167","-156.65","2006","5"
"564","71.3167","-156.65","2014","5"
"565","71.3167","-156.65","2017","5"
"566","71.3167","-156.65","2018","5"
"567","71.3167","-156.65","2019","5"
"568","39.4","141.99","2014","4"
"569","39.4","141.99","2015","4"
"570","39.4","141.99","2016","4"
"571","-35.5667","-58.0167","2013","10"
"572","-35.5667","-58.0167","2014","10"
"573","-35.5667","-58.0167","2015","10"
"578","47.9919","17.3367","2016","3"
"579","47.9919","17.3367","2017","3"
"580","47.9919","17.3367","2018","3"
"581","-32.6333","-69.3667","2015","10"
"582","-32.6333","-69.3667","2016","10"
"583","-32.6333","-69.3667","2017","10"
"584","52.3833","-1.5667","1995","4"
"585","52.3833","-1.5667","1996","4"
"586","52.3833","-1.5667","1997","4"
"587","52.3833","-1.5667","1998","4"
"588","52.3833","-1.5667","1999","4"
"589","52.3833","-1.5667","2000","4"
"590","52.3833","-1.5667","2001","4"
"591","52.3833","-1.5667","2002","4"
"592","52.3833","-1.5667","2003","4"
"593","52.3833","-1.5667","2004","4"
"594","52.3833","-1.5667","2005","4"
"595","52.3833","-1.5667","2006","4"
"596","52.3833","-1.5667","2007","4"
"597","52.3833","-1.5667","2008","4"
"598","52.3833","-1.5667","2009","4"
"599","52.3833","-1.5667","2010","4"
"600","52.3833","-1.5667","2011","4"
"601","52.3833","-1.5667","2012","4"
"602","52.3833","-1.5667","2013","4"
"603","52.3833","-1.5667","2014","4"
"604","52.3833","-1.5667","2015","4"
"605","-27.2667","152.6833","2014","8"
"606","-27.2667","152.6833","2015","9"
"607","-27.2667","152.6833","2016","10"
"608","-27.2667","152.6833","2017","11"
"609","69.4667","-29.8333","2013","6"
"610","69.4667","-29.8333","2014","6"
"611","69.4667","-29.8333","2015","6"
"612","69.4667","-29.8333","2016","6"
"613","69.4667","-29.8333","2017","6"
"614","69.4667","-29.8333","2018","6"
"619","-47.75","-65.8833","2010","9"
"620","-47.75","-65.8833","2011","9"
"621","49.5","8.17","2005","4"
"622","49.5","8.17","2006","4"
"623","67.43","11.88","2003","6"
"624","67.43","11.88","2004","6"
"625","23.65","107.0667","2013","5"
"626","52.63","-0.27","1991","3"
"627","52.63","-0.27","1992","3"
"628","22","121.08","1999","1"
"629","22","121.08","2000","1"
"630","22","121.08","2001","1"
"631","22","121.08","2002","1"
"632","22","121.08","2003","1"
"633","22","121.08","2004","1"
"634","49.5","8.17","2005","4"
"635","49.5","8.17","2006","4"
"636","-38.38","141.6","2000","8"
"637","-38.38","141.6","2001","8"
"638","-38.38","141.6","2002","8"
"639","59.9833","10.6","1989","4"
"640","-39.6333","177.0833","2005","11"
"641","42.4686","-76.4492","2009","4"
"642","25.8333","131.2333","2008","2"
"643","56.35","84.9333","2005","4"
"644","46.91","23.91","2012","5"
"645","-22.5","-47.5833","2011","10"
"646","48.1333","10.8833","2018","3"
"647","40.9","-4.0167","2013","4"
"648","37.1833","-80.5667","2017","3"
