record_id,id,scientific_name,year,start_month,end_month,can_first_month,can_full_season,lon,lat
1,179Gibbs1994,Gallinula_mortierii,1989,7,9,1,1,148.0614,-42.63
2,191Liu2015,Agelaius_phoeniceus,2009,,,0,0,-80.18,41.55
3,191Liu2015,Agelaius_phoeniceus,2011,,,0,0,-78.53,26.53
4,191Liu2015,Agelaius_xanthomus,2012,,,0,0,-67.1,17.93
5,233Lifjeld2005,Alle_alle,2002,6,8,1,1,15.37,77
6,232Kreisinger2010,Anas_platyrhynchos,2004,4,7,1,1,14.72,49.15
7,235Peters2003,Anas_strepera,1997,5,8,1,1,-99.08,48.62
8,408Choudhury1993,Branta_leucopsis,1989,6,7,1,1,11.9,78.92
9,114Blomqvist2002,Calidris_mauri,1996,5,6,1,1,-164.93,64.33
10,174Ritchison1994,Cardinalis_cardinalis,1992,4,8,1,1,-84.12,37.65
11,172Gissing1998,Carduelis_tristis,1992,6,,1,0,-80.23,43.53
12,170Hill1994,Carpodacus_mexicanus,1991,2,7,1,1,-83.73,42.27
13,65Millar1997,Catharacta_maccormicki,1988,1,1,1,1,167.77,-77.52
14,247Maher2017,Charadrius_alexandrinus,2011,4,7,1,1,41.88,16.8
15,367Dunn1999,Chen_caerulescens,1995,6,7,1,1,-100.27,67.23
16,367Dunn1999,Chen_rossii,1995,6,7,1,1,-100.27,67.23
17,366Minias2014,Chlidonias_hybrida,2012,5,8,1,1,18.63,51.73
18,410Turjeman2016,Ciconia_ciconia,2012,,,0,0,5,44
19,449Øigarden2010,Cinclus_cinclus,1998,4,6,1,1,10.52,60.38
20,269Whittingham1995,Delichon_urbicum,1992,7,7,1,1,8.87,61.42
21,426Yezerinac1999,Dendroica_petechia,1994,5,7,1,1,-94.42,58.67
22,362Jouventin2006,Diomedea_exulans,2001,11,10,1,1,51.75,-46.42
23,362Jouventin2006,Diomedea_exulans,2002,12,11,1,1,69.53,-49.25
24,198McLean2000,Eudyptes_pachyrhynchus,1990,7,9,1,1,168.88,-43.83
25,64Clair1995,Eudyptes_schlegeli,1991,10,12,1,1,158.95,-54.5
26,208Swatschek1993,Falco_eleonorae,1991,5,10,1,1,24.98,38
27,294 Alcaide2005,Falco_naumanni,2003,3,7,1,1,-6.35,37.17
28,294 Alcaide2005,Falco_naumanni,1993,4,7,1,1,-0.18,41.35
29,483Sheldon1999,Ficedula_albicollis,1994,5,7,1,1,18.33,57.17
30,242Moreno2013,Ficedula_hypoleuca,2010,5,6,1,1,-4.02,40.8
31,235Lifjeld1991,Ficedula_hypoleuca,1989,5,7,1,1,10.63,59.98
32,214Brün1996,Ficedula_hypoleuca,1993,5,6,1,1,7.35,52.53
33,182Ellegren1995,Ficedula_hypoleuca,1992,5,6,1,1,10.78,59.97
34,187Gelter1992,Ficedula_hypoleuca,1987,5,6,1,1,17.67,59.83
35,243Moreno2010,Ficedula_hypoleuca,2003,5,6,1,1,-4.02,40.8
36,241Moreno2015,Ficedula_hypoleuca,2011,5,6,1,1,-4.02,40.8
37,349Rätti1995,Ficedula_hypoleuca,1990,5,6,1,1,26.33,62.62
38,348Rätti2001,Ficedula_hypoleuca,1992,5,6,1,1,26.33,62.62
39,53Tomotani2017,Ficedula_hypoleuca,2014,4,6,1,1,5.85,52.03
40,163Juola2012,Fregata_minor,2007,2,6,1,1,-166.02,23.75
41,166Hunter1992,Fulmarus_glacialis,1988,3,,1,0,-1.62,59.53
42,341Saino1999,Hirundo_rustica,1994,3,6,1,1,8.62,45.43
43,26Moller2003,Hirundo_rustica,1994,3,6,1,1,-6.98,38.83
44,105Neuman2007,Hirundo_rustica,2002,5,8,1,1,-76.5,42.35
45,184Smith1991,Hirundo_rustica,1989,5,8,1,1,-76.32,44.55
46,436Yamagishi1992,Lanius_bucephalus,1989,3,6,1,1,135.53,34.57
47,388Ležalová-Piálková2011,Larus_ridibundus,2004,4,5,1,1,17.08,48.92
48,411Lawless1997,Megascops_asio,1994,3,6,1,1,-84.12,37.62
49,132Major2004,Melospiza_melodia,2000,4,7,1,1,-63.68,44.75
50,137Currie1998,Oenanthe_oenanthe,1991,3,6,1,1,-4.78,52.77
51,371Quillfeldt2012,Pachyptila_belcheri,2006,12,1,1,1,-61.28,-51.72
52,444Lubjuhn1999,Parus_ater,1993,4,7,1,1,11,52.33
53,14Gullberg1992,Parus_caeruleus,1988,4,6,1,1,17.63,59.83
54,350Vedder2010,Parus_caeruleus,2008,4,6,1,1,6.58,53.13
55,466García-Navas2015,Parus_major,2012,4,6,1,1,-4.33,39.55
56,14Gullberg1992,Parus_major,1998,4,6,1,1,17.67,59.83
57,445Lubjuhn2007,Parus_major,1993,4,6,1,1,11.02,52.37
58,240Otter2001,Parus_major,1998,4,6,1,1,12.57,55.67
59,474Winkel2001,Parus_major,1998,4,6,1,1,10.32,52.15
60,146Garcia-Del-Rey2012,Parus_teneriffae,2009,4,7,1,1,16.38,28.42
61,357Cordero1999,Passer_domesticus,1994,3,5,1,1,-0.95,53.07
62,357Cordero1999,Passer_domesticus,1995,4,5,1,1,2.15,41.38
63,421 Lorentsen2000,Thalassoica_antarctica,1993,1,2,1,1,5.17,-71.88
64,242Berthier2012,Upupa_epops,2004,4,8,1,1,7.67,46.33
65,321Martín-Vivaldi2002,Upupa_epops,1995,2,6,1,1,-3,37
66,418Harper2010,Vermivora_chrysoptera,2005,4,7,1,1,-76.32,44.57
67,61Carvalho2006,Volatinia_jacarina,1999,11,3,1,1,-47.93,-15.95
68,71Eikenaar2013,Zonotrichia_capensis,2006,10,1,1,1,-78.15,-0.35
69,71Eikenaar2013,Zonotrichia_capensis,2009,1,12,1,1,-77.92,-0.12
70,263Schulze-Hagen1993,Acrocephalus_paludicola,1990,6,7,1,1,23,53.48
71,138Richardson2001,Acrocephalus_sechellensis,1999,5,9,1,1,55.65,-4.32
72,299de L. Brooke1995,Acrocephalus_vaughani,1991,9,12,1,1,-128.32,-24.38
73,222Martinez 1998,Clamator_glandarius,1993,3,6,1,1,-3.05,37.18
74,35Alderson1999,Molothrus_ater,1994,5,7,1,1,-98.38,50.18
75,230Martínez2013,Myiopsitta_monachus,2000,11,12,1,1,-62.82,-31.67
76,216Dale1999,Phalaropus_fulicarius,1993,6,7,1,1,81.82,69.4
77,280Heer1996,Prunella_collaris,1993,5,7,1,1,7.63,46.2
78,100Kimwele2002,Struthio_camelus,1998,7,12,1,1,36.8,-1.4
79,128Green2002,Acanthiza_pusilla,1995,7,12,1,1,149.1,-35.27
80,128Green2002,Acanthiza_pusilla,1996,7,12,1,1,149.1,-35.27
81,128Green2002,Acanthiza_pusilla,1997,7,12,1,1,149.1,-35.27
82,389Rosenfield2015,Accipiter_cooperii,2003,2,4,1,1,-90.05,44.97
83,389Rosenfield2015,Accipiter_cooperii,2004,2,4,1,1,-90.05,44.97
84,389Rosenfield2015,Accipiter_cooperii,2007,2,4,1,1,-90.05,44.97
85,52Leisler2000,Acrocephalus_arundinaceus,1992,5,7,1,1,10.85,49.67
86,52Leisler2000,Acrocephalus_arundinaceus,1994,5,7,1,1,10.85,49.67
87,52Leisler2000,Acrocephalus_arundinaceus,1995,5,7,1,1,10.85,49.67
88,52Leisler2000,Acrocephalus_arundinaceus,1996,5,7,1,1,10.85,49.67
89,52Leisler2000,Acrocephalus_arundinaceus,1997,5,7,1,1,10.85,49.67
90,36Arlt2004,Acrocephalus_arundinaceus,1994,5,7,1,1,15.25,59.1
91,36Arlt2004,Acrocephalus_arundinaceus,1995,5,7,1,1,15.25,59.1
92,36Arlt2004,Acrocephalus_arundinaceus,1996,5,7,1,1,15.25,59.1
93,36Arlt2004,Acrocephalus_arundinaceus,1997,5,7,1,1,15.25,59.1
94,36Arlt2004,Acrocephalus_arundinaceus,1998,5,7,1,1,15.25,59.1
95,20Langefors1998,Acrocephalus_schoenobaenus,1990,5,7,1,1,15.42,59.17
96,20Langefors1998,Acrocephalus_schoenobaenus,1991,5,7,1,1,15.42,59.17
97,20Langefors1998,Acrocephalus_schoenobaenus,1992,5,7,1,1,15.42,59.17
98,380Marshall2007,Acrocephalus_schoenobaenus,1993,5,7,1,1,-0.55,51.45
99,380Marshall2007,Acrocephalus_schoenobaenus,1994,5,7,1,1,-0.55,51.45
100,380Marshall2007,Acrocephalus_schoenobaenus,1995,5,7,1,1,-0.55,51.45
101,380Marshall2007,Acrocephalus_schoenobaenus,1996,5,7,1,1,-0.55,51.45
102,380Marshall2007,Acrocephalus_schoenobaenus,1997,5,7,1,1,-0.55,51.45
103,380Marshall2007,Acrocephalus_schoenobaenus,1998,5,7,1,1,-0.55,51.45
104,25Mee2004,Actitis_hypoleucos,1998,4,6,1,1,-3.02,54.75
105,25Mee2004,Actitis_hypoleucos,1999,4,6,1,1,-3.02,54.75
106,237Hutchinson2007,Alauda_arvensis,1997,4,7,1,1,-4.63,51.17
107,237Hutchinson2007,Alauda_arvensis,1998,4,7,1,1,-4.63,51.17
108,237Hutchinson2007,Alauda_arvensis,1999,4,7,1,1,-4.63,51.17
109,237Hutchinson2007,Alauda_arvensis,2000,4,7,1,1,-4.63,51.17
110,10Casey2011,Bartramia_longicauda,2003,5,6,1,1,-96.58,39.08
111,10Casey2011,Bartramia_longicauda,2004,5,6,1,1,-96.58,39.08
112,10Casey2011,Bartramia_longicauda,2005,5,6,1,1,-96.58,39.08
113,10Casey2011,Bartramia_longicauda,2006,5,6,1,1,-96.58,39.08
114,10Casey2011,Bartramia_longicauda,2007,5,6,1,1,-96.58,39.08
115,209Moore2012,Branta_canadensis,2000,3,6,1,1,-84,43
116,209Moore2012,Branta_canadensis,2001,3,6,1,1,-84,43
117,209Moore2012,Branta_canadensis,2002,3,6,1,1,-84,43
118,254Larsson1995,Branta_leucopsis,1989,5,7,1,1,18.75,57.28
119,254Larsson1995,Branta_leucopsis,1990,5,7,1,1,18.75,57.28
120,254Larsson1995,Branta_leucopsis,1991,5,7,1,1,18.75,57.28
121,229Reneerkens2014,Calidris_alba,2003,5,7,1,1,-21,74.5
122,229Reneerkens2014,Calidris_alba,2007,5,7,1,1,-21,74.5
123,229Reneerkens2014,Calidris_alba,2008,5,7,1,1,-21,74.5
124,229Reneerkens2014,Calidris_alba,2009,5,7,1,1,-21,74.5
125,229Reneerkens2014,Calidris_alba,2010,5,7,1,1,-21,74.5
126,229Reneerkens2014,Calidris_alba,2011,5,7,1,1,-21,74.5
127,213Bried2010,Calonectris_diomedea,2002,3,10,1,1,-25.17,36.92
128,213Bried2010,Calonectris_diomedea,2003,3,10,1,1,-25.17,36.92
129,212Bonlokke-Pedersen2002,Carduelis_cannabina,1998,4,8,1,1,10.83,56.5
130,212Bonlokke-Pedersen2002,Carduelis_cannabina,1999,4,8,1,1,10.83,56.5
131,479Zharikov2000,Charadrius_semipalmatus,1996,6,7,1,1,-95.07,58.75
132,479Zharikov2000,Charadrius_semipalmatus,1997,6,7,1,1,-95.07,58.75
133,34Sánchez-Tójar2015,Coracias_garrulus,2007,5,7,1,1,-3.18,37.3
134,34Sánchez-Tójar2015,Coracias_garrulus,2008,5,7,1,1,-3.18,37.3
135,34Sánchez-Tójar2015,Coracias_garrulus,2009,5,7,1,1,-3.18,37.3
136,34Sánchez-Tójar2015,Coracias_garrulus,2010,5,7,1,1,-3.18,37.3
137,34Sánchez-Tójar2015,Coracias_garrulus,2011,5,7,1,1,-3.18,37.3
138,260Overeem2014,Cyanocitta_stelleri,2006,3,8,1,1,-124,40.98
139,260Overeem2014,Cyanocitta_stelleri,2007,3,8,1,1,-124,40.98
140,260Overeem2014,Cyanocitta_stelleri,2008,3,8,1,1,-124,40.98
141,218Masello2002,Cyanoliseus_patagonus,1998,10,2,1,1,-62.8,-41.05
142,218Masello2002,Cyanoliseus_patagonus,1999,10,2,1,1,-62.8,-41.05
143,249Kraaijeveld2004,Cygnus_atratus,1999,7,11,1,1,14.82,-37.55
144,249Kraaijeveld2004,Cygnus_atratus,2000,7,11,1,1,14.82,-37.55
145,249Kraaijeveld2004,Cygnus_atratus,2001,7,11,1,1,14.82,-37.55
146,325Webster2001,Dendroica_caerulescens,1995,5,8,1,1,-71.75,43.93
147,325Webster2001,Dendroica_caerulescens,1996,5,8,1,1,-71.75,43.93
148,325Webster2001,Dendroica_caerulescens,1997,5,8,1,1,-71.75,43.93
149,325Webster2001,Dendroica_caerulescens,1998,5,8,1,1,-71.75,43.93
150,180Chuang1999,Dendroica_caerulescens,1995,5,8,1,1,-71.75,43.93
151,180Chuang1999,Dendroica_caerulescens,1996,5,8,1,1,-71.75,43.93
152,447Burg2006,Diomedea_exulans,1998,12,5,1,1,-38,-54
153,447Burg2006,Diomedea_exulans,1999,12,5,1,1,-38,-54
154,302 Jones2012,Diomedea_exulans,2007,11,10,1,1,37.68,-46.87
155,302 Jones2012,Diomedea_exulans,2008,11,10,1,1,37.68,-46.87
156,302 Jones2012,Diomedea_exulans,2009,11,10,1,1,37.68,-46.87
157,441Ryder2012,Dumetella_carolinensis,2008,5,8,1,1,-76,39
158,441Ryder2012,Dumetella_carolinensis,2009,5,8,1,1,-76,39
159,255Bouwman2006,Emberiza_schoeniclus,2002,2,7,1,1,4.75,51.75
160,255Bouwman2006,Emberiza_schoeniclus,2003,2,7,1,1,4.75,51.75
161,88Mayer2013,Emberiza_schoeniclus,2002,3,8,1,1,8,47
162,88Mayer2013,Emberiza_schoeniclus,2003,3,8,1,1,8,47
163,88Mayer2013,Emberiza_schoeniclus,2004,3,8,1,1,8,47
164,88Mayer2013,Emberiza_schoeniclus,2005,3,8,1,1,8,47
165,450Pearson2006,Empidonax_traillii,1997,5,8,1,1,-118.03,35.65
166,450Pearson2006,Empidonax_traillii,1998,5,8,1,1,-118.03,35.65
167,450Pearson2006,Empidonax_traillii,1999,5,8,1,1,-118.03,35.65
168,450Pearson2006,Empidonax_traillii,2000,5,8,1,1,-118.03,35.65
169,450Pearson2006,Empidonax_traillii,2001,5,8,1,1,-118.03,35.65
170,450Pearson2006,Empidonax_traillii,2002,5,8,1,1,-118.03,35.65
171,42Woolfenden2005,Empidonax_virescens,1997,5,7,1,1,-79.93,41.77
172,42Woolfenden2005,Empidonax_virescens,2000,5,7,1,1,-79.93,41.77
173,42Woolfenden2005,Empidonax_virescens,2001,5,7,1,1,-79.93,41.77
174,42Woolfenden2005,Empidonax_virescens,2002,5,7,1,1,-79.93,41.77
175,353Bolton2017,Erythrura_gouldiae,2008,2,8,1,1,128,-15.57
176,353Bolton2017,Erythrura_gouldiae,2009,2,8,1,1,128,-15.57
177,150Korpimäki1996,Falco_tinnunculus,1990,4,7,1,1,22.83,62.98
178,150Korpimäki1996,Falco_tinnunculus,1991,4,7,1,1,22.83,62.98
179,150Korpimäki1996,Falco_tinnunculus,1992,4,7,1,1,22.83,62.98
180,457Wilk2008,Ficedula_albicollis,2003,4,6,1,1,20.4,50.1
181,457Wilk2008,Ficedula_albicollis,2004,4,7,1,1,20.4,50.1
182,457Wilk2008,Ficedula_albicollis,2005,4,7,1,1,20.4,50.1
183,457Wilk2008,Ficedula_albicollis,2006,4,7,1,1,20.4,50.1
184,446Lubjuhn2000,Ficedula_hypoleuca,1993,4,6,1,1,7.25,52.45
185,446Lubjuhn2000,Ficedula_hypoleuca,1995,4,6,1,1,7.25,52.45
186,446Lubjuhn2000,Ficedula_hypoleuca,1996,4,6,1,1,7.25,52.45
187,117Canal2012,Ficedula_hypoleuca,2005,4,6,1,1,-3.45,41.07
188,117Canal2012,Ficedula_hypoleuca,2006,4,6,1,1,-3.45,41.07
189,363Lehtonen2009,Ficedula_hypoleuca,2005,5,7,1,1,22.17,60.42
190,363Lehtonen2009,Ficedula_hypoleuca,2006,5,7,1,1,22.17,60.42
191,373Grant2011,Geospiza_fortis,1987,1,4,1,1,-90.37,-0.42
192,373Grant2011,Geospiza_fortis,1991,1,4,1,1,-90.37,-0.42
193,72Eikenaar2011,Hirundo_rustica,2009,4,8,1,1,-80.42,37.22
194,72Eikenaar2011,Hirundo_rustica,2010,4,8,1,1,-80.42,37.22
195,305Hasegawa2010,Hirundo_rustica,2005,4,8,1,1,138.02,37.12
196,305Hasegawa2010,Hirundo_rustica,2006,4,8,1,1,138.02,37.12
197,472 Kojima2009,Hirundo_rustica,2006,4,8,1,1,139.88,35.22
198,472 Kojima2009,Hirundo_rustica,2007,4,8,1,1,139.88,35.22
199,315Evans2008,Hylocichla_mustelina,2002,5,7,1,1,-79.93,41.77
200,315Evans2008,Hylocichla_mustelina,2003,5,7,1,1,-79.93,41.77
201,315Evans2008,Hylocichla_mustelina,2004,5,7,1,1,-79.93,41.77
202,138Richardson1999,Icterus_galbula,1994,3,6,1,1,-121.55,36.37
203,138Richardson1999,Icterus_galbula,1995,3,6,1,1,-121.55,36.37
204,330Wink2011,Jynx_torquilla,2003,5,7,1,1,11,51.9
205,330Wink2011,Jynx_torquilla,2004,5,7,1,1,11,51.9
206,330Wink2011,Jynx_torquilla,2005,5,7,1,1,11,51.9
207,228Freeland1995,Lagopus_lagopus,1987,6,7,1,1,-136.33,59.83
208,228Freeland1995,Lagopus_lagopus,1988,6,7,1,1,-136.33,59.83
209,228Freeland1995,Lagopus_lagopus,1989,6,7,1,1,-136.33,59.83
210,228Freeland1995,Lagopus_lagopus,1992,6,7,1,1,-136.33,59.83
211,136Benson2002,Lagopus_leucura,1996,5,9,1,1,-113.72,48.68
212,136Benson2002,Lagopus_leucura,1997,5,9,1,1,-113.72,48.68
213,136Benson2002,Lagopus_leucura,1998,5,9,1,1,-113.72,48.68
214,225Neto2010,Locustella_luscinioides,2002,3,7,1,1,-8.68,40.63
215,225Neto2010,Locustella_luscinioides,2003,3,7,1,1,-8.68,40.63
216,225Neto2010,Locustella_luscinioides,2005,3,7,1,1,-8.68,40.63
217,225Neto2010,Locustella_luscinioides,2006,3,7,1,1,-8.68,40.63
218,225Neto2010,Locustella_luscinioides,2007,3,7,1,1,-8.68,40.63
219,225Neto2010,Locustella_luscinioides,2008,3,7,1,1,-8.68,40.63
220,17Johnsen2003,Luscinia_svecica,1991,5,7,1,1,8.87,62.42
221,17Johnsen2003,Luscinia_svecica,1992,5,7,1,1,8.87,62.42
222,17Johnsen2003,Luscinia_svecica,1993,5,7,1,1,8.87,62.42
223,17Johnsen2003,Luscinia_svecica,1994,5,7,1,1,8.87,62.42
224,17Johnsen2003,Luscinia_svecica,1995,5,7,1,1,8.87,62.42
225,17Johnsen2003,Luscinia_svecica,1996,5,7,1,1,8.87,62.42
226,17Johnsen2003,Luscinia_svecica,1997,5,7,1,1,8.87,62.42
227,17Johnsen2003,Luscinia_svecica,1998,5,7,1,1,8.87,62.42
228,17Johnsen2003,Luscinia_svecica,1999,5,7,1,1,8.87,62.42
229,17Johnsen2003,Luscinia_svecica,2000,5,7,1,1,8.87,62.42
230,351Brekke2013,Notiomystis_cincta,2004,9,2,1,1,174.88,-36.6
231,351Brekke2013,Notiomystis_cincta,2005,9,2,1,1,174.88,-36.6
232,351Brekke2013,Notiomystis_cincta,2006,9,2,1,1,174.88,-36.6
233,351Brekke2013,Notiomystis_cincta,2007,9,2,1,1,174.88,-36.6
234,351Brekke2013,Notiomystis_cincta,2008,9,2,1,1,174.88,-36.6
235,351Brekke2013,Notiomystis_cincta,2009,9,2,1,1,174.88,-36.6
236,351Brekke2013,Notiomystis_cincta,2010,9,2,1,1,174.88,-36.6
237,131Kudernatsch2010,Oenanthe_oenanthe,2005,4,9,1,1,8.17,49.5
238,131Kudernatsch2010,Oenanthe_oenanthe,2006,4,9,1,1,8.17,49.5
239,239Lee2009,Paradoxornis_webbianus,2005,4,8,1,1,127.03,37.53
240,239Lee2009,Paradoxornis_webbianus,2006,4,8,1,1,127.03,37.53
241,463Dietrich2004,Parus_ater,2000,4,7,1,1,7.25,52.45
242,463Dietrich2004,Parus_ater,2001,4,7,1,1,7.25,52.45
243,463Dietrich2004,Parus_ater,2002,4,7,1,1,7.25,52.45
244,4Charmantier2003,Parus_caeruleus,2000,5,7,1,1,8.77,42.52
245,4Charmantier2003,Parus_caeruleus,2001,5,7,1,1,8.77,42.52
246,4Charmantier2003,Parus_caeruleus,2000,4,6,1,1,3.67,43.66
247,4Charmantier2003,Parus_caeruleus,2001,4,6,1,1,3.67,43.66
248,50Kempenaers1997,Parus_caeruleus,1990,3,6,1,1,4.47,51.25
249,50Kempenaers1997,Parus_caeruleus,1991,3,6,1,1,4.47,51.25
250,50Kempenaers1997,Parus_caeruleus,1992,3,6,1,1,4.47,51.25
251,50Kempenaers1997,Parus_caeruleus,1993,3,6,1,1,4.47,51.25
252,76Krokene1998,Parus_caeruleus,1992,4,7,1,1,9.6,58.87
253,76Krokene1998,Parus_caeruleus,1993,4,7,1,1,9.6,58.87
254,76Krokene1998,Parus_caeruleus,1994,4,7,1,1,9.6,58.87
255,256Kawano2009,Parus_major,1999,,,0,0,130.03,33.52
256,256Kawano2009,Parus_major,2000,,,0,0,130.03,33.52
257,76Krokene1998,Parus_major,1992,4,7,1,1,9.6,58.87
258,76Krokene1998,Parus_major,1993,4,7,1,1,9.6,58.87
259,76Krokene1998,Parus_major,1994,4,7,1,1,9.6,58.87
260,76Krokene1998,Parus_major,1995,4,7,1,1,9.6,58.87
261,433Strohbach1998,Parus_major,1993,3,6,1,1,7.65,51.42
262,433Strohbach1998,Parus_major,1994,3,6,1,1,7.65,51.42
263,458Yuta2016,Parus_major,2009,5,7,1,1,141.6,42.67
264,458Yuta2016,Parus_major,2010,5,7,1,1,141.6,42.67
265,231Yin2014,Parus_varius,2009,3,7,1,1,122.93,40.02
266,231Yin2014,Parus_varius,2010,3,7,1,1,122.93,40.02
267,231Yin2014,Parus_varius,2011,3,7,1,1,122.93,40.02
268,63Bichet2014,Passer_domesticus,2009,4,6,1,1,-2.87,47.33
269,63Bichet2014,Passer_domesticus,2010,4,6,1,1,-2.87,47.33
270,63Bichet2014,Passer_domesticus,2011,4,6,1,1,-2.87,47.33
271,406Griffith1999,Passer_domesticus,1995,4,7,1,1,-4,51
272,406Griffith1999,Passer_domesticus,1996,4,7,1,1,-4,51
273,406Griffith1999,Passer_domesticus,1995,3,8,1,1,-83.2,35.7
274,406Griffith1999,Passer_domesticus,1996,3,8,1,1,-83.2,35.7
275,464Ferretti2016,Tachycineta_meyeni,2006,10,1,1,1,-68.2,-54.73
276,464Ferretti2016,Tachycineta_meyeni,2007,10,1,1,1,-68.2,-54.73
277,464Ferretti2016,Tachycineta_meyeni,2008,10,1,1,1,-68.2,-54.73
278,464Ferretti2016,Tachycineta_meyeni,2009,10,1,1,1,-68.2,-54.73
279,405Griffith2010,Taeniopygia_guttata,2005,8,12,1,1,142.7,-31.08
280,405Griffith2010,Taeniopygia_guttata,2006,8,12,1,1,142.7,-31.08
281,405Griffith2010,Taeniopygia_guttata,2007,8,12,1,1,142.7,-31.08
282,447Burg2006,Thalassarche_chrysostoma,1998,10,10,1,1,-38,-54
283,447Burg2006,Thalassarche_chrysostoma,1999,10,10,1,1,-38,-54
284,447Burg2006,Thalassarche_melanophrys,1998,10,11,1,1,-38,-54
285,447Burg2006,Thalassarche_melanophrys,1999,10,11,1,1,-38,-54
286,157Cramer2011,Thryothorus_pleurostictus,2002,4,8,1,1,-85.5,10.67
287,157Cramer2011,Thryothorus_pleurostictus,2003,4,8,1,1,-85.5,10.67
288,157Cramer2011,Thryothorus_pleurostictus,2004,4,8,1,1,-85.5,10.67
289,157Cramer2011,Thryothorus_pleurostictus,2005,4,8,1,1,-85.5,10.67
290,47Stutchbury1998,Turdus_grayi,1994,1,3,1,1,-79.7,9.12
291,47Stutchbury1998,Turdus_grayi,1995,1,3,1,1,-79.7,9.12
292,140Roeder2016,Tyrannus_forficatus,2008,4,8,1,1,-98.48,34.77
293,140Roeder2016,Tyrannus_forficatus,2009,4,8,1,1,-98.48,34.77
294,140Roeder2016,Tyrannus_forficatus,2010,4,8,1,1,-98.48,34.77
295,140Roeder2016,Tyrannus_forficatus,2011,4,8,1,1,-98.48,34.77
296,1Dolan2000,Tyrannus_tyrannus,2002,5,8,1,1,-119,43
297,1Dolan2000,Tyrannus_tyrannus,2003,5,8,1,1,-119,43
298,1Dolan2000,Tyrannus_tyrannus,2004,5,8,1,1,-119,43
299,288Manica2016,Volatinia_jacarina,2008,10,2,1,1,-47.93,-15.93
300,288Manica2016,Volatinia_jacarina,2009,10,2,1,1,-47.93,-15.93
301,288Manica2016,Volatinia_jacarina,2010,10,2,1,1,-47.93,-15.93
302,143MacDougall-Shackleton2002,Zonotrichia_leucophrys,1997,5,8,1,1,-119.03,38.57
303,143MacDougall-Shackleton2002,Zonotrichia_leucophrys,1998,5,8,1,1,-119.03,38.57
304,143MacDougall-Shackleton2002,Zonotrichia_leucophrys,1999,5,8,1,1,-119.03,38.57
305,30Poesel2011,Zonotrichia_leucophrys,2005,3,6,1,1,-124.41,43.16
306,30Poesel2011,Zonotrichia_leucophrys,2006,3,6,1,1,-124.41,43.16
307,30Poesel2011,Zonotrichia_leucophrys,2007,3,6,1,1,-124.41,43.16
308,51Leisler2000,Acrocephalus_paludicola,1993,5,8,1,1,22.67,53.33
309,51Leisler2000,Acrocephalus_paludicola,1994,5,8,1,1,22.67,53.33
310,51Leisler2000,Acrocephalus_paludicola,1997,5,8,1,1,22.67,53.33
311,289Oring1992,Actitis_macularius,1990,5,7,1,1,-94.42,47.17
312,289Oring1992,Actitis_macularius,1991,5,7,1,1,-94.42,47.17
313,438Li2000,Aphelocoma_ultramarina,1991,3,6,1,1,-109.25,31.92
314,438Li2000,Aphelocoma_ultramarina,1992,3,6,1,1,-109.25,31.92
315,438Li2000,Aphelocoma_ultramarina,1993,3,6,1,1,-109.25,31.92
316,438Li2000,Aphelocoma_ultramarina,1994,3,6,1,1,-109.25,31.92
317,438Li2000,Aphelocoma_ultramarina,1995,3,6,1,1,-109.25,31.92
318,438Li2000,Aphelocoma_ultramarina,1996,3,6,1,1,-109.25,31.92
319,250Bird2013,Centrocercus_urophasianus,1999,3,6,1,1,-110.7,49.4
320,250Bird2013,Centrocercus_urophasianus,2000,3,6,1,1,-110.7,49.4
321,250Bird2013,Centrocercus_urophasianus,2001,3,6,1,1,-110.7,49.4
322,250Bird2013,Centrocercus_urophasianus,2002,3,6,1,1,-110.7,49.4
323,250Bird2013,Centrocercus_urophasianus,2003,3,6,1,1,-110.7,49.4
324,250Bird2013,Centrocercus_urophasianus,2004,3,6,1,1,-110.7,49.4
325,250Bird2013,Centrocercus_urophasianus,2005,3,6,1,1,-110.7,49.4
326,250Bird2013,Centrocercus_urophasianus,2006,3,6,1,1,-110.7,49.4
327,148DuVal2008,Chiroxiphia_lanceolata,2000,3,7,1,1,-82.2,8.2
328,148DuVal2008,Chiroxiphia_lanceolata,2001,3,7,1,1,-82.2,8.2
329,148DuVal2008,Chiroxiphia_lanceolata,2002,3,7,1,1,-82.2,8.2
330,148DuVal2008,Chiroxiphia_lanceolata,2003,3,7,1,1,-82.2,8.2
331,148DuVal2008,Chiroxiphia_lanceolata,2004,3,7,1,1,-82.2,8.2
332,148DuVal2008,Chiroxiphia_lanceolata,2005,3,7,1,1,-82.2,8.2
333,148DuVal2008,Chiroxiphia_lanceolata,2006,3,7,1,1,-82.2,8.2
334,238Hughes2003,Gymnorhina_tibicen,1996,7,2,1,1,115.98,-31.9
335,238Hughes2003,Gymnorhina_tibicen,1997,7,2,1,1,115.98,-31.9
336,238Hughes2003,Gymnorhina_tibicen,1998,7,2,1,1,115.98,-31.9
337,110Varian-Ramos2012,Malurus_melanocephalus,1998,10,2,1,1,125.75,-17.37
338,110Varian-Ramos2012,Malurus_melanocephalus,1999,10,2,1,1,125.75,-17.37
339,110Varian-Ramos2012,Malurus_melanocephalus,2000,10,2,1,1,125.75,-17.37
340,110Varian-Ramos2012,Malurus_melanocephalus,2003,10,2,1,1,125.75,-17.37
341,110Varian-Ramos2012,Malurus_melanocephalus,2004,10,2,1,1,125.75,-17.37
342,110Varian-Ramos2012,Malurus_melanocephalus,2005,10,2,1,1,125.75,-17.37
343,110Varian-Ramos2012,Malurus_melanocephalus,2006,10,2,1,1,125.75,-17.37
344,110Varian-Ramos2012,Malurus_melanocephalus,2007,10,2,1,1,125.75,-17.37
345,326Webster2004,Malurus_splendens,1992,10,12,1,1,139.03,-34.33
346,326Webster2004,Malurus_splendens,1993,10,12,1,1,139.03,-34.33
347,326Webster2004,Malurus_splendens,1995,10,12,1,1,139.03,-34.33
348,326Webster2004,Malurus_splendens,1996,10,12,1,1,139.03,-34.33
349,326Webster2004,Malurus_splendens,1997,10,12,1,1,139.03,-34.33
350,326Webster2004,Malurus_splendens,1998,10,12,1,1,139.03,-34.33
351,451Põldmaa1995,Manorina_melanocephala,1992,7,11,1,1,152.55,-27.33
352,451Põldmaa1995,Manorina_melanocephala,1993,7,11,1,1,152.55,-27.33
353,113Lank2002,Philomachus_pugnax,1987,5,6,1,1,25.33,60.83
354,113Lank2002,Philomachus_pugnax,1989,5,6,1,1,25.33,60.83
355,113Lank2002,Philomachus_pugnax,1990,5,6,1,1,25.33,60.83
356,2Jacobs2015,Sialia_mexicana,2010,5,8,1,1,-106.03,35.88
357,2Jacobs2015,Sialia_mexicana,2011,5,8,1,1,-106.03,35.88
358,2Jacobs2015,Sialia_mexicana,2012,5,8,1,1,-106.03,35.88
359,377Lanctot1997,Tryngites_subruficollis,1993,6,8,1,1,-148.25,70.2
360,377Lanctot1997,Tryngites_subruficollis,1994,6,8,1,1,-148.25,70.2
361,326Webster2004,Malurus_splendens,1992,10,12,1,1,139.5,-34.35
362,326Webster2004,Malurus_splendens,1993,10,12,1,1,139.5,-34.35
363,326Webster2004,Malurus_splendens,1995,10,12,1,1,139.5,-34.35
364,326Webster2004,Malurus_splendens,1996,10,12,1,1,139.5,-34.35
365,326Webster2004,Malurus_splendens,1997,10,12,1,1,139.5,-34.35
366,326Webster2004,Malurus_splendens,1998,10,12,1,1,139.5,-34.35
367,475Wrege1987,Melanerpes_formicivorus,1982,10,12,1,1,36.08,-0.37
368,475Wrege1987,Melanerpes_formicivorus,1983,10,12,1,1,36.08,-0.37
369,475Wrege1987,Melanerpes_formicivorus,1984,10,12,1,1,36.08,-0.37
370,178Gavin1998,Accipiter_gentilis,1991,4,8,1,1,-112.22,36.71
371,178Gavin1998,Accipiter_gentilis,1992,4,8,1,1,-112.22,36.71
372,178Gavin1998,Accipiter_gentilis,1993,4,8,1,1,-112.22,36.71
373,206Stewart2006,Passer_domesticus,1995,3,,1,0,-83,35
374,206Stewart2006,Passer_domesticus,1996,3,,1,0,-83,35
375,205Stewart2015,Passer_domesticus,2004,5,8,1,1,-83,35
376,395Václav2007,Passer_domesticus,2000,,,0,0,16.3,48.17
377,394Vaclav2003,Passer_domesticus,1999,3,7,1,1,16.3,48.17
378,227Veiga2000,Passer_domesticus,1995,,,0,0,-4,40.63
379,224Wetton1991,Passer_domesticus,1985,3,,1,0,-0.95,53.07
380,224Wetton1991,Passer_domesticus,1986,3,,1,0,-0.95,53.07
381,224Wetton1991,Passer_domesticus,1987,3,,1,0,-0.95,53.07
382,224Wetton1991,Passer_domesticus,1988,3,,1,0,-0.95,53.07
383,224Wetton1991,Passer_domesticus,1989,3,,1,0,-0.95,53.07
384,391Whitekiller2000,Passer_domesticus,1994,3,8,1,1,-97.43,35.2
385,391Whitekiller2000,Passer_domesticus,1995,3,8,1,1,-97.43,35.2
386,391Whitekiller2000,Passer_domesticus,1996,3,8,1,1,-97.43,35.2
387,177Seress2007,Passer_montanus,2006,3,8,1,1,20.13,46.25
388,104Freeman-Gallant2005,Passerculus_sandwichensis,2002,,,0,0,-66.77,44.58
389,104Freeman-Gallant2005,Passerculus_sandwichensis,2003,,,0,0,-66.77,44.58
390,120Westneat1990,Passerina_cyanea,1986,5,8,1,1,-79.02,35.88
391,432Taylor2008,Petroica_australis,2001,,,0,0,168,-47
392,432Taylor2008,Petroica_australis,2002,,,0,0,168,-47
393,432Taylor2008,Petroica_australis,2003,,,0,0,168,-47
394,432Taylor2008,Petroica_australis,2004,,,0,0,168,-47
395,432Taylor2008,Petroica_australis,2004,,,0,0,168,-45
396,432Taylor2008,Petroica_australis,2002,,,0,0,119.6,-34.37
397,432Taylor2008,Petroica_australis,2003,,,0,0,119.6,-34.37
398,432Taylor2008,Petroica_australis,2004,,,0,0,119.6,-34.37
399,224Graves1992,Phalacrocorax_aristotelis,1987,,,0,0,-2.57,56.18
400,432Taylor2008,Philesturnus_carunculatus,2001,9,2,1,1,168.1,-46.9
401,432Taylor2008,Philesturnus_carunculatus,2002,9,2,1,1,168.1,-46.9
402,432Taylor2008,Philesturnus_carunculatus,2003,9,2,1,1,168.1,-46.9
403,432Taylor2008,Philesturnus_carunculatus,2004,9,2,1,1,168.1,-46.9
404,432Taylor2008,Philesturnus_carunculatus,2005,9,2,1,1,168.1,-46.9
405,432Taylor2008,Philesturnus_carunculatus,2006,9,2,1,1,168.1,-46.9
406,259Huyvaert2000,Phoebastria_irrorata,1996,4,,1,0,-89.62,-1.38
407,259Huyvaert2006,Phoebastria_irrorata,2000,3,,1,0,-89.62,-1.38
408,259Huyvaert2006,Phoebastria_irrorata,2001,3,,1,0,-89.62,-1.38
409,259Huyvaert2006,Phoebastria_irrorata,2002,3,,1,0,-89.62,-1.38
410,346Kleven2007,Phoenicurus_phoenicurus,2002,5,6,1,1,11.8,62.47
411,346Kleven2007,Phoenicurus_phoenicurus,2006,5,6,1,1,11.8,62.47
412,168Bjornstad1997,Phylloscopus_trochilus,1993,5,7,1,1,8.87,61.42
413,18Fridolfsson1997,Phylloscopus_trochilus,1992,4,,1,0,18.12,56.92
414,18Fridolfsson1997,Phylloscopus_trochilus,1993,4,,1,0,18.12,56.92
415,404Smith2016,Pipilo_maculatus,2004,,,0,0,-122.68,45.5
416,404Smith2016,Pipilo_maculatus,2005,,,0,0,-122.68,45.5
417,404Smith2016,Pipilo_maculatus,2006,,,0,0,-122.68,45.5
418,262Hoset2014,Plectrophenax_nivalis,1999,4,,1,0,15.63,78.22
419,262Hoset2014,Plectrophenax_nivalis,2000,4,,1,0,15.63,78.22
420,262Hoset2014,Plectrophenax_nivalis,2001,4,,1,0,15.63,78.22
421,262Hoset2014,Plectrophenax_nivalis,2002,4,,1,0,15.63,78.22
422,262Hoset2014,Plectrophenax_nivalis,2003,4,,1,0,15.63,78.22
423,437Yezerinac2013,Pluvialis_dominica,2004,6,7,1,1,-156.8,71.29
424,437Yezerinac2013,Pluvialis_dominica,2005,6,7,1,1,-156.8,71.29
425,437Yezerinac2013,Pluvialis_dominica,2006,6,7,1,1,-156.8,71.29
426,437Yezerinac2013,Pluvialis_dominica,2007,6,7,1,1,-156.8,71.29
427,437Yezerinac2013,Pluvialis_dominica,2008,6,7,1,1,-156.8,71.29
428,437Yezerinac2013,Pluvialis_dominica,2009,6,7,1,1,-156.8,71.29
429,156van Rooij2016,Poephila_acuticauda,2008,3,9,1,1,128,-15.55
430,156van Rooij2016,Poephila_acuticauda,2009,3,9,1,1,128,-15.55
431,156van Rooij2016,Poephila_acuticauda,2010,3,9,1,1,128,-15.55
432,319Lettink2002,Porphyrio_hochstetteri,1998,,,0,0,,
433,28Pilastro2001,Pygoscelis_adeliae,1998,11,1,1,1,165.13,-74.35
434,244Moreno2000,Pygoscelis_antarcticus,1998,,,0,0,-60.67,-63
435,298Dallimer2007,Quelea_quelea,1998,,,0,0,31.92,-21.08
436,7Ball 2017,Remiz_coronatus,2008,,,0,0,70.48,42.42
437,228Hoffman2010,Rhipidura_fuliginosa,2002,9,2,1,1,149.28,-35.45
438,228Hoffman2010,Rhipidura_fuliginosa,2003,9,2,1,1,149.28,-35.45
439,228Hoffman2010,Rhipidura_fuliginosa,2004,9,2,1,1,149.28,-35.45
440,211Augustin2007,Riparia_riparia,2002,5,6,1,1,21.08,48.3
441,360Kappes2009,Setophaga_ruticilla,2002,5,7,1,1,-79.93,41.77
442,360Kappes2009,Setophaga_ruticilla,2003,5,7,1,1,-79.93,41.77
443,428Perreault1997,Setophaga_ruticilla,1987,5,7,1,1,-67.03,45.07
444,428Perreault1997,Setophaga_ruticilla,1988,5,7,1,1,-67.03,45.07
445,428Perreault1997,Setophaga_ruticilla,1989,5,7,1,1,-67.03,45.07
446,310Schwartz1999,Spheniscus_humboldti,1995,3,12,1,1,-75.2,-15.37
447,127Dlehanty1998,Steganopus_tricolor,1990,,,0,0,-105.17,51.45
448,223Gonzalez-Solis2001,Sterna_hirundo,1999,4,6,1,1,8.08,53.52
449,467Saladin2007,Strix_aluco,2004,1,,1,0,6,46
450,358Cordero2003,Sturnus_unicolor,1996,4,,1,0,-4,40.5
451,358Cordero2003,Sturnus_unicolor,1997,4,,1,0,-4,40.5
452,22Loyau2005,Sturnus_vulgaris,2001,,,0,0,6.57,46.52
453,22Loyau2005,Sturnus_vulgaris,2002,,,0,0,6.57,46.52
454,390Pinxten1993,Sturnus_vulgaris,1988,,,0,0,4.67,51.22
455,390Pinxten1993,Sturnus_vulgaris,1989,,,0,0,4.67,51.22
456,126Anderson2006,Sula_granti,1990,,,0,0,-89.67,-1.33
457,12Ramos2014,Sula_nebouxii,2011,2,5,1,1,-105.9,21.87
458,352Baião2009,Sula_sula,2005,,,0,0,-89.67,-1.33
459,347Moore1999,Tachycineta_albilinea,1996,1,7,1,1,-79.85,9.17
460,58Barber1998,Tachycineta_bicolor,1993,4,,1,0,-76.32,44.57
461,59Barber1996,Tachycineta_bicolor,1992,6,6,1,1,-76.2,44.7
462,59Barber1996,Tachycineta_bicolor,1992,6,6,1,1,-76.2,44.7
463,59Barber1996,Tachycineta_bicolor,1990,,,0,0,-76.2,44.7
464,59Barber1996,Tachycineta_bicolor,1991,,,0,0,-76.2,44.7
465,244Conrad2001,Tachycineta_bicolor,1993,5,7,1,1,-66.77,44.58
466,243Delmore2008,Tachycineta_bicolor,2006,,,0,0,-76.32,44.57
467,21Lessard2014,Tachycineta_bicolor,2007,,,0,0,-74,45
468,21Lessard2014,Tachycineta_bicolor,2008,,,0,0,-74,45
469,21Lessard2014,Tachycineta_bicolor,2009,,,0,0,-74,45
470,21Lessard2014,Tachycineta_bicolor,2010,,,0,0,-74,45
471,375Bitton2007,Tachycineta_bicolor,2004,5,,1,0,-123,53
472,644Johnson2018,Malurus_lamberti,2012,9,12,1,1,139.4833,-34.35
473,644Johnson2018,Malurus_lamberti,2013,9,12,1,1,139.4833,-34.35
474,644Johnson2018,Malurus_lamberti,2014,9,12,1,1,139.4833,-34.35
475,644Johnson2018,Malurus_lamberti,2015,9,12,1,1,139.4833,-34.35
476,645Celis2012,Malurus_lamberti,2004,3,7,1,1,-3.7833,40.75
477,645Celis2012,Sturnus_unicolor,2005,3,7,1,1,-3.7833,40.75
478,645Celis2012,Sturnus_unicolor,2006,3,7,1,1,-3.7833,40.75
479,648Roeder2019,Tyrannus_forficatus,2008,4,8,1,1,-98.67,34.74
480,648Roeder2019,Tyrannus_forficatus,2009,4,8,1,1,-98.67,34.74
481,648Roeder2019,Tyrannus_forficatus,2010,4,8,1,1,-98.67,34.74
482,648Roeder2019,Tyrannus_forficatus,2011,4,8,1,1,-98.67,34.74
483,648Roeder2019,Tyrannus_forficatus,2012,4,8,1,1,-98.67,34.74
484,648Roeder2019,Tyrannus_forficatus,2013,4,8,1,1,-98.67,34.74
485,648Roeder2019,Tyrannus_forficatus,2014,4,8,1,1,-98.67,34.74
486,652Sætre2018,Luscinia_svecica,2013,5,8,1,1,8.8667,61.4167
487,652Sætre2018,Luscinia_svecica,2014,5,8,1,1,8.8667,61.4167
488,652Sætre2018,Luscinia_svecica,2015,5,8,1,1,8.8667,61.4167
489,507Roeder2022,Tyrannus_forficatus,2009,4,8,1,1,-98.5833,34.75
490,507Roeder2022,Tyrannus_forficatus,2010,4,8,1,1,-98.5833,34.75
491,507Roeder2022,Tyrannus_forficatus,2011,4,8,1,1,-98.5833,34.75
492,507Roeder2022,Tyrannus_forficatus,2012,4,8,1,1,-98.5833,34.75
493,507Roeder2022,Tyrannus_forficatus,2013,4,8,1,1,-98.5833,34.75
494,507Roeder2022,Tyrannus_forficatus,2014,4,8,1,1,-98.5833,34.75
495,587Badás2020,Cyanistes_caeruleus,2013,4,6,1,1,-4.0167,40.9
496,666Danner2018,Grasshopper_Sparrows,2005,4,9,1,1,-75.9819,39.2311
497,666Danner2018,Grasshopper_Sparrows,2006,4,9,1,1,-75.9819,39.2311
498,666Danner2018,Grasshopper_Sparrows,2007,4,9,1,1,-75.9819,39.2311
499,666Danner2018,Grasshopper_Sparrows,2008,4,9,1,1,-75.9819,39.2311
500,666Danner2018,Grasshopper_Sparrows,2009,4,9,1,1,-75.9819,39.2311
501,654Ferretti2019,Tachycineta_albilinea,2003,3,6,0,0,,
502,655Arct2024,Cyanistes_caeruleus,2009,4,6,1,1,18.2833,57.05
503,655Arct2024,Cyanistes_caeruleus,2010,4,6,1,1,18.2833,57.05
504,655Arct2024,Cyanistes_caeruleus,2011,4,6,1,1,18.2833,57.05
505,655Arct2024,Cyanistes_caeruleus,2012,4,6,1,1,18.2833,57.05
506,655Arct2024,Cyanistes_caeruleus,2013,4,6,1,1,18.2833,57.05
507,655Arct2024,Cyanistes_caeruleus,2014,4,6,1,1,18.2833,57.05
508,655Arct2024,Cyanistes_caeruleus,2015,4,6,1,1,18.2833,57.05
509,655Arct2024,Cyanistes_caeruleus,2016,4,6,1,1,18.2833,57.05
510,672Grinkov2022,Ficedula_hypoleuca,2005,4,6,1,1,84.9333,56.35
511,673Stermin2026,Rallus_aquaticus,2012,5,5,1,1,23.91,46.91
512,674Mino2017,Bubulcus_ibis,2011,10,12,1,1,-22.5,61.3
513,675Dawson2025,Myiopsitta_monachus,2017,4,7,1,1,2.17,41.39
514,675Dawson2025,Myiopsitta_monachus,2018,4,7,1,1,2.17,41.39
515,678Beck2020,Cyanistes_caeruleus,2018,3,6,1,1,10.8833,48.1333
516,489Barber2025,Sturnus_vulgaris,2007,4,7,1,1,-63.5667,44.6167
517,489Barber2025,Sturnus_vulgaris,2008,4,7,1,1,-63.5667,44.6167
518,489Barber2025,Sturnus_vulgaris,2009,4,7,1,1,-63.5667,44.6167
519,489Barber2025,Sturnus_vulgaris,2011,4,7,1,1,-63.5667,44.6167
520,493Hałupka2024,Acrocephalus_scirpaceus,2006,5,8,1,1,51.5333,21.6
521,493Hałupka2024,Acrocephalus_scirpaceus,2007,5,8,1,1,51.5333,21.6
522,493Hałupka2024,Acrocephalus_scirpaceus,2008,5,8,1,1,51.5333,21.6
523,493Hałupka2024,Acrocephalus_scirpaceus,2009,5,8,1,1,51.5333,21.6
524,493Hałupka2024,Acrocephalus_scirpaceus,2010,5,8,1,1,51.5333,21.6
525,493Hałupka2024,Acrocephalus_scirpaceus,2011,5,8,1,1,51.5333,21.6
526,506Rosenfield2024,Accipiter_cooperii,2011,,,0,0,,
527,506Rosenfield2024,Accipiter_cooperii,2012,,,0,0,,
528,506Rosenfield2024,Accipiter_cooperii,2013,,,0,0,,
529,506Rosenfield2024,Accipiter_cooperii,2014,,,0,0,,
530,506Rosenfield2024,Accipiter_cooperii,2015,,,0,0,,
531,506Rosenfield2024,Accipiter_cooperii,2012,,,0,0,,
532,506Rosenfield2024,Accipiter_cooperii,2013,,,0,0,,
533,506Rosenfield2024,Accipiter_cooperii,2014,,,0,0,,
534,506Rosenfield2024,Accipiter_cooperii,2015,,,0,0,,
535,518Diniz2019,Furnarius_rufus,2013,9,11,1,1,-47.86,-15.76
536,518Diniz2019,Furnarius_rufus,2014,9,11,1,1,-47.86,-15.76
537,518Diniz2019,Furnarius_rufus,2015,9,11,1,1,-47.86,-15.76
538,525Garrido2025,Cistothorus_platensis,2016,10,2,0,0,,
539,525Garrido2025,Cistothorus_platensis,2017,10,2,0,0,,
540,539Sánchez2018,Poospiza_torquata,2008,10,1,1,1,-64.25,-28.05
541,539Sánchez2018,Poospiza_torquata,2009,10,1,1,1,-64.25,-28.05
542,539Sánchez2018,Poospiza_torquata,2010,10,1,1,1,-64.25,-28.05
543,560Botero2020,Aphrastura_spinicauda,2012,9,12,1,1,-71.6667,-30.6333
544,560Botero2020,Aphrastura_spinicauda,2013,9,12,1,1,-71.6667,-30.6333
545,560Botero2020,Aphrastura_spinicauda,2014,9,12,1,1,-71.6667,-30.6333
546,560Botero2020,Aphrastura_spinicauda,2015,9,12,1,1,-71.6667,-30.6333
547,560Botero2020,Aphrastura_spinicauda,2016,9,12,1,1,-71.6667,-30.6333
548,560Botero2020,Aphrastura_spinicauda,2017,9,12,1,1,-71.6667,-30.6333
549,560Botero2020,Aphrastura_spinicauda,2010,10,1,1,1,-67.6667,-55.0667
550,560Botero2020,Aphrastura_spinicauda,2011,10,1,1,1,-67.6667,-55.0667
551,560Botero2020,Aphrastura_spinicauda,2012,10,1,1,1,-67.6667,-55.0667
552,560Botero2020,Aphrastura_spinicauda,2013,10,1,1,1,-67.6667,-55.0667
553,560Botero2020,Aphrastura_spinicauda,2014,10,1,1,1,-67.6667,-55.0667
554,560Botero2020,Aphrastura_spinicauda,2015,10,1,1,1,-67.6667,-55.0667
555,550Plaza2024,Ficedula_hypoleuca,2016,4,7,1,1,-3,40
556,550Plaza2024,Ficedula_hypoleuca,2017,4,7,1,1,-3,40
557,550Plaza2024,Ficedula_hypoleuca,2015,4,7,1,1,-3,40
558,550Plaza2024,Ficedula_hypoleuca,2016,4,7,1,1,-3,40
559,550Plaza2024,Ficedula_hypoleuca,2017,4,7,1,1,-3,40
560,559Krietsch2022,Phalaropus_fulicarius,2003,5,7,1,1,-156.65,71.3167
561,559Krietsch2022,Phalaropus_fulicarius,2004,5,7,1,1,-156.65,71.3167
562,559Krietsch2022,Phalaropus_fulicarius,2005,5,7,1,1,-156.65,71.3167
563,559Krietsch2022,Phalaropus_fulicarius,2006,5,7,1,1,-156.65,71.3167
564,559Krietsch2022,Phalaropus_fulicarius,2014,5,7,1,1,-156.65,71.3167
565,559Krietsch2022,Phalaropus_fulicarius,2017,5,7,1,1,-156.65,71.3167
566,559Krietsch2022,Phalaropus_fulicarius,2018,5,7,1,1,-156.65,71.3167
567,559Krietsch2022,Phalaropus_fulicarius,2019,5,7,1,1,-156.65,71.3167
568,542Sakao2019,Calonectris_leucomelas,2014,4,11,1,1,141.99,39.4
569,542Sakao2019,Calonectris_leucomelas,2015,4,11,1,1,141.99,39.4
570,542Sakao2019,Calonectris_leucomelas,2016,4,11,1,1,141.99,39.4
571,570Benitez2019,Sicalis_flaveola_pelzelni,2013,10,3,1,1,-58.0167,-35.5667
572,570Benitez2019,Sicalis_flaveola_pelzelni,2014,10,3,1,1,-58.0167,-35.5667
573,570Benitez2019,Sicalis_flaveola_pelzelni,2015,10,3,1,1,-58.0167,-35.5667
574,577Corregidor2022,Petronia_petronia,2001,,,0,0,-4.0167,40.9
575,577Corregidor2022,Petronia_petronia,2016,,,0,0,-4.0167,40.9
576,577Corregidor2022,Petronia_petronia,2017,,,0,0,-4.0167,40.9
577,577Corregidor2022,Petronia_petronia,2018,,,0,0,-4.0167,40.9
578,596Cepková2022,Alcedo_atthis,2016,3,9,1,1,17.3367,47.9919
579,596Cepková2022,Alcedo_atthis,2017,3,9,1,1,17.3367,47.9919
580,596Cepková2022,Alcedo_atthis,2018,3,9,1,1,17.3367,47.9919
581,594Arrieta2022,Cistothorus_platensis,2015,10,2,1,1,-69.3667,-32.6333
582,594Arrieta2022,Cistothorus_platensis,2016,10,2,1,1,-69.3667,-32.6333
583,594Arrieta2022,Cistothorus_platensis,2017,10,2,1,1,-69.3667,-32.6333
584,586Green2018,Aegithalos_caudatus,1995,4,5,1,1,-1.5667,52.3833
585,586Green2018,Aegithalos_caudatus,1996,4,5,1,1,-1.5667,52.3833
586,586Green2018,Aegithalos_caudatus,1997,4,5,1,1,-1.5667,52.3833
587,586Green2018,Aegithalos_caudatus,1998,4,5,1,1,-1.5667,52.3833
588,586Green2018,Aegithalos_caudatus,1999,4,5,1,1,-1.5667,52.3833
589,586Green2018,Aegithalos_caudatus,2000,4,5,1,1,-1.5667,52.3833
590,586Green2018,Aegithalos_caudatus,2001,4,5,1,1,-1.5667,52.3833
591,586Green2018,Aegithalos_caudatus,2002,4,5,1,1,-1.5667,52.3833
592,586Green2018,Aegithalos_caudatus,2003,4,5,1,1,-1.5667,52.3833
593,586Green2018,Aegithalos_caudatus,2004,4,5,1,1,-1.5667,52.3833
594,586Green2018,Aegithalos_caudatus,2005,4,5,1,1,-1.5667,52.3833
595,586Green2018,Aegithalos_caudatus,2006,4,5,1,1,-1.5667,52.3833
596,586Green2018,Aegithalos_caudatus,2007,4,5,1,1,-1.5667,52.3833
597,586Green2018,Aegithalos_caudatus,2008,4,5,1,1,-1.5667,52.3833
598,586Green2018,Aegithalos_caudatus,2009,4,5,1,1,-1.5667,52.3833
599,586Green2018,Aegithalos_caudatus,2010,4,5,1,1,-1.5667,52.3833
600,586Green2018,Aegithalos_caudatus,2011,4,5,1,1,-1.5667,52.3833
601,586Green2018,Aegithalos_caudatus,2012,4,5,1,1,-1.5667,52.3833
602,586Green2018,Aegithalos_caudatus,2013,4,5,1,1,-1.5667,52.3833
603,586Green2018,Aegithalos_caudatus,2014,4,5,1,1,-1.5667,52.3833
604,586Green2018,Aegithalos_caudatus,2015,4,5,1,1,-1.5667,52.3833
605,636Boersma2023,Malurus_lamberti,2014,8,1,1,1,152.6833,-27.2667
606,636Boersma2023,Malurus_lamberti,2015,9,2,1,1,152.6833,-27.2667
607,636Boersma2023,Malurus_lamberti,2016,10,3,1,1,152.6833,-27.2667
608,636Boersma2023,Malurus_lamberti,2017,11,4,1,1,152.6833,-27.2667
609,544Kleven2020,Poecile_cinctus,2013,6,6,1,1,-29.8333,69.4667
610,544Kleven2020,Poecile_cinctus,2014,6,6,1,1,-29.8333,69.4667
611,544Kleven2020,Poecile_cinctus,2015,6,6,1,1,-29.8333,69.4667
612,544Kleven2020,Poecile_cinctus,2016,6,6,1,1,-29.8333,69.4667
613,544Kleven2020,Poecile_cinctus,2017,6,6,1,1,-29.8333,69.4667
614,544Kleven2020,Poecile_cinctus,2018,6,6,1,1,-29.8333,69.4667
615,40.3667,96.2333,2014,,,0,0,96.2333,40.3667
616,548Bao2019,Lanius_isabellinus,2012,,,0,0,96.2333,40.3667
617,548Bao2019,Lanius_isabellinus,2013,,,0,0,96.2333,40.3667
618,548Bao2019,Lanius_isabellinus,2014,,,0,0,96.2333,40.3667
619,616Marasco2020,Spheniscus_magellanicus,2010,9,4,1,1,-65.8833,-47.75
620,616Marasco2020,Spheniscus_magellanicus,2011,9,4,1,1,-65.8833,-47.75
621,131Kudernatsch2010,Oenanthe_oenanthe,2005,4,9,1,1,8.17,49.5
622,131Kudernatsch2010,Oenanthe_oenanthe,2006,4,9,1,1,8.17,49.5
623,440Anker-Nilssen2008,Fratercula_arctica,2003,6,7,1,1,11.88,67.43
624,440Anker-Nilssen2008,Fratercula_arctica,2004,6,7,1,1,11.88,67.43
625,512Ding2021,Prinia_flaviventris,2013,5,7,1,1,107.0667,23.65
626,402McRae1996,Gallinula_chloropus,1991,3,7,1,1,-0.27,52.63
627,402McRae1996,Gallinula_chloropus,1992,3,7,1,1,-0.27,52.63
628,480Hsu2006,Otus_elegans,1999,1,4,1,1,121.08,22
629,480Hsu2006,Otus_elegans,2000,1,4,1,1,121.08,22
630,480Hsu2006,Otus_elegans,2001,1,4,1,1,121.08,22
631,480Hsu2006,Otus_elegans,2002,1,4,1,1,121.08,22
632,480Hsu2006,Otus_elegans,2003,1,4,1,1,121.08,22
633,480Hsu2006,Otus_elegans,2004,1,4,1,1,121.08,22
634,131Kudernatsch2010,Oenanthe_oenanthe,2005,4,9,1,1,8.17,49.5
635,131Kudernatsch2010,Oenanthe_oenanthe,2006,4,9,1,1,8.17,49.5
636,175Maguire2008,Stipiturus_malachurus,2000,8,3,1,1,141.6,-38.38
637,175Maguire2008,Stipiturus_malachurus,2001,8,3,1,1,141.6,-38.38
638,175Maguire2008,Stipiturus_malachurus,2002,8,3,1,1,141.6,-38.38
639,554Lifjeld2025,Periparus_ater,1989,4,7,1,1,10.6,59.9833
640,569Hauber2018,Morus_serrator,2005,11,12,1,1,177.0833,-39.6333
641,573LaBarbera2017,Troglodytes_aedon,2009,4,8,1,1,-76.4492,42.4686
642,641nomano2023,Lanius_bucephalus,2008,2,8,1,1,131.2333,25.8333
643,672Grinkov2022,Ficedula_hypoleuca,2005,4,6,1,1,84.9333,56.35
644,673Stermin2026,Rallus_aquaticus,2012,5,10,1,1,23.91,46.91
645,674Mino2017,Bubulcus_ibis,2011,10,12,1,1,-47.5833,-22.5
646,678Beck2020,Cyanistes_caeruleus,2018,3,6,1,1,10.8833,48.1333
647,587Badás2020,Cyanistes_caeruleus,2013,4,6,1,1,-4.0167,40.9
648,497Harnandez2021,Tachycineta_bicolor,2017,3,8,1,1,-80.5667,37.1833
